vehicle_id,timestamp,battery_voltage,battery_current,battery_power_kw,soc,battery_temp,ambient_temp,charge_cycles,fast_charge_count,total_distance_km,trip_distance_km,avg_speed_kmh,max_speed_kmh,acceleration_ms2,regenerative_energy_kwh,energy_consumption_kwh_100km,motor_temp,inverter_temp,charger_type,charging_duration_min,cell_voltage_std,internal_resistance,battery_age_days,humidity,soh,remaining_range_km,rul_cycles,battery_failure_risk
EV000129,2026-01-01 08:10:00,375.76,98.01,36.83,25.99,15.0,-4.12,1662,718,124454.3,158.5,86.0,138.5,1.61,2.74,19.1,28.77,20.95,AC,132,0.0098,0.00657,1774,60.4,70.83,101.3,646,High
EV000180,2026-01-01 08:15:00,376.35,-154.64,-58.2,71.34,15.0,3.55,501,47,94784.0,183.0,25.8,43.8,3.63,1.56,24.41,23.48,23.19,DC,32,0.00441,0.00441,1756,39.1,91.44,278.0,1719,Low
EV000026,2026-01-01 08:20:00,358.49,134.46,48.2,8.45,45.91,38.27,351,3,35691.2,99.3,64.8,77.8,1.83,1.2,24.13,56.57,58.38,AC,29,0.00618,0.00375,1058,26.5,92.77,40.0,1836,Low
EV000263,2026-01-01 08:25:00,345.36,85.89,29.66,34.73,15.0,5.37,755,94,254685.0,104.7,104.0,130.0,0.2,1.59,17.9,20.2,27.52,DC,23,0.00517,0.00431,3343,21.5,85.02,124.4,1311,Medium
EV000136,2026-01-01 08:30:00,329.74,-110.92,-36.57,29.02,22.74,12.85,126,6,16563.9,30.3,94.8,133.0,1.64,2.78,21.12,30.06,33.62,DC,69,0.0033,0.00282,221,92.6,97.73,159.4,2105,Low
EV000187,2026-01-01 08:35:00,364.62,160.51,58.53,44.01,15.0,-4.64,1127,307,103252.2,128.5,40.6,91.0,4.08,0.48,20.35,34.95,23.73,AC,128,0.00743,0.006,1860,43.6,81.82,215.1,1250,Medium
EV000234,2026-01-01 08:40:00,387.32,158.79,61.5,20.37,52.06,39.99,609,360,12877.9,57.1,48.5,84.9,4.49,2.72,18.8,67.16,64.69,DC,129,0.0078,0.00479,201,45.2,88.13,79.9,1589,Medium
EV000294,2026-01-01 08:45:00,395.52,-163.19,-64.55,98.08,33.56,29.35,344,201,89829.0,145.0,41.2,55.7,0.99,0.68,13.71,51.93,39.94,DC,28,0.00379,0.0037,1257,67.7,92.06,440.5,1780,Low
EV000018,2026-01-01 08:50:00,344.04,-27.75,-9.55,89.9,17.77,1.13,1284,713,123440.5,190.4,52.4,93.1,3.75,7.79,16.47,34.87,23.79,AC,55,0.00988,0.00593,3052,50.5,72.22,248.3,682,High
EV000109,2026-01-01 08:55:00,332.69,-82.04,-27.3,27.71,15.0,-0.02,1554,295,66244.3,93.6,61.1,117.2,2.49,5.71,15.25,31.76,23.04,DC,133,0.01107,0.006,1153,84.5,76.98,125.3,888,High
EV000176,2026-01-01 09:00:00,377.44,27.37,10.33,75.64,42.42,29.1,861,231,75712.9,191.4,86.5,121.3,1.28,6.55,20.74,55.93,51.75,DC,61,0.0077,0.00527,963,41.9,84.91,311.2,1321,Medium
EV000142,2026-01-01 09:05:00,327.6,187.87,61.54,30.37,44.69,40.59,1084,194,8642.7,179.8,65.5,82.8,2.31,5.46,24.82,56.8,50.63,DC,82,0.00706,0.00464,265,73.1,83.08,125.1,1207,Medium
EV000218,2026-01-01 09:10:00,375.65,144.58,54.31,84.92,27.89,22.5,223,112,150633.1,27.0,110.2,137.0,1.74,5.81,16.34,36.78,41.95,DC,175,0.00594,0.00368,2138,86.4,93.44,336.2,1762,Low
EV000007,2026-01-01 09:15:00,399.72,-46.62,-18.63,84.07,15.0,-7.01,235,91,40570.8,101.0,23.5,60.7,3.54,5.32,19.39,33.87,18.39,AC,59,0.00621,0.00296,820,49.5,95.88,431.8,2017,Low
EV000231,2026-01-01 09:20:00,376.76,-178.44,-67.23,55.13,34.88,17.51,502,190,14788.8,232.2,90.8,147.0,2.02,1.08,23.13,45.93,42.09,AC,163,0.00795,0.00466,698,71.9,90.29,295.3,1744,Low
EV000286,2026-01-01 09:25:00,371.28,-126.76,-47.06,91.84,15.31,-2.59,1798,489,68947.2,219.8,16.6,76.2,4.47,2.71,14.55,27.12,30.03,DC,158,0.01125,0.00677,909,91.9,72.85,293.3,655,High
EV000053,2026-01-01 09:30:00,368.03,-199.38,-73.38,61.26,18.01,5.68,109,39,60080.3,59.9,108.4,165.0,0.62,5.24,18.85,33.57,24.1,DC,78,0.00548,0.00374,2700,60.3,93.12,255.9,1804,Low
EV000215,2026-01-01 09:35:00,366.33,105.75,38.74,7.69,35.5,30.67,614,267,122432.0,57.1,24.4,52.5,2.5,7.55,14.14,51.14,47.23,DC,132,0.00821,0.00497,3495,81.9,85.39,40.0,1360,Medium
EV000188,2026-01-01 09:40:00,357.69,-178.14,-63.72,75.0,40.34,35.95,25,2,99601.9,76.6,90.1,138.5,1.53,4.0,21.24,57.22,54.58,AC,79,0.00462,0.00275,1325,87.5,97.33,381.0,1987,Low
EV000068,2026-01-01 09:45:00,399.63,163.15,65.2,28.15,34.1,16.34,829,444,113087.2,84.0,107.6,117.6,1.66,6.79,16.04,49.38,48.48,AC,100,0.00587,0.00537,2399,53.6,81.16,111.3,1084,Medium
EV000255,2026-01-01 09:50:00,327.64,56.26,18.43,61.62,15.0,4.25,495,190,83436.9,13.6,113.5,132.6,3.74,2.46,22.56,34.4,25.14,DC,19,0.00688,0.00458,1916,48.8,90.16,332.4,1679,Low
EV000251,2026-01-01 09:55:00,324.15,78.56,25.47,76.01,15.0,2.33,1394,734,80610.2,10.2,24.2,46.2,3.33,2.76,14.93,27.1,29.36,DC,172,0.00877,0.00699,2817,88.0,70.85,241.3,640,High
EV000126,2026-01-01 10:00:00,392.16,215.42,84.48,5.31,42.67,26.41,144,85,69220.1,77.6,102.0,119.3,4.24,0.97,20.83,47.7,47.5,AC,111,0.00283,0.0025,3415,50.2,90.63,40.0,1642,Low
EV000062,2026-01-01 10:05:00,391.66,-101.34,-39.69,38.8,38.13,30.09,101,33,41474.9,202.9,34.8,62.6,2.99,7.82,20.88,46.75,43.68,DC,162,0.00355,0.00269,1433,40.1,94.72,216.2,1947,Low
EV000009,2026-01-01 10:10:00,357.49,-56.68,-20.26,46.83,17.14,11.16,1536,902,58006.6,162.9,17.3,62.4,1.25,0.77,19.5,33.46,21.73,DC,21,0.00897,0.00697,1595,64.3,70.25,165.4,524,High
EV000268,2026-01-01 10:15:00,353.52,-155.0,-54.8,89.62,27.83,17.31,979,244,68139.4,228.9,61.6,105.0,2.38,5.68,24.54,34.07,37.13,AC,170,0.00805,0.00444,974,54.3,83.21,269.8,1296,Medium
EV000066,2026-01-01 10:20:00,342.17,162.16,55.49,24.24,15.0,-8.12,209,58,112271.3,18.9,43.2,66.8,2.21,3.06,14.03,27.15,20.89,AC,40,0.00575,0.00288,2521,70.5,92.69,120.5,1751,Low
EV000081,2026-01-01 10:25:00,402.66,158.51,63.82,59.92,18.73,3.43,1056,492,2461.7,96.2,104.5,142.8,2.07,6.6,22.84,31.79,28.16,DC,150,0.00623,0.00611,34,72.2,82.12,200.3,1227,Medium
EV000025,2026-01-01 10:30:00,360.23,74.47,26.83,20.62,15.0,2.42,1173,311,33184.0,243.1,30.9,59.6,1.59,6.09,21.33,21.27,18.8,AC,113,0.01027,0.00487,1408,26.4,79.82,69.1,1113,High
EV000084,2026-01-01 10:35:00,326.1,-214.42,-69.92,56.79,15.0,6.79,1294,500,77980.2,70.7,62.9,101.2,2.88,3.38,24.68,20.01,21.0,AC,134,0.00839,0.00604,1526,30.8,77.66,249.1,1021,High
EV000188,2026-01-01 10:40:00,378.05,-127.67,-48.26,16.98,15.0,-9.03,532,166,17979.3,90.7,116.8,176.0,3.88,5.28,24.95,26.42,21.63,AC,148,0.00772,0.00356,822,93.9,89.72,80.0,1607,Medium
EV000259,2026-01-01 10:45:00,365.49,117.67,43.01,87.42,17.92,12.04,1259,381,237450.7,188.3,71.6,114.3,1.39,2.42,17.59,34.72,24.4,DC,29,0.00809,0.00609,3435,89.3,75.28,249.1,862,High
EV000181,2026-01-01 10:50:00,374.54,102.83,38.52,5.48,35.66,26.5,208,85,64714.2,68.4,55.4,103.3,2.25,1.61,14.39,42.4,50.44,DC,62,0.00635,0.00292,1901,67.3,93.8,40.0,1840,Low
EV000162,2026-01-01 10:55:00,343.76,-22.03,-7.57,19.09,40.55,25.87,1386,4,189677.8,162.7,56.1,80.0,1.13,8.0,17.06,58.23,45.47,DC,19,0.00945,0.00498,2398,67.6,80.09,80.8,1117,Medium
EV000109,2026-01-01 11:00:00,331.53,-81.23,-26.93,35.33,22.35,14.14,1035,516,83351.2,199.8,113.3,153.5,2.91,1.75,24.15,36.12,26.23,DC,124,0.00719,0.00543,1163,59.3,79.85,103.1,1033,High
EV000073,2026-01-01 11:05:00,385.6,57.22,22.07,7.03,15.0,-5.44,1180,68,151942.9,76.1,17.6,63.2,3.21,1.16,12.03,32.53,19.51,AC,98,0.00732,0.00524,2657,90.1,81.2,40.0,1245,Medium
EV000204,2026-01-01 11:10:00,329.6,195.49,64.43,51.89,39.57,33.67,832,453,34189.1,69.7,45.8,59.3,1.83,4.7,22.19,59.57,45.99,AC,72,0.00726,0.00454,1314,51.3,83.57,154.3,1257,Medium
EV000027,2026-01-01 11:15:00,402.97,106.58,42.95,39.08,31.94,26.57,421,205,9869.6,20.1,59.6,71.3,2.4,7.92,16.1,37.76,35.38,DC,147,0.00523,0.00349,147,46.9,92.73,217.1,1797,Low
EV000118,2026-01-01 11:20:00,336.14,92.91,31.23,66.92,28.07,23.57,1066,96,71469.2,58.4,73.0,90.2,1.43,6.37,21.11,36.35,33.22,AC,128,0.00838,0.00487,1456,94.0,85.19,232.8,1374,Medium
EV000016,2026-01-01 11:25:00,395.94,15.37,6.09,31.56,15.0,-8.39,679,224,138949.0,120.2,27.9,60.3,3.4,2.03,16.38,24.08,19.57,AC,28,0.00827,0.00468,2828,62.3,85.94,138.7,1361,Medium
EV000286,2026-01-01 11:30:00,335.67,-67.09,-22.52,23.56,53.5,36.68,1033,344,142127.1,138.7,82.3,140.2,2.85,4.57,12.3,60.87,62.07,AC,25,0.0075,0.00577,2648,66.8,79.22,98.0,1075,High
EV000175,2026-01-01 11:35:00,374.05,116.94,43.74,64.33,36.2,30.94,521,21,38781.2,122.0,24.9,67.2,4.34,5.39,12.43,53.7,50.41,DC,23,0.00798,0.00397,740,91.7,91.32,250.3,1673,Low
EV000186,2026-01-01 11:40:00,346.83,-172.05,-59.67,49.56,39.23,32.61,1227,72,12963.5,240.3,32.3,67.5,1.44,4.4,23.99,58.36,44.58,AC,127,0.00758,0.00549,431,84.4,83.74,183.8,1230,Medium
EV000127,2026-01-01 11:45:00,347.08,-11.5,-3.99,35.86,15.0,-5.79,420,4,45789.3,111.5,71.0,94.9,0.22,0.13,19.48,26.86,19.3,AC,63,0.00506,0.00431,882,41.2,93.3,175.5,1883,Low
EV000067,2026-01-01 11:50:00,387.79,-91.35,-35.42,47.74,33.33,28.32,690,207,66997.1,11.0,16.8,35.4,3.71,7.6,23.93,40.1,47.2,AC,103,0.00813,0.00404,972,27.5,87.87,171.4,1611,Medium
EV000139,2026-01-01 11:55:00,321.03,-128.75,-41.33,51.78,19.6,12.54,640,130,100921.5,63.2,45.3,84.4,1.27,5.75,21.85,26.59,33.46,AC,127,0.00485,0.00401,1810,71.6,87.41,236.4,1485,Medium
EV000018,2026-01-01 12:00:00,322.24,102.77,33.12,96.41,24.12,10.34,433,27,121074.4,49.2,49.4,73.1,1.1,4.49,13.05,41.58,27.64,AC,161,0.00538,0.00402,2226,93.5,91.99,493.9,1752,Low
EV000286,2026-01-01 12:05:00,384.27,172.6,66.33,13.15,32.87,16.19,1509,623,264225.0,188.7,78.1,135.9,4.05,1.17,16.53,52.42,45.84,AC,106,0.0107,0.00632,3589,50.2,70.14,51.3,540,High
EV000297,2026-01-01 12:10:00,336.86,-133.71,-45.04,94.73,16.96,6.76,80,44,107489.7,15.9,96.8,125.3,0.91,6.33,16.11,30.54,29.74,DC,53,0.0055,0.00325,3446,23.9,92.31,503.7,1704,Low
EV000020,2026-01-01 12:15:00,360.85,-34.26,-12.36,48.7,15.0,-0.96,1678,676,7897.8,240.3,62.4,112.0,1.0,6.87,17.01,23.99,27.43,DC,34,0.01237,0.00696,113,68.4,73.55,167.3,824,High
EV000112,2026-01-01 12:20:00,379.09,-203.62,-77.19,77.0,15.0,3.47,278,114,45740.0,242.4,22.9,60.0,1.56,7.73,13.41,27.08,23.18,DC,168,0.00471,0.00323,773,68.9,94.27,385.4,1853,Low
EV000221,2026-01-01 12:25:00,363.56,-164.76,-59.9,7.28,15.0,-0.49,1782,551,162875.5,74.7,71.2,124.9,2.45,4.95,23.6,29.26,26.7,AC,41,0.00961,0.00768,3542,42.9,68.77,40.0,547,High
EV000158,2026-01-01 12:30:00,355.56,109.4,38.9,88.12,15.0,-1.7,258,2,20706.6,100.4,69.3,120.5,0.42,2.9,21.08,32.53,26.07,AC,53,0.00401,0.00337,595,61.6,97.02,500.2,2053,Low
EV000140,2026-01-01 12:35:00,332.99,-142.81,-47.55,73.21,45.02,33.58,503,247,75813.0,120.1,100.2,159.2,1.12,4.8,13.93,63.01,57.34,DC,106,0.00597,0.0041,3435,41.9,84.38,363.2,1340,Medium
EV000267,2026-01-01 12:40:00,371.06,-205.32,-76.19,96.31,15.0,2.3,1377,368,123476.2,10.6,100.1,146.1,1.6,3.1,17.43,22.93,27.33,DC,164,0.00915,0.00619,2421,76.0,76.01,337.7,899,High
EV000101,2026-01-01 12:45:00,334.32,22.1,7.39,7.15,53.66,40.31,362,25,117842.2,134.7,70.8,86.0,2.79,1.54,20.84,59.47,61.67,DC,67,0.0065,0.00343,2285,89.6,89.0,40.0,1656,Medium
EV000093,2026-01-01 12:50:00,400.91,183.71,73.65,8.61,37.45,21.34,361,204,36745.9,19.8,110.0,162.3,3.69,0.49,19.01,54.92,46.86,AC,37,0.00498,0.00324,505,58.8,92.7,43.6,1756,Low
EV000181,2026-01-01 12:55:00,373.02,-152.44,-56.86,84.9,16.35,6.93,1507,189,50538.2,232.7,28.9,78.6,3.63,1.79,18.82,35.42,24.24,AC,148,0.01117,0.00665,1015,86.2,77.65,268.9,991,High
EV000015,2026-01-01 13:00:00,363.37,-88.16,-32.04,45.1,40.74,30.06,968,553,144639.0,85.5,112.0,143.2,2.48,4.5,14.76,54.12,46.09,DC,16,0.00896,0.00477,1809,33.1,78.63,163.6,956,High
EV000079,2026-01-01 13:05:00,371.21,-82.99,-30.81,81.86,25.21,13.19,1054,394,86003.3,27.0,67.9,113.9,2.49,2.42,21.67,34.24,33.59,AC,88,0.01015,0.00462,2295,65.0,81.07,263.6,1235,Medium
EV000226,2026-01-01 13:10:00,339.21,158.42,53.74,67.53,29.23,19.87,1242,705,152597.7,169.0,85.0,129.0,2.82,3.15,22.2,46.53,35.63,DC,52,0.00746,0.00669,3578,84.7,73.81,183.1,781,High
EV000266,2026-01-01 13:15:00,357.62,-106.44,-38.07,7.73,15.0,-9.61,1118,403,106932.6,22.5,109.1,153.8,0.22,6.49,13.95,34.23,18.26,DC,145,0.00845,0.00485,1662,76.6,79.94,40.0,1054,High
EV000052,2026-01-01 13:20:00,361.83,54.81,19.83,90.85,37.88,22.44,692,56,48647.1,128.7,54.5,85.7,1.39,1.47,14.98,56.62,45.12,AC,19,0.00513,0.00383,1508,51.8,87.76,451.5,1582,Medium
EV000244,2026-01-01 13:25:00,324.63,15.2,4.94,44.76,37.0,24.94,1024,504,90195.4,27.3,109.2,121.8,3.95,6.89,15.28,43.17,51.07,DC,18,0.0079,0.00475,2413,71.7,78.58,193.7,1090,High
EV000128,2026-01-01 13:30:00,399.72,-213.91,-85.5,65.78,16.35,2.84,1606,541,66303.8,81.3,47.0,86.0,1.73,3.05,24.4,29.04,29.14,AC,46,0.01179,0.00647,1236,65.3,74.22,249.1,708,High
EV000187,2026-01-01 13:35:00,380.67,123.09,46.85,41.06,30.81,20.19,1610,110,198585.6,133.3,17.1,74.6,3.12,7.02,15.09,46.6,35.52,DC,177,0.01183,0.00641,3190,47.4,73.56,115.9,704,High
EV000231,2026-01-01 13:40:00,350.52,180.54,63.28,23.95,53.46,38.86,612,315,9816.5,209.2,114.8,136.2,0.81,0.15,22.07,59.36,59.57,DC,22,0.00471,0.00503,335,31.8,86.57,81.0,1526,Medium
EV000074,2026-01-01 13:45:00,328.87,218.75,71.94,81.38,43.16,28.24,1634,179,64482.8,224.3,38.5,77.8,2.53,1.89,20.13,61.85,49.58,DC,93,0.00872,0.00572,2601,83.4,74.48,311.6,773,High
EV000299,2026-01-01 13:50:00,351.54,-3.79,-1.33,65.32,38.92,33.79,112,51,48321.1,163.7,47.1,98.0,4.17,1.0,17.3,44.27,47.37,DC,54,0.00316,0.00273,2009,60.3,93.84,273.4,1851,Low
EV000217,2026-01-01 13:55:00,345.89,-206.07,-71.28,86.0,20.14,8.39,533,22,120135.4,218.7,84.5,140.6,1.18,0.64,16.93,28.59,33.58,DC,79,0.0066,0.00427,2227,70.2,90.64,383.2,1719,Low
EV000228,2026-01-01 14:00:00,351.34,125.73,44.17,16.15,28.57,12.14,1169,240,45620.7,223.3,64.4,85.9,3.46,6.86,19.43,39.11,41.64,DC,22,0.0076,0.00524,1819,43.7,79.92,62.3,1155,High
EV000180,2026-01-01 14:05:00,408.69,-199.73,-81.63,69.41,15.0,-2.93,368,27,141862.8,162.6,22.3,53.8,2.38,5.82,12.8,27.7,19.31,AC,117,0.00385,0.00365,3560,46.2,91.06,259.6,1707,Low
EV000280,2026-01-01 14:10:00,345.93,128.53,44.46,71.42,15.0,2.31,1156,286,162018.7,163.3,90.3,119.7,1.11,5.24,16.09,27.31,26.38,DC,151,0.00857,0.00536,3531,72.8,78.14,285.2,1025,High
EV000175,2026-01-01 14:15:00,359.29,134.98,48.5,42.15,21.67,7.45,310,164,130254.4,49.2,109.2,151.4,1.83,6.23,21.72,32.06,26.8,AC,147,0.00345,0.00311,2613,63.8,91.23,142.7,1700,Low
EV000036,2026-01-01 14:20:00,362.22,-153.08,-55.45,65.93,20.69,15.94,79,9,96287.5,84.8,28.0,59.3,0.32,6.26,13.62,29.1,34.92,AC,104,0.00258,0.00269,3369,56.1,94.78,242.5,1948,Low
EV000183,2026-01-01 14:25:00,391.19,-170.63,-66.75,23.0,40.8,35.05,8,1,98216.5,43.6,15.3,51.2,1.06,4.12,17.86,48.31,49.56,DC,172,0.00438,0.0035,3170,91.4,94.59,105.9,1917,Low
EV000205,2026-01-01 14:30:00,383.92,15.8,6.07,84.46,40.25,22.37,454,189,120067.9,166.3,97.4,137.6,3.28,6.47,22.89,47.57,51.1,AC,157,0.00734,0.00344,2765,82.2,86.97,299.6,1424,Medium
EV000142,2026-01-01 14:35:00,322.81,-163.83,-52.89,85.96,37.11,29.77,1265,214,29969.6,15.3,78.6,97.7,0.69,5.6,21.05,52.45,47.89,AC,35,0.01003,0.00608,1209,87.0,81.32,363.8,1170,Medium
EV000272,2026-01-01 14:40:00,401.62,-144.36,-57.98,76.83,15.0,-0.97,1458,675,90930.9,203.9,73.7,88.8,1.5,6.87,13.9,27.12,20.88,AC,63,0.01006,0.00592,2600,40.5,70.74,227.5,571,High
EV000005,2026-01-01 14:45:00,321.75,108.75,34.99,94.5,35.85,22.87,610,158,8816.8,122.3,86.1,142.2,3.08,1.01,15.74,41.23,45.57,DC,157,0.00792,0.00375,248,69.4,89.45,304.2,1607,Medium
EV000227,2026-01-01 14:50:00,366.14,37.93,13.89,57.78,24.39,15.92,200,58,71807.7,20.7,49.4,102.7,0.3,2.41,12.62,35.81,28.44,DC,115,0.00436,0.00269,1040,85.4,94.84,259.6,1981,Low
EV000016,2026-01-01 14:55:00,388.73,-172.04,-66.88,96.2,20.87,11.32,12,2,167768.1,204.0,93.2,117.2,3.29,7.68,22.54,32.21,28.75,DC,131,0.00387,0.00318,3396,82.0,95.29,453.6,1960,Low
EV000103,2026-01-01 15:00:00,357.4,-216.54,-77.39,45.9,15.08,11.69,1460,372,28733.8,58.6,80.5,110.6,3.01,5.05,14.93,26.24,21.01,AC,15,0.01134,0.00599,1306,46.9,77.86,127.5,1016,High
EV000153,2026-01-01 15:05:00,349.79,55.05,19.25,55.86,15.0,3.31,1605,483,112225.9,156.8,98.3,125.7,4.05,5.41,22.46,33.93,27.49,AC,37,0.0093,0.00673,2292,51.1,72.61,149.6,719,High
EV000223,2026-01-01 15:10:00,324.46,177.21,57.5,36.05,18.0,8.05,485,290,115669.5,176.9,90.6,141.7,0.26,1.34,15.54,27.21,24.88,DC,36,0.00521,0.00346,1967,25.3,88.51,112.6,1504,Medium
EV000101,2026-01-01 15:15:00,363.93,120.44,43.83,83.16,28.64,16.1,266,136,204225.9,67.3,65.2,88.4,3.66,5.38,24.42,40.48,37.84,AC,69,0.00653,0.003,2795,69.9,90.6,375.3,1717,Low
EV000214,2026-01-01 15:20:00,360.55,-176.66,-63.69,14.38,15.0,1.5,933,222,99362.4,133.6,100.5,128.3,1.57,4.34,21.68,22.01,22.76,DC,70,0.00704,0.00512,3218,57.3,81.56,41.5,1161,Medium
EV000123,2026-01-01 15:25:00,388.4,-4.09,-1.59,92.25,15.09,8.51,1536,89,168273.9,82.1,74.9,86.2,3.43,5.22,20.63,31.5,21.25,DC,33,0.01074,0.00668,3313,90.5,75.59,393.7,922,High
EV000103,2026-01-01 15:30:00,367.99,28.0,10.3,72.08,20.5,3.15,733,147,156420.4,121.3,105.2,142.6,3.67,4.52,23.62,26.69,29.48,AC,28,0.00516,0.00375,3616,49.6,84.12,216.6,1280,Medium
EV000229,2026-01-01 15:35:00,343.65,85.04,29.22,80.17,27.43,15.86,295,112,250760.5,10.4,38.3,63.5,3.4,2.16,20.65,46.41,41.42,AC,77,0.00388,0.00293,3147,48.6,91.09,403.8,1692,Low
EV000128,2026-01-01 15:40:00,355.69,-150.58,-53.56,64.37,15.29,10.29,1604,405,84100.7,163.1,99.9,158.4,3.25,1.76,20.69,21.17,28.28,DC,105,0.00972,0.00632,1734,26.1,74.02,192.7,782,High
EV000132,2026-01-01 15:45:00,327.48,-148.03,-48.48,92.57,42.0,29.92,650,308,93666.5,47.6,112.8,151.5,3.07,2.29,18.74,49.21,55.27,DC,156,0.00619,0.00414,3531,53.3,82.54,397.0,1194,Medium
EV000121,2026-01-01 15:50:00,397.96,-156.4,-62.24,12.75,15.0,-3.27,83,47,202111.6,185.0,65.8,103.2,0.91,2.2,15.31,26.41,29.87,AC,58,0.00506,0.00352,2863,82.7,94.18,65.0,1917,Low
EV000181,2026-01-01 15:55:00,403.62,-35.56,-14.35,91.67,15.0,-8.15,1600,354,92553.2,233.1,68.9,83.3,3.49,0.61,24.37,29.67,18.15,DC,139,0.01217,0.00606,2225,23.6,72.75,290.0,751,High
EV000205,2026-01-01 16:00:00,326.47,-169.42,-55.31,67.89,15.27,3.37,404,27,215934.1,191.0,52.9,109.6,0.3,3.0,14.93,32.03,23.41,DC,83,0.00714,0.00307,2805,24.2,91.42,292.1,1797,Low
EV000177,2026-01-01 16:05:00,352.19,-62.65,-22.06,39.26,18.36,5.41,1209,296,44135.9,83.9,47.2,101.3,1.9,7.58,13.06,36.18,29.28,AC,142,0.00891,0.0055,1867,66.8,80.8,138.3,1065,Medium
EV000011,2026-01-01 16:10:00,351.1,13.38,4.7,17.05,18.05,13.66,933,339,241653.6,134.6,50.5,64.5,1.67,7.4,21.82,36.35,22.71,DC,52,0.00597,0.00504,3637,68.0,80.34,61.2,1169,Medium
EV000120,2026-01-01 16:15:00,407.84,121.87,49.71,40.67,29.06,14.73,1457,610,14080.3,192.9,58.3,94.0,3.9,1.44,13.17,47.96,38.59,AC,131,0.00822,0.00597,452,47.3,76.14,159.3,954,High
EV000010,2026-01-01 16:20:00,342.95,-92.83,-31.83,89.15,30.73,13.79,843,344,41052.0,50.3,86.8,136.1,3.19,6.05,24.29,49.8,45.02,AC,131,0.00596,0.00491,1155,56.5,84.26,317.0,1270,Medium
EV000146,2026-01-01 16:25:00,370.99,-93.84,-34.81,79.38,30.84,19.61,981,504,37247.2,134.8,72.9,101.5,4.17,4.83,12.08,47.79,41.5,AC,92,0.00789,0.00478,1422,49.1,80.12,326.2,1048,Medium
EV000199,2026-01-01 16:30:00,366.54,166.5,61.03,10.63,15.0,7.32,1620,912,118898.6,185.6,39.9,75.9,0.62,6.61,15.99,23.56,27.7,AC,155,0.01061,0.00657,1587,54.9,69.0,40.0,423,High
EV000251,2026-01-01 16:35:00,409.96,-161.41,-66.17,78.92,32.83,21.55,99,12,49496.4,15.4,22.3,70.8,0.82,5.18,15.58,47.15,38.59,DC,157,0.00317,0.0034,1463,30.6,96.15,385.0,2034,Low
EV000289,2026-01-01 16:40:00,320.66,-74.76,-23.97,69.8,19.2,1.55,710,118,139230.5,144.7,31.7,50.8,4.44,3.56,23.45,24.41,26.36,DC,117,0.00611,0.004,2829,86.2,85.08,251.7,1367,Medium
EV000171,2026-01-01 16:45:00,380.02,196.02,74.49,20.13,33.93,18.47,382,228,10492.1,170.6,70.8,91.5,3.1,0.23,23.5,46.17,41.37,DC,68,0.00744,0.00398,321,82.4,93.4,85.0,1768,Low
EV000184,2026-01-01 16:50:00,368.92,-114.98,-42.42,79.83,24.1,18.73,1277,55,72027.3,112.3,27.9,65.0,0.35,0.85,14.34,29.94,31.5,AC,31,0.00789,0.00463,2587,79.9,80.38,316.9,1191,Medium
EV000113,2026-01-01 16:55:00,403.28,117.4,47.34,50.38,15.0,-8.74,1341,459,56545.4,238.7,27.8,46.4,2.55,2.06,13.11,27.26,26.98,DC,40,0.01131,0.00625,1834,56.3,77.71,141.8,911,High
EV000019,2026-01-01 17:00:00,354.84,-143.85,-51.04,51.91,44.85,39.29,1699,210,189117.0,13.6,53.7,100.4,2.37,6.58,19.61,58.02,48.23,DC,159,0.01036,0.00666,3403,39.6,72.33,208.4,683,High
EV000252,2026-01-01 17:05:00,359.2,-37.25,-13.38,92.6,25.3,13.64,475,188,143492.6,148.3,71.4,113.9,2.58,1.42,19.23,34.94,32.72,AC,102,0.00393,0.00331,2893,45.7,87.59,481.2,1566,Medium
EV000092,2026-01-01 17:10:00,396.52,161.54,64.05,35.74,15.5,8.17,1211,386,43729.9,88.0,38.3,86.6,2.76,7.72,18.25,30.95,26.39,AC,48,0.01043,0.00634,1291,47.1,78.93,149.7,1046,High
EV000253,2026-01-01 17:15:00,402.07,-48.5,-19.5,84.82,18.79,9.01,1578,361,51681.8,213.4,66.7,105.9,0.82,1.8,15.16,30.52,25.92,DC,135,0.01191,0.00621,1882,75.8,75.22,287.0,797,High
EV000143,2026-01-01 17:20:00,377.16,-200.94,-75.78,21.18,57.93,40.61,55,5,120248.5,120.1,38.5,67.5,3.63,2.16,19.69,66.9,66.68,DC,43,0.00533,0.00234,3083,50.6,92.47,87.1,1709,Low
EV000080,2026-01-01 17:25:00,351.14,-117.2,-41.15,53.58,37.21,30.96,602,272,90822.7,47.2,105.1,133.6,3.6,5.3,14.47,53.0,48.49,AC,58,0.00726,0.00372,1643,23.4,86.91,194.4,1452,Medium
EV000069,2026-01-01 17:30:00,363.81,-106.07,-38.59,49.9,17.04,2.98,1667,317,52282.9,196.5,34.7,53.0,3.19,0.01,13.85,23.1,21.16,AC,96,0.01256,0.00658,1007,40.5,75.54,192.6,889,High
EV000266,2026-01-01 17:35:00,349.67,162.45,56.8,22.67,30.48,15.63,344,33,50213.8,219.6,85.5,119.4,1.29,3.63,13.84,42.19,43.51,AC,84,0.00588,0.00411,664,63.6,93.5,76.8,1789,Low
EV000094,2026-01-01 17:40:00,364.31,-138.55,-50.48,76.73,55.36,38.68,694,158,50998.8,226.4,116.5,159.5,2.22,2.86,16.03,66.73,68.57,AC,43,0.0063,0.00456,1067,47.6,87.57,356.6,1527,Medium
EV000225,2026-01-01 17:45:00,348.38,-7.91,-2.76,81.9,25.97,7.99,1241,457,18466.0,29.3,42.3,94.0,0.87,2.63,18.34,45.16,30.75,AC,28,0.00975,0.00581,335,80.2,80.77,363.5,1091,Medium
EV000083,2026-01-01 17:50:00,401.5,-190.51,-76.49,90.11,15.0,-2.56,1541,482,130676.9,172.1,104.8,118.6,4.02,6.77,19.16,23.51,25.17,DC,161,0.0091,0.00603,2656,66.6,72.33,389.9,720,High
EV000061,2026-01-01 17:55:00,380.57,152.14,57.9,38.91,15.0,-8.18,426,201,55504.1,210.4,40.1,71.8,0.66,6.15,18.85,33.95,18.03,DC,42,0.00569,0.00373,873,93.0,90.83,163.8,1767,Low
EV000210,2026-01-01 18:00:00,320.18,207.96,66.59,11.15,26.74,11.92,958,455,95377.7,159.6,39.5,95.6,3.84,6.57,19.4,35.22,36.65,AC,125,0.00712,0.00544,3449,72.3,79.47,40.0,1001,High
EV000151,2026-01-01 18:05:00,334.11,100.47,33.57,45.61,21.84,5.95,576,79,53943.8,65.2,106.9,131.4,4.31,7.39,14.76,28.32,26.89,AC,122,0.00814,0.00474,1656,63.7,89.33,165.6,1588,Medium
EV000294,2026-01-01 18:10:00,330.92,144.21,47.72,92.15,15.0,-3.32,839,103,33940.5,131.8,96.0,117.9,3.39,7.74,18.54,25.83,20.57,AC,139,0.00737,0.00413,971,35.5,86.7,313.8,1406,Medium
EV000029,2026-01-01 18:15:00,365.98,99.0,36.23,73.43,52.07,39.32,300,81,152233.5,45.7,103.5,124.7,3.39,6.02,22.19,62.57,57.24,DC,64,0.00558,0.00403,3111,61.8,88.6,236.6,1523,Medium
EV000096,2026-01-01 18:20:00,327.39,11.56,3.78,62.86,15.0,-7.24,943,150,12777.7,121.9,18.4,53.2,1.49,5.13,12.02,31.82,19.82,DC,176,0.00948,0.00423,474,92.4,86.44,234.1,1502,Medium
EV000153,2026-01-01 18:25:00,388.45,121.49,47.19,50.74,22.29,18.31,1799,860,126207.6,110.9,70.4,99.4,3.8,3.25,13.77,30.41,27.05,DC,164,0.01065,0.00673,2279,37.9,66.07,179.1,351,High
EV000040,2026-01-01 18:30:00,366.5,-211.6,-77.55,37.88,17.33,0.85,1120,556,86704.6,162.1,99.8,134.3,1.64,4.41,19.44,28.8,21.0,AC,162,0.00991,0.00595,1898,82.5,77.96,120.4,968,High
EV000197,2026-01-01 18:35:00,373.78,99.74,37.28,96.53,50.29,32.96,1498,608,157053.6,160.5,67.8,82.8,1.41,2.68,13.48,56.53,55.05,AC,159,0.00946,0.00715,2097,53.2,71.55,410.0,665,High
EV000296,2026-01-01 18:40:00,347.77,29.6,10.3,43.88,44.21,33.95,563,210,43276.5,161.5,76.6,96.9,2.16,5.29,14.43,51.88,58.86,DC,23,0.00601,0.00417,772,20.2,88.27,192.4,1630,Medium
EV000258,2026-01-01 18:45:00,374.41,208.16,77.93,76.27,35.24,32.21,1281,608,57187.3,223.5,83.5,113.1,0.98,0.66,22.05,48.65,39.93,AC,171,0.00814,0.00568,1235,73.5,77.28,289.7,901,High
EV000002,2026-01-01 18:50:00,339.25,-113.64,-38.55,61.28,55.01,38.48,1675,1000,38763.4,237.1,42.5,59.7,2.06,6.34,18.72,64.6,64.34,DC,131,0.00993,0.00801,1398,43.3,66.71,149.3,446,High
EV000165,2026-01-01 18:55:00,368.05,-196.92,-72.48,76.79,21.88,4.99,1119,52,48449.4,113.1,54.9,69.2,0.96,5.79,24.19,34.12,27.21,AC,124,0.00903,0.00436,1476,79.5,84.85,269.6,1374,Medium
EV000076,2026-01-01 19:00:00,377.8,-70.07,-26.47,76.56,43.5,33.97,1104,28,31225.6,102.4,27.1,71.4,1.6,6.99,22.46,52.46,50.79,AC,38,0.01023,0.00541,960,77.3,84.53,266.3,1424,Medium
EV000056,2026-01-01 19:05:00,367.63,-93.06,-34.21,54.19,26.69,23.31,184,34,59191.4,192.4,50.9,107.4,3.25,6.58,13.27,37.22,29.83,DC,150,0.00615,0.00295,2034,89.4,95.41,298.2,1954,Low
EV000039,2026-01-01 19:10:00,363.36,-161.81,-58.79,47.46,36.11,26.94,1056,45,47818.3,148.6,33.0,53.2,1.97,5.29,12.03,51.69,49.77,AC,71,0.01021,0.00431,2144,28.3,83.54,234.4,1245,Medium
EV000082,2026-01-01 19:15:00,325.65,-148.36,-48.31,61.32,15.0,-1.73,90,43,43153.2,30.7,73.9,87.4,3.0,0.1,20.14,26.21,23.16,DC,46,0.00477,0.00353,824,54.4,96.26,247.7,1974,Low
EV000250,2026-01-01 19:20:00,321.7,188.02,60.49,31.99,16.28,0.58,1535,807,70507.5,144.4,69.0,82.0,3.11,4.48,18.44,35.16,20.51,AC,177,0.01085,0.0073,1561,34.8,72.13,104.6,620,High
EV000222,2026-01-01 19:25:00,364.46,-24.27,-8.84,48.65,25.91,13.41,343,79,26133.2,197.5,117.2,139.3,1.84,2.4,19.32,40.08,29.95,DC,96,0.00456,0.00311,331,68.3,95.24,241.4,1968,Low
EV000114,2026-01-01 19:30:00,344.3,156.6,53.92,82.85,16.53,2.11,1572,578,39552.0,201.7,48.7,87.8,0.86,4.66,19.45,30.12,25.31,AC,115,0.00918,0.00709,1072,91.3,74.53,241.0,835,High
EV000182,2026-01-01 19:35:00,396.12,-68.62,-27.18,60.43,15.0,3.41,580,166,143001.0,65.0,52.1,62.5,1.49,1.37,19.53,25.09,28.17,DC,84,0.00563,0.00354,2710,70.6,87.85,203.0,1573,Medium
EV000162,2026-01-01 19:40:00,338.5,106.79,36.15,53.08,15.0,-5.19,1632,954,19572.7,127.9,73.4,98.4,2.42,1.91,16.68,20.61,28.58,AC,80,0.00944,0.00684,522,75.0,70.21,184.6,578,High
EV000127,2026-01-01 19:45:00,408.66,-97.25,-39.74,77.69,49.28,32.64,1416,315,26970.4,104.6,30.5,55.6,0.41,3.08,16.39,66.75,56.92,DC,78,0.00868,0.00614,673,74.6,77.04,259.8,938,High
EV000005,2026-01-01 19:50:00,369.19,-58.04,-21.43,25.71,15.0,-5.68,449,87,69715.2,150.5,118.6,133.6,2.09,0.39,15.31,30.21,21.33,AC,178,0.00475,0.00364,1746,59.7,90.39,116.3,1623,Low
EV000250,2026-01-01 19:55:00,334.52,-101.27,-33.88,74.93,15.0,-8.95,281,142,86696.1,232.7,40.1,65.0,3.94,0.76,14.56,23.93,21.91,AC,171,0.00688,0.00416,3174,36.2,91.25,310.1,1786,Low
EV000011,2026-01-01 20:00:00,325.45,90.91,29.59,86.77,15.0,-0.28,1531,278,200647.6,60.9,57.6,74.3,2.7,0.96,19.61,32.04,18.01,DC,31,0.01084,0.00585,3371,54.5,74.12,311.5,795,High
EV000270,2026-01-01 20:05:00,320.43,58.85,18.86,50.65,15.0,8.64,865,132,106401.9,181.6,116.6,130.6,2.48,3.44,21.02,28.81,28.85,AC,142,0.00776,0.00521,2651,56.5,83.3,200.5,1219,Medium
EV000135,2026-01-01 20:10:00,367.19,203.28,74.64,28.49,15.0,-1.39,1630,778,31562.2,37.5,27.9,80.8,0.85,4.59,13.94,20.33,29.62,DC,37,0.01165,0.00631,496,52.2,71.27,109.8,588,High
EV000239,2026-01-01 20:15:00,325.57,-184.13,-59.95,10.78,27.07,19.68,1634,229,26836.2,212.9,79.7,123.7,1.77,2.87,19.33,35.19,41.48,AC,112,0.01215,0.00622,418,37.6,78.59,40.0,953,High
EV000099,2026-01-01 20:20:00,356.92,-118.85,-42.42,24.02,53.41,36.71,820,105,22486.5,244.2,74.3,123.3,1.07,5.0,18.61,63.99,63.5,DC,168,0.00531,0.00448,652,65.1,85.92,117.7,1502,Medium
EV000003,2026-01-01 20:25:00,384.72,209.61,80.64,7.99,15.0,1.25,25,10,26665.9,160.9,22.7,58.8,3.43,5.9,17.89,24.32,22.04,AC,83,0.00284,0.00351,991,93.6,97.67,40.0,2015,Low
EV000184,2026-01-01 20:30:00,370.11,138.85,51.39,87.19,15.0,-5.83,1167,646,3891.5,206.4,56.9,97.5,1.41,1.46,14.91,30.93,24.99,DC,62,0.0086,0.00635,74,85.3,78.53,302.3,987,High
EV000022,2026-01-01 20:35:00,363.79,60.69,22.08,17.19,37.13,32.76,258,41,105378.9,62.3,75.0,87.7,0.54,5.14,16.95,56.16,50.76,DC,173,0.00367,0.00365,1674,50.9,94.23,59.7,1887,Low
EV000035,2026-01-01 20:40:00,400.44,-138.27,-55.37,97.23,15.0,-1.98,1750,349,95554.7,210.4,37.7,94.3,2.51,1.19,20.06,27.46,19.74,AC,175,0.01208,0.00705,3115,51.3,71.4,283.3,656,High
EV000261,2026-01-01 20:45:00,399.35,120.75,48.22,37.98,39.19,27.4,1350,689,98453.3,53.0,54.4,70.0,3.09,3.18,13.49,45.24,47.58,DC,136,0.00935,0.00669,2337,84.2,73.5,141.9,763,High
EV000030,2026-01-01 20:50:00,389.27,186.42,72.57,82.05,45.84,32.65,1023,405,42432.3,16.5,77.5,110.9,1.09,0.3,12.57,55.59,51.6,DC,50,0.00763,0.00515,759,86.2,82.2,401.0,1157,Medium
EV000300,2026-01-01 20:55:00,326.3,-61.8,-20.17,62.28,38.5,29.12,592,146,178366.5,157.5,116.2,142.8,1.17,0.13,15.12,47.29,45.84,DC,109,0.00811,0.00404,2833,77.9,86.52,220.4,1523,Medium
EV000299,2026-01-01 21:00:00,394.28,176.59,69.63,85.12,15.0,-0.7,1595,536,37833.5,79.8,18.5,60.9,1.97,6.45,17.48,30.64,29.06,DC,171,0.01184,0.0064,1184,66.5,72.56,308.3,758,High
EV000182,2026-01-01 21:05:00,401.11,-203.66,-81.69,50.47,24.96,18.17,1095,21,75399.4,238.8,20.0,34.6,1.23,7.76,20.03,32.98,36.16,DC,168,0.00724,0.00499,2621,43.9,83.05,195.3,1278,Medium
EV000130,2026-01-01 21:10:00,320.69,54.55,17.49,12.34,48.77,30.91,1541,229,223398.8,188.5,19.7,36.1,4.45,4.73,17.96,62.67,55.48,DC,128,0.01136,0.00667,3050,27.8,74.21,40.0,831,High
EV000134,2026-01-01 21:15:00,362.35,-212.36,-76.95,6.62,19.35,3.73,1172,332,37489.3,31.0,119.7,155.8,0.53,5.18,13.92,37.13,30.46,DC,171,0.00842,0.00599,739,45.9,80.78,40.0,1093,Medium
EV000078,2026-01-01 21:20:00,332.61,136.17,45.29,13.96,34.07,29.86,399,79,27766.7,123.7,112.4,141.0,2.08,6.72,24.19,39.08,48.45,AC,77,0.00709,0.00315,1369,57.4,91.92,75.7,1825,Low
EV000030,2026-01-01 21:25:00,385.98,-42.13,-16.26,28.01,35.97,22.65,764,342,72727.0,249.7,31.9,70.1,0.62,2.02,14.84,41.32,47.81,DC,28,0.00657,0.00492,2406,70.5,84.32,89.6,1288,Medium
EV000121,2026-01-01 21:30:00,326.09,-151.41,-49.37,13.64,15.0,1.6,1411,429,22136.8,124.1,30.3,61.0,1.86,1.32,16.38,30.87,25.8,AC,48,0.00919,0.00588,734,83.6,76.54,45.7,871,High
EV000038,2026-01-01 21:35:00,329.84,-199.23,-65.71,54.43,15.0,-5.05,354,133,11869.3,247.6,15.7,37.0,1.6,5.25,20.54,31.35,19.55,DC,64,0.00365,0.00388,439,86.2,93.49,203.8,1910,Low
EV000016,2026-01-01 21:40:00,348.88,20.26,7.07,89.21,33.76,16.9,1768,561,186714.6,20.2,80.7,103.8,1.92,0.31,16.62,42.7,42.9,DC,28,0.00954,0.00637,3111,88.8,69.3,353.6,565,High
EV000003,2026-01-01 21:45:00,346.23,17.93,6.21,97.44,15.0,-5.84,732,231,2089.1,152.7,118.6,152.5,4.36,1.01,18.02,22.85,25.0,AC,166,0.00556,0.00515,44,50.6,87.87,450.2,1545,Medium
EV000219,2026-01-01 21:50:00,385.24,-146.74,-56.53,16.77,33.88,27.35,1772,213,83160.6,24.5,60.4,106.9,3.49,3.35,12.79,41.4,46.68,DC,155,0.01216,0.00621,3085,21.8,70.8,51.4,606,High
EV000087,2026-01-01 21:55:00,406.09,-83.28,-33.82,57.87,23.5,19.75,97,12,110861.2,154.0,113.1,138.1,1.88,4.6,14.78,31.08,28.05,DC,167,0.00265,0.00346,1691,30.0,97.24,236.1,2097,Low
EV000038,2026-01-01 22:00:00,329.5,-133.39,-43.95,16.02,16.19,12.72,587,47,25993.1,12.0,92.9,113.0,1.42,2.84,14.36,34.66,28.17,DC,81,0.0047,0.00334,1123,78.9,90.11,57.4,1644,Low
EV000021,2026-01-01 22:05:00,361.27,-14.74,-5.32,65.76,17.88,13.79,1530,721,21879.7,54.7,34.5,86.3,2.43,5.16,15.51,26.88,23.21,AC,83,0.00981,0.00653,365,56.1,74.04,275.0,841,High
EV000172,2026-01-01 22:10:00,385.46,-206.97,-79.78,33.33,15.0,1.8,1265,222,29429.4,106.5,59.2,92.2,2.42,6.75,23.28,34.0,21.69,DC,56,0.00847,0.00574,369,71.1,81.16,153.7,1236,Medium
EV000293,2026-01-01 22:15:00,340.5,-200.71,-68.34,61.22,15.0,-6.16,1122,394,4259.7,148.1,16.1,38.5,1.09,6.73,14.59,27.08,22.05,AC,109,0.00777,0.00488,145,62.3,82.28,245.4,1205,Medium
EV000206,2026-01-01 22:20:00,405.1,34.7,14.06,8.24,23.98,12.78,337,90,78580.1,243.2,81.8,123.2,1.77,1.82,21.29,32.6,32.63,DC,29,0.00524,0.00332,1199,27.0,93.15,40.0,1812,Low
EV000033,2026-01-01 22:25:00,369.11,135.21,49.91,70.89,36.62,21.86,463,119,110681.2,247.3,100.7,147.4,2.01,2.08,22.14,47.26,48.23,DC,111,0.00462,0.00363,3101,93.8,88.66,342.8,1598,Medium
EV000162,2026-01-01 22:30:00,387.57,67.59,26.2,91.54,32.37,28.48,530,301,216453.8,191.2,55.1,96.0,1.19,2.29,18.65,50.06,35.79,AC,130,0.00489,0.00413,3483,21.8,85.31,406.2,1322,Medium
EV000299,2026-01-01 22:35:00,390.11,20.84,8.13,85.54,15.0,-7.08,1102,424,73032.4,222.1,29.5,51.0,2.66,1.91,17.62,30.64,20.06,DC,114,0.00978,0.00504,3070,21.9,78.69,293.1,974,High
EV000191,2026-01-01 22:40:00,337.45,105.82,35.71,45.77,17.55,5.22,1378,500,17035.6,16.7,105.9,139.3,3.74,6.38,23.17,24.48,29.01,AC,160,0.00784,0.00578,757,41.0,76.6,142.9,880,High
EV000254,2026-01-01 22:45:00,340.84,-101.57,-34.62,96.6,15.0,1.78,1178,416,18547.6,234.0,18.8,35.5,0.44,4.18,15.18,22.19,21.3,DC,20,0.00918,0.0049,377,69.3,81.57,447.1,1215,Medium
EV000246,2026-01-01 22:50:00,348.58,18.82,6.56,83.44,24.75,10.51,1214,693,12580.5,25.3,104.3,144.9,0.76,2.07,14.66,37.96,39.42,AC,131,0.01015,0.00664,203,75.0,78.96,299.0,1056,High
EV000189,2026-01-01 22:55:00,380.73,-172.12,-65.53,22.88,37.05,30.9,419,181,7870.8,39.7,40.8,93.0,2.37,2.42,16.68,51.09,43.96,DC,141,0.00672,0.00342,123,71.9,92.11,74.5,1760,Low
EV000180,2026-01-01 23:00:00,400.96,13.43,5.38,14.39,15.0,-5.25,1588,279,169294.2,123.5,95.7,137.5,3.53,7.61,16.32,33.42,24.55,DC,111,0.01006,0.006,2884,32.1,73.35,47.5,687,High
EV000146,2026-01-01 23:05:00,334.69,171.18,57.29,51.32,15.0,-0.52,540,167,113929.3,176.1,46.8,94.0,1.24,1.77,20.33,24.53,23.93,AC,39,0.00779,0.00424,3432,41.2,87.4,193.5,1521,Medium
EV000001,2026-01-01 23:10:00,370.82,54.97,20.38,23.53,18.93,14.28,361,30,120071.8,94.6,60.4,92.9,2.9,0.35,23.11,25.05,32.05,AC,180,0.00462,0.00298,1968,24.4,93.19,112.6,1816,Low
EV000096,2026-01-01 23:15:00,351.15,-167.55,-58.84,42.67,58.78,41.8,881,174,22632.6,157.7,29.5,43.8,1.79,0.84,17.28,70.89,65.32,DC,41,0.00839,0.00523,372,90.5,84.16,199.7,1319,Medium
EV000002,2026-01-01 23:20:00,401.97,-168.72,-67.82,76.02,15.0,4.66,552,101,43425.6,195.0,73.5,120.8,2.56,2.64,20.23,28.08,29.48,AC,76,0.00733,0.00394,1784,66.6,89.6,338.3,1573,Medium
EV000182,2026-01-01 23:25:00,397.55,-213.3,-84.8,78.94,15.0,-8.22,282,147,115586.4,212.8,63.8,100.7,3.07,4.01,20.8,32.45,18.55,DC,134,0.0065,0.00285,1632,31.7,93.01,367.4,1802,Low
EV000058,2026-01-01 23:30:00,384.02,-31.29,-12.02,64.48,46.88,32.7,271,144,17656.9,184.5,93.4,106.5,4.1,3.85,14.7,65.63,59.97,AC,36,0.00424,0.00333,448,68.6,94.46,258.0,1904,Low
EV000262,2026-01-01 23:35:00,394.2,167.87,66.17,5.08,47.83,32.32,825,230,793.2,169.0,18.6,77.7,3.56,4.62,12.46,59.78,60.29,AC,150,0.00531,0.00401,31,66.1,85.23,40.0,1386,Medium
EV000074,2026-01-01 23:40:00,398.12,-51.24,-20.4,11.98,15.0,8.41,859,26,22085.0,75.5,52.3,110.8,2.24,3.56,13.01,32.37,18.45,AC,98,0.00929,0.00376,588,74.2,88.57,47.0,1601,Medium
EV000109,2026-01-01 23:45:00,393.49,1.39,0.55,38.25,19.93,4.56,1361,380,41151.4,196.0,80.2,128.9,4.33,2.8,20.57,37.75,26.78,AC,145,0.00882,0.00633,1662,52.8,77.39,164.2,912,High
EV000277,2026-01-01 23:50:00,380.78,89.28,33.99,18.5,43.97,26.37,520,206,74610.9,228.7,93.7,142.5,4.03,7.85,21.1,56.17,56.0,DC,22,0.00502,0.00464,1660,84.4,88.22,80.9,1626,Medium
EV000285,2026-01-01 23:55:00,396.59,31.71,12.58,14.97,46.42,37.54,666,39,18729.6,195.9,34.6,61.6,2.63,1.4,12.03,55.25,60.71,AC,51,0.0083,0.00408,342,67.7,88.74,54.0,1635,Medium
EV000249,2026-01-02 00:00:00,373.74,134.18,50.15,11.93,18.86,15.72,1755,575,165738.9,115.5,20.6,41.2,4.3,4.91,24.01,31.68,26.59,AC,40,0.0127,0.00725,3605,33.7,67.84,44.3,357,High
EV000208,2026-01-02 00:05:00,363.72,186.45,67.82,25.38,15.45,10.61,1668,576,127248.7,45.5,33.0,65.4,3.52,1.36,24.4,32.41,21.46,AC,65,0.00935,0.00718,3530,29.0,69.26,89.5,546,High
EV000007,2026-01-02 00:10:00,395.13,-53.69,-21.21,42.4,33.79,16.87,1047,456,213547.1,47.0,94.2,130.9,2.12,7.23,21.64,50.55,37.11,AC,133,0.00638,0.00489,3303,49.8,78.12,121.6,1063,High
EV000109,2026-01-02 00:15:00,339.41,90.32,30.66,35.49,26.34,9.24,914,160,137744.2,177.5,111.3,126.3,3.01,6.43,22.98,38.36,32.5,AC,64,0.00747,0.00545,2646,21.6,83.73,115.9,1238,Medium
EV000244,2026-01-02 00:20:00,327.36,-190.1,-62.23,44.18,15.0,-6.68,106,22,48893.3,207.2,61.6,103.1,0.52,4.91,22.1,27.27,27.0,AC,165,0.00427,0.00238,1525,70.1,96.13,150.6,1992,Low
EV000203,2026-01-02 00:25:00,388.79,-124.0,-48.21,37.04,15.0,-9.68,1668,613,165954.8,128.4,94.4,149.8,0.35,2.74,24.66,29.43,24.8,AC,27,0.01261,0.00747,2084,27.4,71.88,113.9,728,High
EV000095,2026-01-02 00:30:00,402.37,-108.81,-43.78,50.4,15.0,-3.21,851,114,179455.8,136.5,29.5,42.7,1.97,2.34,20.92,23.21,25.7,DC,66,0.00925,0.00466,3230,40.8,83.14,223.3,1254,Medium
EV000134,2026-01-02 00:35:00,407.28,-187.16,-76.23,81.8,37.54,30.55,1353,275,143658.2,33.2,112.5,127.9,3.2,3.43,24.75,49.96,50.72,AC,117,0.00935,0.00553,3442,27.3,74.08,251.1,710,High
EV000249,2026-01-02 00:40:00,323.77,-29.7,-9.62,67.57,39.39,28.3,449,164,94374.2,231.0,41.1,95.2,4.15,5.76,14.14,51.24,50.18,DC,87,0.00424,0.00439,1191,45.8,91.4,240.1,1765,Low
EV000186,2026-01-02 00:45:00,371.56,-169.25,-62.89,40.28,25.5,16.6,285,82,184462.2,193.6,68.1,106.9,3.93,7.9,12.05,44.92,38.56,AC,152,0.00487,0.00414,2782,37.4,91.81,173.5,1687,Low
EV000117,2026-01-02 00:50:00,369.5,113.74,42.03,99.94,26.86,19.2,370,200,49950.4,113.4,56.5,95.5,3.59,4.28,16.69,44.27,40.41,AC,98,0.00563,0.00385,877,55.2,92.42,446.3,1797,Low
EV000178,2026-01-02 00:55:00,400.16,156.55,62.64,94.15,15.0,-9.4,869,75,51362.0,103.2,87.8,102.9,3.87,0.04,18.63,30.49,18.35,DC,27,0.00779,0.00387,1591,57.4,87.39,485.9,1531,Medium
EV000163,2026-01-02 01:00:00,398.03,159.22,63.38,9.33,20.83,3.53,1757,542,152359.3,103.7,17.7,30.7,1.97,5.51,20.14,31.69,27.67,AC,86,0.01155,0.00744,2363,52.5,70.97,40.0,604,High
EV000283,2026-01-02 01:05:00,374.01,58.56,21.9,58.24,15.0,-1.97,163,41,42066.9,78.9,85.3,106.6,2.81,1.08,15.94,27.44,19.92,DC,133,0.00552,0.0024,1120,45.3,96.57,205.2,1974,Low
EV000062,2026-01-02 01:10:00,374.24,-133.55,-49.98,18.83,31.43,26.37,584,262,59837.9,122.4,63.7,103.6,1.14,3.75,14.47,45.97,43.67,DC,40,0.00823,0.00473,994,84.8,88.81,67.1,1598,Medium
EV000185,2026-01-02 01:15:00,380.28,-143.9,-54.72,61.93,28.04,19.08,1431,116,65498.9,244.9,87.0,123.4,1.42,6.51,14.0,39.07,38.47,AC,47,0.01017,0.00548,887,92.3,80.12,238.4,1081,Medium
EV000278,2026-01-02 01:20:00,407.97,-61.01,-24.89,92.32,23.92,12.22,1145,673,84711.6,193.2,55.4,88.4,1.05,4.57,22.57,30.81,28.56,DC,81,0.00721,0.00564,1797,59.2,76.88,337.7,878,High
EV000176,2026-01-02 01:25:00,394.26,57.05,22.49,67.49,29.78,25.35,400,159,138238.6,71.9,78.8,116.4,2.6,0.62,13.52,47.63,38.4,AC,70,0.00377,0.00376,3401,31.4,87.79,282.3,1466,Medium
EV000166,2026-01-02 01:30:00,381.87,143.85,54.93,86.81,32.1,28.05,1448,233,159071.4,104.2,80.9,102.1,1.8,2.11,22.29,41.28,35.92,AC,151,0.01134,0.00627,2368,50.6,76.96,335.5,956,High
EV000168,2026-01-02 01:35:00,361.26,201.0,72.62,32.18,15.0,-5.09,36,8,19259.7,160.4,108.5,135.4,3.8,4.39,16.36,22.84,29.57,AC,82,0.00368,0.00309,787,55.8,98.71,173.9,2195,Low
EV000162,2026-01-02 01:40:00,374.83,194.47,72.9,90.19,18.2,3.0,1153,64,64973.7,15.2,78.3,120.4,2.54,5.41,13.53,26.68,22.01,AC,23,0.00888,0.00552,874,90.0,84.2,326.3,1346,Medium
EV000234,2026-01-02 01:45:00,345.6,-121.79,-42.09,8.02,27.49,20.48,1296,18,75920.0,23.2,82.8,124.1,3.41,0.78,15.0,41.32,39.65,DC,50,0.01092,0.00523,2710,72.6,80.07,40.0,1043,Medium
EV000272,2026-01-02 01:50:00,321.77,-106.59,-34.3,44.84,37.68,28.19,338,133,85798.5,138.5,51.6,100.3,0.62,2.68,19.93,53.43,45.53,AC,59,0.00448,0.00412,3334,50.7,89.88,165.5,1624,Medium
EV000019,2026-01-02 01:55:00,362.76,214.55,77.83,6.78,22.51,6.73,711,250,193033.5,96.4,103.5,127.3,0.69,1.25,17.34,36.51,26.63,AC,129,0.0077,0.00401,3589,30.8,83.38,40.0,1327,Medium
EV000157,2026-01-02 02:00:00,383.15,-24.98,-9.57,34.34,25.85,21.02,1356,686,195801.4,158.1,35.3,84.3,0.41,1.41,12.42,33.68,33.27,AC,41,0.00925,0.00587,3125,50.2,71.21,134.3,666,High
EV000293,2026-01-02 02:05:00,380.72,-157.1,-59.81,33.95,15.0,-5.8,1086,412,86545.4,38.1,86.8,112.5,4.15,2.31,21.83,30.47,18.69,DC,92,0.00988,0.00545,2088,25.1,80.32,120.8,1062,Medium
EV000089,2026-01-02 02:10:00,352.15,-176.83,-62.27,80.82,15.0,-9.0,17,9,131968.6,206.6,80.6,137.3,0.41,7.89,20.5,34.28,20.16,DC,137,0.00357,0.00276,1799,78.1,97.53,401.1,2075,Low
EV000162,2026-01-02 02:15:00,355.39,198.11,70.41,40.12,54.79,38.42,1039,504,86608.3,25.5,35.0,75.8,2.32,6.04,24.26,70.98,61.5,AC,110,0.00906,0.00481,1666,80.7,78.04,121.5,919,High
EV000221,2026-01-02 02:20:00,407.11,-174.91,-71.21,47.26,47.03,32.39,1653,223,127676.5,247.8,54.3,70.9,1.67,4.44,20.0,53.83,50.37,DC,160,0.01169,0.00596,2063,32.1,73.6,208.5,786,High
EV000259,2026-01-02 02:25:00,329.65,-55.74,-18.37,77.31,19.22,13.92,880,187,13215.5,195.4,39.4,96.3,3.15,3.86,14.3,37.62,22.51,DC,44,0.00778,0.00493,224,68.3,87.47,365.4,1543,Medium
EV000152,2026-01-02 02:30:00,392.34,103.56,40.63,5.88,15.0,0.71,152,20,96132.9,30.1,107.9,125.6,1.04,6.23,20.35,26.0,20.34,DC,174,0.00515,0.00325,2519,44.7,94.72,40.0,1912,Low
EV000084,2026-01-02 02:35:00,347.54,-198.81,-69.09,54.29,15.0,8.26,1291,162,67377.5,151.2,34.4,81.3,2.81,6.28,12.46,32.53,28.47,DC,172,0.00873,0.00585,1395,79.6,80.73,191.9,1194,Medium
EV000242,2026-01-02 02:40:00,371.18,-39.15,-14.53,95.65,15.0,-5.18,812,154,49981.9,234.8,47.0,64.1,1.93,4.15,18.13,26.44,20.24,DC,158,0.00825,0.00385,982,67.4,87.83,377.3,1500,Medium
EV000177,2026-01-02 02:45:00,354.97,113.51,40.29,24.5,15.0,-8.72,1262,126,47531.5,206.2,100.2,150.8,2.97,6.33,16.47,22.56,24.27,AC,37,0.00732,0.00525,1400,47.6,82.46,108.7,1217,Medium
EV000036,2026-01-02 02:50:00,405.45,79.72,32.32,51.96,49.47,35.84,643,131,149035.8,204.4,64.4,86.4,2.64,7.18,20.37,69.47,58.28,DC,58,0.00459,0.00461,2383,94.0,85.62,239.0,1393,Medium
EV000218,2026-01-02 02:55:00,366.31,-106.81,-39.13,44.85,36.34,23.02,841,445,193163.4,109.7,29.9,62.5,1.44,2.4,16.96,53.27,41.18,AC,144,0.00747,0.00476,3257,88.9,79.77,156.8,1110,High
EV000271,2026-01-02 03:00:00,394.79,164.45,64.92,53.34,39.18,30.96,881,525,92638.9,14.3,111.4,166.9,0.6,5.87,21.3,56.45,43.51,AC,97,0.00635,0.00548,2383,73.5,79.22,188.9,1119,High
EV000234,2026-01-02 03:05:00,325.31,-215.86,-70.22,22.96,23.69,9.96,1008,511,59812.0,5.3,44.7,100.9,4.3,2.53,16.69,36.68,32.6,AC,80,0.00642,0.0057,829,37.9,82.55,72.7,1279,Medium
EV000239,2026-01-02 03:10:00,375.42,97.18,36.48,39.64,38.42,30.79,788,148,2359.4,161.6,21.9,52.8,3.5,4.19,18.05,47.28,45.79,AC,32,0.00553,0.00442,52,45.6,89.39,146.6,1659,Medium
EV000023,2026-01-02 03:15:00,375.76,-33.98,-12.77,78.01,37.92,21.86,722,195,96638.8,18.9,58.2,89.3,0.29,5.41,23.42,48.23,44.3,AC,108,0.00625,0.00385,2929,57.3,84.33,247.3,1335,Medium
EV000176,2026-01-02 03:20:00,393.86,86.48,34.06,18.18,52.29,38.84,744,298,88752.9,103.7,15.4,66.0,3.08,1.49,13.75,67.78,61.07,AC,66,0.0076,0.00392,3164,40.9,81.11,85.1,1171,Medium
EV000174,2026-01-02 03:25:00,397.82,-177.47,-70.6,17.55,20.63,5.67,447,0,196892.8,132.2,44.5,87.9,3.88,4.72,24.74,29.88,24.28,AC,55,0.00521,0.00331,3336,61.8,89.71,69.3,1627,Medium
EV000046,2026-01-02 03:30:00,364.15,-112.72,-41.05,41.74,21.72,13.34,904,368,56083.2,124.6,118.8,138.2,3.97,7.05,14.42,39.91,30.84,DC,160,0.00887,0.00525,881,91.7,83.84,195.5,1350,Medium
EV000010,2026-01-02 03:35:00,390.86,-106.76,-41.73,65.67,16.69,6.21,484,9,34517.6,121.6,77.1,131.6,1.67,3.16,23.17,30.15,28.46,AC,63,0.00608,0.0043,1096,61.2,91.36,297.1,1766,Low
EV000092,2026-01-02 03:40:00,409.09,-213.3,-87.26,39.24,41.88,33.3,1325,389,91613.5,52.2,68.2,88.3,0.52,4.18,20.86,57.37,48.28,AC,76,0.00833,0.00616,1383,68.5,76.07,124.8,846,High
EV000073,2026-01-02 03:45:00,329.3,106.87,35.19,35.14,38.75,34.73,1529,652,62188.8,167.4,119.1,146.1,2.3,5.71,12.08,56.45,52.56,DC,68,0.01057,0.00603,2812,76.2,70.5,105.1,510,High
EV000210,2026-01-02 03:50:00,384.54,-20.25,-7.79,62.84,48.6,31.0,1129,240,40121.2,74.9,62.8,86.7,0.92,3.02,13.92,66.33,54.47,DC,144,0.00852,0.0053,1091,57.6,79.82,239.4,1161,High
EV000056,2026-01-02 03:55:00,355.57,-138.79,-49.35,56.75,52.15,40.41,1358,466,5664.4,128.5,110.7,169.2,0.62,3.29,17.51,69.81,55.97,DC,31,0.01142,0.00638,138,69.7,76.55,226.9,928,High
EV000177,2026-01-02 04:00:00,383.12,-10.88,-4.17,29.56,23.23,12.77,1160,612,130282.1,44.2,98.8,143.2,2.78,6.25,19.51,42.36,32.72,AC,135,0.00926,0.00604,2811,69.6,76.67,120.5,854,High
EV000245,2026-01-02 04:05:00,405.43,169.45,68.7,76.12,15.0,-7.34,1533,194,99093.4,87.7,30.9,57.0,1.17,5.16,22.75,22.75,21.7,AC,55,0.01026,0.00567,1983,63.6,75.64,260.5,812,High
EV000204,2026-01-02 04:10:00,394.89,-94.65,-37.38,80.73,36.87,21.5,1041,40,86980.9,122.0,106.8,146.0,0.21,4.05,17.24,45.99,43.04,AC,173,0.00779,0.00527,1959,48.9,84.6,258.8,1405,Medium
EV000171,2026-01-02 04:15:00,406.68,-4.18,-1.7,56.46,15.0,-1.17,1054,588,203036.7,60.6,20.9,58.5,0.34,6.69,23.42,21.71,19.23,DC,128,0.00895,0.00613,3522,78.3,75.47,234.5,889,High
EV000141,2026-01-02 04:20:00,396.29,198.24,78.56,10.06,20.42,7.21,872,426,190583.4,51.5,19.3,35.0,1.8,1.86,22.23,33.44,24.99,AC,172,0.00897,0.00486,2645,73.4,82.4,41.9,1231,Medium
EV000169,2026-01-02 04:25:00,399.78,-214.13,-85.6,16.08,15.0,6.28,674,221,259591.2,157.3,46.3,100.8,2.54,6.58,13.13,24.5,23.27,AC,148,0.00734,0.00412,3386,28.0,84.58,51.4,1329,Medium
EV000237,2026-01-02 04:30:00,402.62,54.94,22.12,37.86,45.93,31.88,1598,433,58708.2,141.6,84.2,101.6,2.82,6.68,16.49,59.44,51.45,AC,65,0.0113,0.00708,2184,89.2,72.07,149.5,620,High
EV000245,2026-01-02 04:35:00,388.74,35.01,13.61,12.66,54.52,37.6,724,204,44371.5,116.2,69.8,108.1,0.67,5.91,14.98,63.92,59.13,AC,82,0.00835,0.00472,638,93.4,86.34,57.7,1379,Medium
EV000181,2026-01-02 04:40:00,371.37,130.25,48.37,73.14,26.05,13.91,1510,904,43333.5,214.8,92.1,136.6,1.53,0.88,24.84,33.35,38.22,DC,149,0.00805,0.00691,895,39.3,71.62,282.4,622,High
EV000262,2026-01-02 04:45:00,384.76,-82.66,-31.8,43.29,24.37,7.64,1328,603,24704.4,4.4,87.8,110.8,1.71,2.23,23.13,34.8,27.78,AC,19,0.00892,0.00661,740,24.0,76.47,188.4,888,High
EV000083,2026-01-02 04:50:00,350.32,85.46,29.94,73.1,15.0,-5.1,1228,638,137277.1,204.8,78.9,107.0,1.74,3.68,23.79,27.2,27.74,DC,166,0.00822,0.00565,3529,40.6,74.3,207.5,807,High
EV000221,2026-01-02 04:55:00,353.4,97.32,34.39,58.66,17.07,1.47,78,33,56835.8,107.7,20.1,58.2,2.34,1.1,21.09,36.31,28.75,DC,48,0.0051,0.00306,939,49.1,96.19,315.7,2033,Low
EV000094,2026-01-02 05:00:00,379.05,85.37,32.36,91.16,48.82,33.59,971,267,155662.2,154.7,109.8,153.3,3.33,1.08,19.28,59.14,57.41,AC,120,0.00711,0.00435,2310,33.4,79.92,376.0,1033,High
EV000129,2026-01-02 05:05:00,361.87,-193.87,-70.16,86.0,29.39,13.51,1793,699,34472.0,145.6,16.3,59.4,4.46,3.18,13.15,34.84,36.65,DC,51,0.01141,0.00753,471,54.1,71.34,228.0,651,High
EV000044,2026-01-02 05:10:00,343.78,201.28,69.2,32.58,15.0,-8.14,84,4,42920.3,145.4,39.1,66.6,1.02,7.75,17.41,31.48,27.72,AC,109,0.0063,0.00358,769,82.2,98.73,117.2,2206,Low
EV000092,2026-01-02 05:15:00,340.51,87.71,29.87,94.77,55.04,37.99,1290,393,182401.3,239.5,46.9,62.3,2.52,5.83,22.4,74.17,64.03,DC,84,0.00872,0.00548,2879,87.7,73.44,264.6,785,High
EV000034,2026-01-02 05:20:00,372.4,52.61,19.59,26.25,17.39,10.93,1429,858,32894.4,242.4,43.9,73.4,1.88,7.55,17.09,23.53,24.0,AC,72,0.01118,0.00679,1208,44.9,73.54,83.7,815,High
EV000076,2026-01-02 05:25:00,373.23,-52.52,-19.6,36.65,20.92,4.92,557,117,109269.2,171.4,116.1,134.5,2.49,6.69,16.66,39.07,33.62,AC,93,0.00616,0.00438,3164,82.9,86.22,179.7,1517,Medium
EV000093,2026-01-02 05:30:00,321.14,210.7,67.67,88.11,15.0,-4.01,694,234,76211.4,156.4,76.0,121.8,0.37,5.95,15.88,29.81,24.42,AC,124,0.00809,0.00389,1057,90.3,88.01,395.2,1532,Medium
EV000233,2026-01-02 05:35:00,375.39,128.88,48.38,87.83,27.27,12.99,745,17,97198.2,136.3,19.1,34.9,0.22,2.69,23.6,32.67,38.23,DC,74,0.00782,0.00458,2079,65.1,88.19,276.3,1504,Medium
EV000166,2026-01-02 05:40:00,340.82,111.37,37.96,80.72,15.0,-7.91,1570,15,54110.1,26.0,17.9,29.9,1.29,4.43,16.65,22.43,22.67,DC,96,0.00991,0.00598,1457,71.7,79.2,333.5,1039,High
EV000174,2026-01-02 05:45:00,393.8,-210.23,-82.79,39.02,43.33,25.35,1077,34,89712.2,90.0,92.3,139.9,4.35,1.18,20.58,60.85,46.87,DC,20,0.00775,0.00491,3297,29.5,80.86,132.5,1146,Medium
EV000207,2026-01-02 05:50:00,364.27,109.54,39.9,47.39,44.83,30.2,539,84,26574.8,133.5,54.7,94.2,3.97,1.29,12.25,62.45,57.41,DC,171,0.00593,0.00408,1322,61.5,89.89,169.0,1690,Medium
EV000142,2026-01-02 05:55:00,397.43,137.75,54.74,70.5,43.67,30.47,1015,205,13557.9,196.7,117.5,156.3,1.24,2.45,20.72,56.53,58.1,AC,37,0.00781,0.00576,439,43.6,82.98,346.0,1214,Medium
EV000102,2026-01-02 06:00:00,330.82,19.17,6.34,74.74,36.1,32.01,1025,277,187012.5,221.6,78.4,112.9,2.12,3.71,19.28,51.59,44.08,AC,55,0.00929,0.00535,3157,38.7,79.17,207.2,1095,High
EV000072,2026-01-02 06:05:00,361.1,147.92,53.42,7.93,42.54,38.53,673,171,133834.2,54.7,65.5,102.0,2.74,6.7,19.71,55.09,56.38,DC,55,0.00723,0.00425,3522,57.6,84.99,40.0,1360,Medium
EV000075,2026-01-02 06:10:00,383.61,218.42,83.79,22.71,15.0,-7.08,811,392,6547.3,84.8,35.0,75.6,0.49,0.09,17.55,23.09,21.23,DC,95,0.00844,0.00414,116,80.2,86.2,106.8,1466,Medium
EV000087,2026-01-02 06:15:00,339.83,-10.92,-3.71,20.27,19.63,5.92,1444,81,90865.5,110.1,89.7,103.7,3.85,0.47,16.94,35.43,33.88,AC,141,0.01038,0.00589,2385,90.7,79.45,56.8,1088,High
EV000282,2026-01-02 06:20:00,350.07,-65.06,-22.77,97.56,15.0,2.47,1172,543,154856.9,148.2,32.3,78.5,4.46,7.1,19.85,20.72,20.0,AC,104,0.00926,0.00622,2228,89.1,77.68,342.8,977,High
EV000210,2026-01-02 06:25:00,342.07,153.42,52.48,54.79,15.51,7.35,968,310,31086.7,57.4,98.9,144.1,2.56,7.27,21.39,28.79,26.22,DC,39,0.00679,0.0056,847,29.0,84.02,240.5,1241,Medium
EV000131,2026-01-02 06:30:00,404.48,116.57,47.15,93.0,41.26,34.03,1494,464,177889.0,114.8,23.2,80.8,2.5,6.26,12.61,53.12,53.03,AC,148,0.00941,0.00607,2528,82.4,73.69,346.7,802,High
EV000086,2026-01-02 06:35:00,387.63,150.99,58.53,60.25,52.38,40.63,878,476,109203.9,225.0,115.4,149.7,1.31,4.81,24.54,58.99,61.03,AC,59,0.00813,0.00488,1918,47.8,79.89,192.9,1164,High
EV000280,2026-01-02 06:40:00,383.04,177.58,68.02,26.11,15.0,-7.73,770,445,140975.0,200.0,82.4,105.3,1.36,7.66,17.88,25.11,26.1,DC,46,0.00629,0.00508,2175,61.1,83.06,101.8,1337,Medium
EV000157,2026-01-02 06:45:00,348.81,-159.18,-55.52,80.65,33.76,30.55,1565,88,111785.5,222.5,83.6,100.9,2.44,4.09,20.86,49.52,43.4,AC,162,0.0104,0.00665,3121,57.8,75.19,299.5,804,High
EV000179,2026-01-02 06:50:00,341.8,-143.05,-48.89,94.78,15.0,-3.34,1523,252,194827.4,51.9,89.0,117.7,3.3,7.84,15.5,32.97,26.64,AC,29,0.01161,0.00619,3332,68.9,74.67,322.2,779,High
EV000110,2026-01-02 06:55:00,372.55,58.55,21.81,46.73,15.0,0.12,1768,785,129204.0,209.2,38.1,80.0,3.99,1.26,15.19,21.35,20.42,AC,171,0.01062,0.00783,1869,40.8,67.35,149.3,373,High
EV000175,2026-01-02 07:00:00,395.71,106.44,42.12,96.29,15.0,2.59,555,236,175979.6,102.5,27.6,57.7,4.18,1.97,23.92,24.9,29.88,AC,76,0.00587,0.00354,3044,30.5,86.84,304.3,1406,Medium
EV000187,2026-01-02 07:05:00,344.93,16.1,5.55,81.51,15.0,-7.53,216,28,50625.6,50.9,84.9,144.8,3.81,7.27,20.17,32.94,20.3,DC,70,0.00319,0.00337,967,66.8,95.62,361.1,1956,Low
EV000068,2026-01-02 07:10:00,342.08,75.74,25.91,65.02,15.0,-7.86,1031,370,124206.6,199.8,46.2,74.6,1.68,6.09,17.73,32.28,20.18,DC,35,0.00637,0.00575,1695,43.9,81.91,194.8,1284,Medium
EV000249,2026-01-02 07:15:00,394.96,-166.62,-65.81,32.64,15.0,0.74,511,293,34876.9,97.4,96.7,150.5,2.22,1.22,24.62,29.43,28.87,DC,81,0.00475,0.00436,1121,56.8,89.74,150.4,1661,Medium
EV000249,2026-01-02 07:20:00,363.3,134.25,48.77,21.0,43.93,35.46,512,93,140243.1,165.0,72.7,99.3,2.09,7.4,20.31,49.88,57.49,AC,69,0.00425,0.00363,1768,33.1,89.52,82.2,1665,Medium
EV000022,2026-01-02 07:25:00,337.67,49.8,16.82,65.29,47.38,35.54,382,134,26487.6,148.3,91.3,116.4,2.58,2.57,18.62,62.29,59.25,DC,140,0.00549,0.00366,1019,29.0,90.45,344.3,1726,Low
EV000261,2026-01-02 07:30:00,366.38,154.05,56.44,69.16,23.45,10.45,1648,458,85628.4,121.2,50.6,105.7,1.18,1.68,22.18,32.81,30.93,AC,180,0.01103,0.00596,2178,58.2,73.22,215.3,741,High
EV000105,2026-01-02 07:35:00,336.05,110.86,37.26,53.12,15.0,-5.83,1464,546,17936.3,180.9,68.2,109.2,2.81,2.03,15.77,29.77,23.1,AC,40,0.00811,0.00701,607,38.0,76.9,148.0,1005,High
EV000023,2026-01-02 07:40:00,355.05,74.35,26.4,60.22,44.24,38.54,1112,187,160171.0,113.0,48.2,96.0,3.16,1.48,21.07,49.24,57.48,AC,137,0.00806,0.00457,2319,20.6,81.08,204.4,1109,Medium
EV000113,2026-01-02 07:45:00,389.14,77.25,30.06,79.07,48.2,34.09,1275,145,97366.6,15.6,86.7,117.9,1.47,0.94,14.83,61.73,56.0,DC,163,0.00737,0.00553,1446,88.8,79.49,267.5,1067,High
EV000132,2026-01-02 07:50:00,322.69,-134.75,-43.48,71.75,43.28,30.71,472,181,110396.7,46.8,28.1,38.2,2.39,4.95,14.76,48.89,49.72,AC,168,0.00747,0.00376,1757,74.9,89.16,224.2,1666,Medium
EV000127,2026-01-02 07:55:00,408.73,146.09,59.71,13.02,34.31,30.63,1297,605,97319.3,121.8,33.7,50.6,3.88,2.53,22.58,49.05,40.95,DC,19,0.00755,0.00677,1843,60.3,75.52,45.2,868,High
EV000088,2026-01-02 08:00:00,371.65,156.28,58.08,36.14,27.67,22.32,482,95,20516.1,128.4,58.2,103.5,0.29,3.32,21.44,39.73,40.29,AC,44,0.00604,0.00355,339,45.8,92.03,127.2,1713,Low
EV000284,2026-01-02 08:05:00,394.19,-202.78,-79.93,87.29,47.22,32.02,30,19,128017.4,130.5,36.7,57.6,3.42,5.76,14.28,63.88,54.17,AC,96,0.00528,0.00269,3601,21.5,92.86,314.7,1870,Low
EV000261,2026-01-02 08:10:00,406.3,-111.97,-45.49,98.81,24.28,13.49,318,1,181687.4,182.1,41.0,83.0,3.83,3.44,13.77,41.73,32.96,DC,106,0.00713,0.00307,2463,77.8,92.91,405.6,1746,Low
EV000050,2026-01-02 08:15:00,394.52,129.23,50.98,45.27,15.0,-7.18,1550,527,83551.7,24.5,89.0,125.1,3.55,5.35,17.11,28.77,21.59,AC,179,0.00968,0.00684,1731,78.4,74.52,143.8,748,High
EV000125,2026-01-02 08:20:00,351.33,-113.19,-39.77,41.9,43.62,36.95,1134,514,171242.5,155.8,36.3,55.9,3.32,2.88,14.08,52.97,54.24,AC,72,0.0075,0.00573,2255,40.1,76.86,153.3,975,High
EV000091,2026-01-02 08:25:00,408.31,12.36,5.05,23.44,15.0,-9.02,1673,683,198547.9,249.3,112.5,168.5,0.56,3.23,21.23,33.14,26.56,AC,20,0.00893,0.00657,2615,41.0,68.87,87.4,537,High
EV000295,2026-01-02 08:30:00,360.71,20.09,7.25,35.49,18.86,2.65,809,468,30515.3,168.1,105.3,148.2,3.88,4.76,15.34,25.75,22.78,DC,41,0.00842,0.0045,504,30.8,84.81,136.9,1305,Medium
EV000046,2026-01-02 08:35:00,348.98,161.63,56.4,18.72,43.43,35.38,590,225,47583.2,22.8,23.1,61.0,1.21,4.17,21.27,54.94,54.07,AC,138,0.00571,0.00443,1656,65.1,86.94,88.2,1526,Medium
EV000192,2026-01-02 08:40:00,328.44,-150.83,-49.54,40.32,47.44,41.88,990,62,69942.8,45.8,109.2,120.8,0.62,6.36,22.9,61.36,54.94,DC,164,0.00733,0.00528,2036,90.8,82.95,149.9,1257,Medium
EV000136,2026-01-02 08:45:00,321.95,-12.41,-3.99,38.1,36.61,32.49,383,100,64326.5,18.8,68.6,114.9,3.42,7.76,21.92,48.62,43.24,AC,82,0.00706,0.00293,1546,70.1,90.77,184.3,1649,Low
EV000032,2026-01-02 08:50:00,366.62,6.32,2.32,42.75,47.65,32.13,1447,487,22479.2,77.7,92.0,120.7,2.85,7.38,21.02,54.9,58.43,DC,75,0.01016,0.0058,776,45.6,74.57,121.8,877,High
EV000128,2026-01-02 08:55:00,373.84,-9.11,-3.41,28.75,46.35,29.4,1217,185,74705.0,97.4,21.2,56.4,3.05,1.43,14.8,53.54,54.46,DC,90,0.00948,0.00472,1674,39.4,80.9,110.9,1181,Medium
EV000107,2026-01-02 09:00:00,406.26,116.46,47.31,28.39,20.0,5.96,859,421,105791.7,80.3,103.8,142.1,3.26,2.41,23.28,38.23,33.92,DC,171,0.00825,0.00551,2318,80.6,81.96,125.4,1134,Medium
EV000010,2026-01-02 09:05:00,371.61,128.18,47.63,95.92,43.65,31.35,600,182,17939.4,167.5,37.1,85.1,1.69,3.02,13.03,55.02,46.82,DC,111,0.00676,0.00378,370,61.0,88.32,309.9,1576,Medium
EV000055,2026-01-02 09:10:00,336.64,-106.31,-35.79,86.71,22.36,14.69,117,1,30863.4,151.2,41.6,72.3,0.42,3.66,19.66,38.48,25.56,DC,176,0.00469,0.00272,391,83.3,96.91,413.9,1979,Low
EV000031,2026-01-02 09:15:00,342.57,48.97,16.77,52.71,46.52,36.29,94,39,151318.6,84.7,47.2,83.1,3.55,1.62,21.79,66.15,50.95,AC,48,0.00322,0.00288,2359,74.5,94.06,208.2,1831,Low
EV000268,2026-01-02 09:20:00,330.75,129.88,42.96,65.95,44.43,34.66,1366,123,19654.3,111.6,67.7,83.3,4.5,1.93,20.59,55.46,50.02,DC,58,0.00977,0.00547,769,64.1,79.09,271.2,975,High
EV000125,2026-01-02 09:25:00,386.48,-180.76,-69.86,99.42,15.0,0.47,1473,115,101900.2,222.1,52.5,73.6,2.73,6.88,18.84,31.23,19.6,AC,125,0.01009,0.00616,2686,88.7,77.58,281.4,926,High
EV000125,2026-01-02 09:30:00,369.7,61.75,22.83,99.92,19.12,3.6,1106,434,64113.9,181.1,30.6,85.3,1.26,7.46,13.33,32.36,32.58,AC,39,0.00772,0.00495,1312,21.0,79.52,316.8,1017,High
EV000010,2026-01-02 09:35:00,363.64,202.73,73.72,80.74,19.85,3.54,1771,869,159582.7,105.3,28.3,70.8,1.46,4.27,14.25,30.46,30.06,AC,32,0.00969,0.00676,2456,87.4,67.4,239.4,370,High
EV000223,2026-01-02 09:40:00,353.83,88.96,31.48,42.01,46.24,39.67,1613,744,51480.0,7.7,61.5,99.3,1.47,6.4,13.71,55.44,54.0,DC,108,0.01088,0.00681,1043,73.8,71.3,139.0,629,High
EV000137,2026-01-02 09:45:00,377.45,111.25,41.99,56.93,15.0,-8.75,1681,836,238901.5,56.2,92.9,103.2,1.09,0.2,19.0,20.3,21.88,AC,50,0.01047,0.00778,3108,80.6,65.75,224.4,358,High
EV000040,2026-01-02 09:50:00,321.12,27.92,8.97,83.53,24.87,16.46,1565,60,78695.5,93.6,72.4,94.5,0.86,7.36,22.99,33.83,30.08,AC,23,0.0105,0.00564,2109,82.7,77.74,343.2,969,High
EV000008,2026-01-02 09:55:00,326.28,1.46,0.48,76.93,34.87,31.22,186,8,38197.7,230.6,90.7,131.8,0.51,3.34,14.35,53.57,47.52,AC,63,0.00415,0.00306,1642,64.2,93.83,360.3,1820,Low
EV000044,2026-01-02 10:00:00,358.76,32.95,11.82,27.99,17.55,8.3,9,1,40289.9,134.0,41.8,98.4,2.79,6.3,16.55,22.93,29.06,AC,108,0.00576,0.0027,664,73.7,98.16,146.2,2066,Low
EV000116,2026-01-02 10:05:00,405.54,104.91,42.55,89.05,15.0,6.54,432,39,28202.3,115.0,37.7,51.6,1.52,2.23,21.66,26.65,22.85,DC,22,0.00729,0.00306,570,56.7,93.56,306.5,1907,Low
EV000110,2026-01-02 10:10:00,343.29,104.23,35.78,32.0,15.0,-6.52,183,53,116525.4,124.9,115.3,169.4,3.78,4.08,12.17,27.32,23.19,DC,103,0.00399,0.00326,2556,52.3,93.98,135.7,1819,Low
EV000258,2026-01-02 10:15:00,329.14,105.31,34.66,93.89,20.03,11.52,631,46,64413.9,49.4,65.8,107.2,4.08,0.61,20.82,37.82,26.04,DC,143,0.00516,0.00392,2471,82.1,87.86,326.0,1454,Medium
EV000296,2026-01-02 10:20:00,399.46,-162.49,-64.91,27.7,15.0,-4.65,153,34,147790.9,17.1,46.3,81.9,2.87,5.88,24.98,22.59,21.83,DC,176,0.00544,0.00317,1918,51.8,96.0,131.1,1995,Low
EV000012,2026-01-02 10:25:00,382.44,99.72,38.14,27.51,32.39,23.55,513,136,141373.6,165.1,110.5,121.7,4.34,7.68,13.02,50.75,40.02,DC,180,0.0042,0.00339,2796,27.5,87.67,86.9,1516,Medium
EV000125,2026-01-02 10:30:00,352.03,-92.06,-32.41,77.44,53.58,41.3,1472,303,53709.7,116.3,21.7,42.0,3.52,5.49,18.53,58.69,64.71,AC,56,0.00933,0.00537,766,48.3,75.13,317.8,839,High
EV000001,2026-01-02 10:35:00,346.74,47.9,16.61,60.47,15.0,9.8,1519,487,69835.5,32.8,67.2,120.8,0.9,6.56,16.53,21.1,23.28,DC,150,0.01182,0.00645,1125,35.8,75.11,263.8,825,High
EV000060,2026-01-02 10:40:00,405.47,57.8,23.44,92.84,28.92,16.79,1173,625,83462.0,93.0,55.0,90.1,4.23,7.27,17.43,40.95,41.86,AC,154,0.01036,0.00654,1402,32.8,77.32,343.2,889,High
EV000033,2026-01-02 10:45:00,325.06,-130.3,-42.36,22.77,15.0,-9.15,1225,96,54321.6,239.6,71.9,114.7,3.83,6.38,13.41,34.09,25.0,AC,172,0.00701,0.00588,1136,61.2,83.06,86.3,1262,Medium
EV000054,2026-01-02 10:50:00,360.49,-56.04,-20.2,99.38,27.63,18.75,894,118,120180.9,213.2,74.3,115.0,4.48,3.03,20.58,36.37,31.75,DC,85,0.00812,0.00502,1968,94.6,85.07,483.5,1342,Medium
EV000032,2026-01-02 10:55:00,360.19,-212.34,-76.48,95.34,15.0,-2.27,94,24,209666.6,77.1,119.1,141.3,0.5,6.44,16.24,24.27,26.81,AC,92,0.0027,0.00241,3173,34.4,93.35,315.1,1909,Low
EV000045,2026-01-02 11:00:00,377.46,-39.13,-14.77,24.33,29.18,21.37,816,72,160076.6,201.1,103.5,129.1,1.92,5.5,12.63,40.78,39.45,AC,138,0.00656,0.00439,2080,36.8,85.41,104.4,1365,Medium
EV000187,2026-01-02 11:05:00,364.04,-106.65,-38.83,50.2,15.0,-0.37,601,220,61235.7,232.4,79.0,117.9,0.26,6.01,19.41,21.69,27.45,DC,171,0.00501,0.00357,1052,28.7,87.86,223.4,1567,Medium
EV000122,2026-01-02 11:10:00,357.56,-51.46,-18.4,70.7,32.7,23.69,435,16,103340.9,233.1,29.1,77.7,3.25,3.51,14.51,39.37,42.54,AC,91,0.00545,0.00418,1560,54.1,92.78,316.8,1839,Low
EV000279,2026-01-02 11:15:00,403.07,-216.38,-87.21,75.74,15.0,-2.21,780,293,223311.6,58.6,22.7,62.7,2.19,5.0,15.76,28.75,27.85,AC,108,0.00711,0.00534,2864,63.7,82.75,272.2,1265,Medium
EV000095,2026-01-02 11:20:00,365.83,-137.36,-50.25,5.35,15.0,-8.89,275,52,50926.0,100.8,61.3,99.5,1.91,7.28,17.41,24.67,18.13,AC,57,0.00497,0.00363,747,25.5,94.72,40.0,1849,Low
EV000137,2026-01-02 11:25:00,390.04,-46.08,-17.97,38.09,15.0,4.17,1365,225,13704.6,102.5,103.2,123.5,2.43,0.35,14.07,29.17,25.68,AC,144,0.00799,0.00558,214,49.3,80.95,120.3,1225,Medium
EV000299,2026-01-02 11:30:00,341.02,-209.72,-71.52,9.16,50.65,34.9,1225,254,110666.7,77.9,18.1,66.7,1.89,0.52,13.88,61.89,62.76,AC,121,0.00938,0.00533,1978,68.2,77.73,40.0,991,High
EV000113,2026-01-02 11:35:00,327.34,-147.18,-48.18,10.02,15.6,-2.27,1545,779,1894.3,49.7,70.0,96.3,2.89,2.1,20.7,24.21,27.35,DC,73,0.00981,0.00669,94,64.9,72.33,40.0,614,High
EV000226,2026-01-02 11:40:00,349.52,-118.59,-41.45,71.0,24.11,12.02,851,154,10856.1,138.4,51.8,86.7,0.28,4.35,23.22,41.97,31.55,AC,42,0.0058,0.00474,230,44.8,87.7,259.9,1577,Medium
EV000212,2026-01-02 11:45:00,349.31,179.97,62.87,71.07,40.7,30.74,647,12,133045.8,59.6,33.7,43.9,3.02,2.68,12.09,60.14,51.83,DC,91,0.00591,0.00458,2989,75.4,86.44,358.8,1474,Medium
EV000090,2026-01-02 11:50:00,394.43,-121.49,-47.92,60.51,28.43,15.94,270,34,120383.4,144.6,94.7,152.6,2.61,5.69,13.39,41.29,40.26,AC,76,0.0038,0.00282,3358,66.5,92.12,248.2,1729,Low
EV000038,2026-01-02 11:55:00,363.19,169.85,61.69,39.21,41.02,36.42,309,127,98673.5,50.2,77.0,88.2,2.67,1.28,13.61,50.87,51.98,AC,20,0.00505,0.00279,3269,69.8,89.48,129.5,1588,Medium
EV000084,2026-01-02 12:00:00,364.58,-147.52,-53.78,38.56,15.0,7.56,1569,823,188432.4,192.5,60.3,93.7,0.55,5.82,24.48,20.64,21.77,AC,144,0.01105,0.00662,3512,79.5,67.84,97.5,457,High
EV000222,2026-01-02 12:05:00,326.85,-153.52,-50.18,16.74,43.48,38.93,434,27,178645.5,142.2,58.7,96.5,4.16,0.17,12.1,54.03,46.61,AC,144,0.00432,0.00411,3242,38.5,88.65,71.5,1564,Medium
EV000006,2026-01-02 12:10:00,381.55,-167.16,-63.78,70.58,30.82,17.69,1262,757,235374.4,168.5,99.6,159.6,2.78,4.28,14.44,36.69,34.96,DC,165,0.00987,0.00632,3212,75.4,71.36,189.4,592,High
EV000146,2026-01-02 12:15:00,360.82,-20.54,-7.41,97.88,32.69,16.0,1004,185,14279.4,32.4,117.6,143.6,1.5,6.72,22.42,41.11,42.26,DC,177,0.00717,0.00432,631,90.3,85.76,388.6,1427,Medium
EV000148,2026-01-02 12:20:00,403.86,-83.38,-33.67,9.13,40.39,26.63,553,191,108097.8,185.9,64.5,83.9,3.09,6.04,23.1,53.23,47.75,DC,45,0.00489,0.00416,1965,67.8,88.65,43.7,1586,Medium
EV000217,2026-01-02 12:25:00,377.34,194.94,73.56,47.8,25.83,19.91,501,262,98452.7,61.1,97.9,135.8,1.23,6.69,17.71,42.66,31.25,DC,20,0.0077,0.00433,1639,32.9,87.87,174.3,1607,Medium
EV000267,2026-01-02 12:30:00,408.24,18.25,7.45,66.23,52.56,37.14,57,11,21033.6,127.9,71.9,119.3,0.45,1.54,16.36,68.08,56.35,DC,86,0.00278,0.00353,896,88.3,95.08,243.6,1874,Low
EV000256,2026-01-02 12:35:00,370.3,-42.74,-15.83,62.55,57.17,39.76,379,82,104584.6,202.7,98.0,141.5,3.59,6.3,19.24,66.86,72.09,DC,100,0.00732,0.00312,1571,50.7,88.98,216.1,1672,Medium
EV000249,2026-01-02 12:40:00,378.95,-177.35,-67.21,83.88,27.59,20.18,179,88,122036.1,76.7,89.0,116.3,3.54,0.27,12.99,41.69,30.82,DC,47,0.00292,0.00284,2087,90.7,94.35,389.7,1902,Low
EV000097,2026-01-02 12:45:00,407.31,-63.48,-25.86,91.53,23.97,16.48,1421,826,128374.5,195.6,28.2,60.4,2.21,7.19,22.6,36.87,32.0,DC,80,0.00903,0.00623,3241,54.6,69.39,298.9,572,High
EV000141,2026-01-02 12:50:00,331.8,-163.33,-54.19,98.6,44.48,39.87,863,229,40661.6,65.5,40.6,80.5,0.58,1.29,22.68,63.51,54.29,AC,66,0.0055,0.00529,797,71.1,85.05,374.0,1311,Medium
EV000154,2026-01-02 12:55:00,372.38,-14.18,-5.28,15.46,30.1,18.29,539,227,10593.2,91.9,119.7,170.1,3.59,4.9,17.51,39.06,39.93,DC,150,0.00745,0.00456,306,84.7,90.32,60.0,1725,Low
EV000148,2026-01-02 13:00:00,398.84,48.36,19.29,17.86,33.7,27.23,677,19,21745.2,16.4,59.2,105.8,4.24,4.45,14.68,42.62,48.69,AC,80,0.00757,0.00359,438,26.1,90.81,88.2,1718,Low
EV000168,2026-01-02 13:05:00,368.15,-157.56,-58.0,80.77,56.55,41.37,64,7,69681.0,84.1,97.3,142.1,1.21,3.55,15.36,71.6,60.27,AC,104,0.00548,0.00215,3092,20.6,91.7,285.3,1754,Low
EV000216,2026-01-02 13:10:00,335.3,205.93,69.05,42.99,15.0,0.46,558,189,58308.3,112.9,116.8,143.1,2.24,1.39,17.16,21.12,23.2,DC,130,0.00532,0.00472,1687,85.9,89.55,206.3,1613,Medium
EV000227,2026-01-02 13:15:00,366.71,-127.35,-46.7,63.96,47.81,34.75,751,408,42231.1,13.1,23.3,73.2,1.38,0.7,14.72,53.59,54.05,AC,166,0.00649,0.0052,966,89.9,84.43,219.2,1381,Medium
EV000154,2026-01-02 13:20:00,348.06,213.84,74.43,55.61,37.02,19.98,233,65,50002.9,20.3,68.5,89.0,2.07,1.04,23.14,55.05,40.3,DC,34,0.00369,0.0033,2415,85.1,93.08,299.9,1742,Low
EV000194,2026-01-02 13:25:00,402.42,32.22,12.96,22.66,15.0,-9.25,196,70,170702.6,133.2,90.1,132.4,3.68,5.28,21.49,32.47,28.41,DC,54,0.00369,0.00293,2439,43.0,93.1,100.2,1877,Low
EV000107,2026-01-02 13:30:00,339.42,-206.36,-70.04,40.54,39.87,29.86,1602,464,14817.4,105.2,18.0,61.8,1.88,0.54,12.98,53.15,53.54,DC,81,0.00862,0.00656,284,38.2,74.69,124.0,795,High
EV000255,2026-01-02 13:35:00,346.97,-134.93,-46.82,25.97,23.05,9.97,181,75,69437.6,204.7,42.8,82.7,0.82,0.24,19.22,35.08,34.87,DC,91,0.00515,0.00254,1142,71.9,95.54,135.3,2015,Low
EV000068,2026-01-02 13:40:00,395.42,-83.31,-32.94,55.11,15.09,6.72,402,131,26340.7,104.3,78.3,115.2,3.24,3.06,22.79,23.03,29.89,DC,38,0.00486,0.00357,783,51.2,92.46,256.2,1864,Low
EV000208,2026-01-02 13:45:00,401.13,98.98,39.7,46.06,40.23,27.42,44,12,135306.0,92.4,99.7,136.5,4.09,2.39,18.79,47.09,50.87,DC,80,0.00424,0.00219,1956,32.2,96.32,231.2,1922,Low
EV000162,2026-01-02 13:50:00,409.55,175.73,71.97,68.4,28.16,21.27,1482,751,146850.6,90.4,22.4,60.7,1.35,7.5,17.18,45.09,31.22,DC,105,0.00876,0.00655,3618,43.9,70.18,247.1,631,High
EV000296,2026-01-02 13:55:00,359.55,-196.28,-70.57,31.9,50.04,41.64,416,60,96072.8,76.7,81.0,123.0,3.19,0.98,22.64,61.85,55.51,AC,128,0.00556,0.0035,1380,47.4,90.24,138.3,1696,Low
EV000293,2026-01-02 14:00:00,387.56,215.1,83.36,27.98,40.26,34.41,912,271,117644.7,212.3,23.4,46.5,1.77,1.79,21.06,49.45,48.54,AC,88,0.00659,0.00565,3534,21.0,79.86,132.5,1106,High
EV000028,2026-01-02 14:05:00,342.89,64.69,22.18,25.58,41.47,27.54,1594,236,61434.3,130.6,59.9,110.8,4.37,1.02,21.65,53.2,49.34,AC,21,0.00944,0.00675,786,94.0,77.5,79.5,988,High
EV000063,2026-01-02 14:10:00,355.89,-187.86,-66.86,79.83,18.85,7.7,1746,544,74920.4,109.6,57.5,71.1,1.28,0.58,19.14,27.32,27.1,AC,132,0.00952,0.00671,2075,89.1,70.56,323.1,523,High
EV000142,2026-01-02 14:15:00,379.27,147.6,55.98,97.14,28.37,13.3,634,242,61506.8,88.2,119.4,132.6,1.52,6.48,19.65,42.4,37.16,AC,142,0.00636,0.00399,975,88.6,89.33,331.5,1553,Medium
EV000128,2026-01-02 14:20:00,406.93,163.05,66.35,14.13,34.35,17.01,260,115,179207.5,241.2,65.8,118.7,2.75,3.43,23.1,48.0,43.5,AC,63,0.00513,0.00291,2959,48.6,90.07,56.8,1599,Low
EV000182,2026-01-02 14:25:00,366.53,-125.55,-46.02,97.47,19.11,3.22,994,190,33715.4,240.8,50.0,84.0,2.75,0.81,16.95,33.36,33.35,DC,173,0.00604,0.00447,765,54.1,84.71,351.8,1342,Medium
EV000293,2026-01-02 14:30:00,361.67,151.24,54.7,65.02,32.19,15.12,1414,576,20821.5,17.3,65.9,124.3,2.95,0.74,22.25,45.12,46.49,AC,45,0.0115,0.00563,410,62.9,76.02,219.4,811,High
EV000048,2026-01-02 14:35:00,338.13,124.76,42.19,46.49,18.21,9.7,942,416,88013.8,241.9,59.1,93.7,1.69,5.0,22.51,29.84,24.74,DC,20,0.00665,0.00467,1336,82.4,81.39,221.0,1217,Medium
EV000280,2026-01-02 14:40:00,338.97,214.17,72.6,19.37,16.64,10.46,1009,411,108837.8,163.4,30.9,74.3,2.58,4.32,17.63,29.77,22.27,AC,16,0.0089,0.00473,2230,63.3,79.68,80.6,1071,High
EV000288,2026-01-02 14:45:00,384.32,194.42,74.72,24.42,15.0,-9.99,1587,35,6719.4,168.1,32.3,70.7,4.4,3.94,16.76,31.51,25.78,DC,63,0.01171,0.00587,331,41.0,79.08,86.1,1047,High
EV000031,2026-01-02 14:50:00,350.73,-41.36,-14.51,86.82,25.49,13.77,969,465,131047.7,186.2,115.3,153.0,2.81,4.35,16.56,33.44,31.54,AC,156,0.00737,0.00478,2797,83.7,80.15,307.1,1055,Medium
EV000165,2026-01-02 14:55:00,334.24,-20.08,-6.71,61.22,56.32,41.28,1204,609,57427.9,236.5,69.1,94.2,1.43,4.08,12.52,71.27,60.72,AC,158,0.00729,0.0059,1864,84.3,74.57,212.1,879,High
EV000242,2026-01-02 15:00:00,393.52,50.08,19.71,38.49,36.48,27.24,1714,565,137737.7,76.2,110.6,163.8,4.4,4.9,13.53,45.13,41.41,AC,172,0.01234,0.00648,2618,45.4,68.78,109.1,469,High
EV000163,2026-01-02 15:05:00,330.81,-26.83,-8.87,69.2,54.14,41.93,309,56,50714.6,156.3,95.8,153.0,0.91,2.8,18.33,64.81,60.48,DC,112,0.00586,0.00277,1493,67.1,91.55,336.4,1698,Low
EV000146,2026-01-02 15:10:00,408.7,217.86,89.04,78.79,15.0,-6.2,12,5,151879.8,29.6,63.5,115.7,1.87,5.56,23.8,28.58,23.27,AC,42,0.0034,0.00295,2375,64.1,96.24,347.7,2023,Low
EV000002,2026-01-02 15:15:00,371.32,-193.55,-71.87,30.08,25.17,19.04,617,41,59790.3,155.5,71.0,118.8,3.89,3.92,22.16,32.96,29.21,DC,20,0.00834,0.0037,2821,94.5,87.78,142.4,1479,Medium
EV000014,2026-01-02 15:20:00,402.7,-34.34,-13.83,54.14,20.84,6.71,711,96,77265.7,84.4,103.3,136.6,1.99,6.2,13.5,28.65,32.21,AC,105,0.00643,0.00394,1067,55.0,88.87,240.0,1659,Medium
EV000156,2026-01-02 15:25:00,371.44,69.03,25.64,77.71,36.5,25.68,1291,264,216177.5,13.0,78.5,125.4,0.69,5.9,13.52,55.8,49.9,AC,89,0.00765,0.00535,3274,78.1,76.92,307.0,857,High
EV000196,2026-01-02 15:30:00,377.52,-12.19,-4.6,75.24,25.78,18.25,1423,751,223133.4,15.1,22.8,37.7,3.37,5.48,18.31,35.85,29.04,AC,67,0.00821,0.00658,3240,52.5,69.38,214.2,506,High
EV000036,2026-01-02 15:35:00,364.54,-152.45,-55.57,56.74,23.96,14.73,1331,178,59953.8,187.8,61.9,106.0,4.09,7.91,14.06,32.7,35.32,DC,177,0.00982,0.00589,861,61.5,79.77,234.5,1128,High
EV000296,2026-01-02 15:40:00,335.48,82.69,27.74,76.06,15.0,-7.5,610,254,49443.4,178.6,26.7,54.9,2.81,5.12,16.52,28.26,23.9,DC,97,0.00576,0.00383,2061,48.8,86.68,391.2,1536,Medium
EV000121,2026-01-02 15:45:00,337.5,-41.5,-14.01,97.02,23.34,6.68,339,202,69736.3,53.6,25.1,71.8,1.66,2.29,12.69,40.37,27.47,AC,48,0.00569,0.00356,1205,67.9,92.14,418.4,1787,Low
EV000227,2026-01-02 15:50:00,378.06,-34.21,-12.93,96.17,15.0,-3.45,1288,628,19610.2,228.6,110.8,160.3,0.45,2.81,17.69,34.05,19.49,DC,28,0.01055,0.0056,961,32.2,77.78,368.6,966,High
EV000094,2026-01-02 15:55:00,321.16,-37.41,-12.02,86.71,31.58,17.61,1448,579,27523.3,56.4,118.7,156.1,3.35,6.95,18.98,37.17,44.27,DC,101,0.01119,0.00644,546,61.0,76.23,315.7,857,High
EV000202,2026-01-02 16:00:00,364.11,-7.78,-2.83,24.82,40.69,26.31,1067,599,79621.9,22.5,20.7,40.4,3.98,4.3,24.14,49.59,46.87,AC,31,0.00953,0.00628,1400,35.1,78.09,92.3,1026,High
EV000263,2026-01-02 16:05:00,392.09,169.13,66.31,80.71,15.0,0.12,1685,186,73856.4,179.4,80.5,114.0,3.33,0.08,24.49,29.21,20.89,DC,66,0.00949,0.006,1099,45.4,77.02,363.7,948,High
EV000099,2026-01-02 16:10:00,327.78,-97.81,-32.06,62.75,50.5,36.12,1573,535,193306.1,189.9,25.0,53.4,3.75,3.71,17.36,61.85,64.84,DC,22,0.01219,0.00726,2640,34.9,70.65,244.4,628,High
EV000072,2026-01-02 16:15:00,363.63,-168.46,-61.26,10.94,27.65,10.19,1028,97,54416.2,7.7,62.0,82.1,3.6,7.18,21.65,38.84,30.79,AC,151,0.00613,0.00447,705,79.9,85.19,41.5,1362,Medium
EV000142,2026-01-02 16:20:00,340.78,20.62,7.03,75.3,15.0,-3.11,7,0,39760.4,223.8,45.3,56.9,1.63,7.38,16.77,24.89,28.25,DC,29,0.00449,0.00229,687,71.8,99.95,293.8,2142,Low
EV000072,2026-01-02 16:25:00,379.56,153.58,58.29,74.24,44.13,30.14,1578,494,85336.8,29.1,108.6,141.8,0.3,4.06,20.76,49.93,48.39,AC,148,0.00833,0.00599,1248,38.6,72.85,323.6,669,High
EV000288,2026-01-02 16:30:00,363.91,18.49,6.73,69.8,23.55,15.67,506,123,71428.8,110.7,39.1,73.3,1.89,0.71,19.06,28.96,27.19,AC,37,0.00494,0.00382,2074,42.1,89.24,262.1,1564,Medium
EV000189,2026-01-02 16:35:00,350.1,176.78,61.89,20.83,15.0,-7.73,1037,585,7043.3,129.5,85.8,108.0,1.22,1.96,12.63,22.47,21.33,AC,138,0.00835,0.0049,105,69.3,80.44,59.6,1072,Medium
EV000159,2026-01-02 16:40:00,346.42,-8.88,-3.08,6.77,15.0,-0.93,811,143,54703.0,136.0,97.2,146.6,2.5,1.9,19.49,28.4,27.04,AC,126,0.00546,0.00528,868,55.3,87.47,40.0,1488,Medium
EV000258,2026-01-02 16:45:00,378.34,55.12,20.85,22.2,32.32,19.6,1092,219,160154.2,168.3,24.5,40.0,2.87,2.87,22.06,40.28,37.02,AC,170,0.00977,0.00471,2400,54.2,80.72,73.0,1187,Medium
EV000109,2026-01-02 16:50:00,398.34,185.68,73.96,69.45,15.0,5.11,820,362,84161.8,167.1,118.1,168.3,0.42,5.63,17.06,31.66,18.98,AC,114,0.00681,0.00468,1356,75.5,83.47,305.6,1245,Medium
EV000235,2026-01-02 16:55:00,396.68,84.17,33.39,68.93,15.0,-0.31,1094,250,49417.5,96.6,91.7,136.9,1.22,7.54,19.97,29.86,24.64,DC,108,0.00947,0.00537,1076,68.2,82.68,341.1,1325,Medium
EV000267,2026-01-02 17:00:00,332.83,209.63,69.77,70.19,42.65,33.48,1554,659,53277.7,165.6,31.5,77.7,2.31,5.13,18.89,58.72,55.01,AC,130,0.00988,0.00693,2207,25.9,69.51,254.8,511,High
EV000266,2026-01-02 17:05:00,323.86,141.67,45.88,80.91,41.29,36.32,984,268,44072.1,246.8,17.3,72.9,4.43,4.39,23.8,57.7,45.98,AC,21,0.00656,0.00479,597,25.1,84.49,325.0,1414,Medium
EV000282,2026-01-02 17:10:00,320.64,-149.75,-48.02,74.45,15.0,-3.61,798,15,134182.7,20.1,16.4,37.5,2.13,4.59,14.96,26.44,27.16,DC,105,0.00904,0.00411,3221,39.8,85.21,347.9,1309,Medium
EV000295,2026-01-02 17:15:00,347.94,3.0,1.04,79.82,36.02,29.05,648,140,73628.9,53.4,50.7,97.9,3.59,6.05,18.17,53.5,49.76,AC,74,0.00588,0.00477,2106,33.0,88.31,362.6,1545,Medium
EV000107,2026-01-02 17:20:00,365.95,62.51,22.88,96.9,50.66,34.38,788,385,69306.3,143.8,65.4,92.4,3.66,7.51,19.7,56.35,59.36,DC,148,0.00616,0.0044,1059,53.8,83.96,403.9,1388,Medium
EV000277,2026-01-02 17:25:00,379.25,-27.12,-10.28,35.97,44.58,32.58,1664,16,63641.8,86.5,75.0,106.0,4.2,0.35,14.94,54.92,51.42,AC,174,0.0118,0.00623,2534,76.4,75.41,99.6,780,High
EV000148,2026-01-02 17:30:00,334.3,47.5,15.88,34.62,32.1,14.35,1436,594,33168.2,224.0,64.9,102.1,3.47,4.89,24.85,39.52,35.55,AC,125,0.01053,0.00635,526,74.7,75.75,134.9,819,High
EV000141,2026-01-02 17:35:00,380.51,86.16,32.79,76.66,38.01,33.8,1220,629,7991.0,28.2,82.4,134.2,1.2,7.07,17.59,43.13,46.0,AC,88,0.00955,0.00614,192,67.9,77.41,254.2,937,High
EV000271,2026-01-02 17:40:00,364.09,23.0,8.37,59.75,47.0,31.0,227,98,62429.3,25.5,67.9,85.9,4.46,1.97,17.41,57.25,55.55,AC,24,0.00609,0.00399,792,94.0,94.05,252.0,1836,Low
EV000052,2026-01-02 17:45:00,320.21,8.79,2.81,35.69,15.0,-7.22,626,148,8698.6,207.9,93.6,138.6,4.37,0.89,22.97,33.59,21.25,AC,49,0.00493,0.0036,132,46.0,91.29,140.5,1703,Low
EV000257,2026-01-02 17:50:00,372.94,-110.03,-41.04,82.04,15.0,4.42,507,91,46324.1,182.0,93.3,119.2,1.58,2.96,24.44,24.55,21.46,AC,169,0.00424,0.00331,1548,33.7,90.2,396.7,1668,Low
EV000050,2026-01-02 17:55:00,366.04,-112.48,-41.17,33.14,38.13,24.76,539,204,72142.5,71.3,59.1,74.0,4.38,2.52,21.59,44.77,48.37,AC,178,0.00551,0.00392,2420,64.1,88.36,145.8,1572,Medium
EV000057,2026-01-02 18:00:00,364.05,-119.32,-43.44,24.91,44.64,27.47,1319,371,114781.4,115.2,57.7,117.0,2.85,1.31,16.55,60.64,48.56,DC,78,0.00913,0.00592,1655,57.3,76.08,109.8,825,High
EV000090,2026-01-02 18:05:00,370.29,59.4,22.0,66.06,52.32,37.22,874,43,43534.5,182.1,116.4,143.6,4.37,2.46,23.37,59.26,58.36,DC,80,0.00582,0.00453,1697,61.2,84.75,309.8,1371,Medium
EV000194,2026-01-02 18:10:00,350.77,194.78,68.33,99.02,47.13,30.41,1091,617,138876.6,157.4,110.3,164.2,3.13,6.88,21.64,61.66,59.17,DC,140,0.00978,0.00551,2497,79.4,75.38,364.6,804,High
EV000037,2026-01-02 18:15:00,377.73,174.8,66.03,51.13,28.67,22.45,152,81,41373.9,161.3,112.4,122.7,1.32,4.18,22.98,39.05,32.75,DC,114,0.00534,0.00361,1651,55.1,95.99,244.9,1942,Low
EV000259,2026-01-02 18:20:00,325.05,-147.83,-48.05,77.81,32.72,16.14,287,4,73066.1,136.1,67.1,108.1,0.4,3.19,22.11,40.09,45.27,AC,92,0.0063,0.00306,3007,35.8,90.73,286.4,1752,Low
EV000010,2026-01-02 18:25:00,400.1,-172.85,-69.16,9.88,15.0,-8.04,1674,874,86979.8,110.4,39.8,69.5,4.19,2.19,13.93,21.18,27.16,DC,73,0.01182,0.00722,3278,48.1,65.14,40.0,257,High
EV000019,2026-01-02 18:30:00,389.95,89.4,34.86,20.67,15.0,-8.76,1512,479,69137.5,122.0,44.0,74.4,4.12,4.47,21.74,28.27,22.91,AC,127,0.00926,0.00605,2002,21.4,73.03,62.0,791,High
EV000146,2026-01-02 18:35:00,336.86,215.16,72.48,43.85,15.0,-9.98,1499,341,121832.3,194.1,107.6,130.5,3.03,3.35,21.18,31.04,25.83,AC,107,0.008,0.00567,1557,84.8,76.12,155.9,824,High
EV000116,2026-01-02 18:40:00,358.65,-192.84,-69.16,30.79,47.03,33.24,1006,599,108519.9,180.3,81.8,126.4,2.16,0.43,12.64,63.9,61.66,DC,61,0.00626,0.00504,3401,38.4,76.61,134.0,857,High
EV000273,2026-01-02 18:45:00,355.45,192.1,68.28,14.74,19.65,15.99,974,183,64308.7,96.1,37.9,52.1,2.61,0.98,14.12,39.03,23.55,DC,152,0.00737,0.00423,1930,50.3,82.82,65.3,1215,Medium
EV000220,2026-01-02 18:50:00,388.15,118.64,46.05,60.62,30.18,22.05,132,46,222027.7,234.1,106.9,125.7,2.09,2.45,20.49,37.78,42.38,AC,41,0.00448,0.00357,3404,28.3,93.06,293.8,1797,Low
EV000236,2026-01-02 18:55:00,380.13,196.76,74.79,23.44,20.7,4.76,917,214,72857.9,188.8,63.0,115.7,4.13,5.26,24.0,39.48,28.56,AC,19,0.0093,0.00547,3355,77.2,81.56,83.8,1188,Medium
EV000247,2026-01-02 19:00:00,320.2,49.49,15.85,95.22,18.0,13.76,1703,160,96397.1,54.5,86.3,124.7,3.75,2.22,18.23,31.98,31.87,AC,71,0.01206,0.00601,2734,35.4,74.79,342.1,795,High
EV000174,2026-01-02 19:05:00,404.83,132.14,53.5,92.75,25.91,8.91,199,8,34011.4,85.5,110.9,160.2,3.97,1.63,19.94,40.73,32.03,AC,163,0.00418,0.00358,1342,38.1,95.83,495.7,1941,Low
EV000025,2026-01-02 19:10:00,390.59,-103.22,-40.32,27.03,15.0,-0.98,579,330,171751.9,232.2,64.3,83.8,2.58,2.44,18.45,31.03,29.0,DC,104,0.00693,0.00424,2155,65.6,85.65,98.7,1343,Medium
EV000121,2026-01-02 19:15:00,335.92,-64.15,-21.55,26.41,28.78,15.39,39,2,83203.6,105.1,31.4,78.4,2.61,4.57,17.73,40.81,32.88,AC,16,0.00335,0.00283,2985,75.6,94.42,129.3,1875,Low
EV000049,2026-01-02 19:20:00,357.46,177.74,63.54,81.25,31.3,24.2,246,113,54945.2,70.7,38.4,49.6,2.71,2.2,16.21,42.36,35.83,DC,171,0.00642,0.00379,2417,34.0,91.2,367.7,1663,Low
EV000205,2026-01-02 19:25:00,360.1,107.91,38.86,84.21,50.77,35.1,314,41,91088.2,203.6,60.4,76.6,1.1,7.2,16.14,62.3,57.47,DC,143,0.00518,0.00291,1651,21.1,91.61,403.1,1813,Low
EV000227,2026-01-02 19:30:00,347.34,-20.7,-7.19,54.37,15.0,-6.55,692,309,44421.3,54.5,32.8,61.1,0.55,2.05,16.46,32.49,19.56,DC,175,0.00719,0.00431,1138,38.8,87.96,186.0,1519,Medium
EV000152,2026-01-02 19:35:00,327.55,-62.43,-20.45,52.36,23.12,16.54,1390,504,217170.2,51.5,64.1,120.0,0.43,2.63,21.82,33.96,27.29,DC,124,0.00936,0.00608,2887,35.1,74.28,145.5,738,High
EV000075,2026-01-02 19:40:00,340.54,1.19,0.4,62.98,38.11,30.22,253,71,220481.8,247.7,47.9,106.1,4.26,7.7,17.96,54.55,44.85,DC,33,0.00402,0.00388,3487,25.9,90.53,304.6,1685,Low
EV000109,2026-01-02 19:45:00,348.57,192.28,67.02,75.64,34.1,25.61,519,44,147486.1,4.3,78.7,98.8,1.23,7.58,15.95,45.15,37.47,DC,161,0.00683,0.0039,3253,24.3,88.1,364.9,1472,Medium
EV000181,2026-01-02 19:50:00,389.19,149.76,58.28,58.9,49.17,38.68,88,48,57955.9,236.3,89.1,116.6,3.68,7.09,19.63,58.2,62.65,AC,81,0.00574,0.0028,2237,57.2,92.68,221.9,1775,Low
EV000225,2026-01-02 19:55:00,384.02,192.9,74.08,11.09,25.87,18.89,149,39,28429.2,110.5,87.8,145.0,3.77,3.7,23.91,35.03,33.85,AC,91,0.00528,0.00272,945,44.3,96.61,54.3,1995,Low
EV000132,2026-01-02 20:00:00,353.51,-134.05,-47.39,67.39,44.54,27.28,1432,207,126977.3,101.5,95.6,124.1,4.15,7.58,22.02,58.59,50.74,AC,57,0.01099,0.00515,1812,54.5,76.23,208.1,816,High
EV000103,2026-01-02 20:05:00,340.2,86.6,29.46,68.96,48.08,31.02,788,341,17366.4,176.9,52.0,110.0,2.16,4.36,21.26,62.36,57.72,DC,152,0.0059,0.00457,389,82.7,85.35,213.3,1456,Medium
EV000096,2026-01-02 20:10:00,407.98,-118.44,-48.32,69.03,15.0,10.65,1358,487,96174.7,226.4,112.4,153.5,0.45,0.39,23.24,34.69,26.05,AC,109,0.01131,0.00678,2653,48.8,75.75,208.7,878,High
EV000173,2026-01-02 20:15:00,345.17,87.92,30.35,88.28,38.66,28.68,1182,15,139629.3,60.1,110.2,158.8,1.17,1.15,20.86,44.76,48.14,DC,37,0.00848,0.00513,2388,68.4,80.75,390.8,1154,Medium
EV000134,2026-01-02 20:20:00,366.52,-206.13,-75.55,77.75,21.15,3.36,1424,741,46456.3,108.8,107.2,150.7,3.4,6.5,21.83,40.3,29.03,DC,109,0.00975,0.00709,1015,24.0,74.47,229.1,796,High
EV000044,2026-01-02 20:25:00,392.52,115.78,45.45,11.78,33.66,17.79,470,56,41620.2,53.8,101.1,144.2,2.77,5.82,21.27,40.25,45.02,DC,165,0.00478,0.0041,1287,33.3,91.83,53.6,1788,Low
EV000275,2026-01-02 20:30:00,362.54,-213.26,-77.31,89.41,32.56,28.22,1689,850,170346.1,105.1,69.0,120.3,2.23,1.0,21.34,48.23,46.12,AC,93,0.01158,0.00734,2203,24.9,68.92,287.0,540,High
EV000055,2026-01-02 20:35:00,362.81,-73.14,-26.54,47.44,16.86,9.27,202,59,39284.6,179.0,23.4,64.1,2.34,6.55,12.4,29.78,20.76,DC,24,0.006,0.0031,906,85.8,95.07,247.0,1921,Low
EV000281,2026-01-02 20:40:00,347.16,-120.63,-41.88,18.51,15.0,-3.03,590,52,113255.4,143.8,15.6,59.6,1.13,3.69,17.0,27.3,29.41,DC,132,0.00519,0.00395,2011,51.8,90.12,69.1,1591,Low
EV000025,2026-01-02 20:45:00,384.24,-102.49,-39.38,24.68,15.0,-8.91,783,312,43845.2,45.8,88.7,109.0,1.71,5.88,19.66,21.44,22.12,DC,44,0.00851,0.00472,2143,55.3,83.79,73.7,1276,Medium
EV000297,2026-01-02 20:50:00,361.93,-206.12,-74.6,95.84,31.62,20.49,1559,485,77813.7,197.8,23.1,53.2,3.67,0.83,12.45,39.65,41.88,AC,112,0.00934,0.0068,2087,30.0,73.51,268.5,802,High
EV000178,2026-01-02 20:55:00,321.46,88.77,28.54,8.15,37.18,28.99,1318,97,37206.1,45.0,48.3,97.0,4.41,0.79,21.94,51.91,51.7,AC,57,0.01094,0.00548,1399,71.3,80.52,40.0,1185,Medium
EV000156,2026-01-02 21:00:00,358.27,-95.3,-34.14,97.86,39.05,34.82,1730,422,81140.6,84.3,32.5,83.5,1.05,7.76,18.22,56.78,52.9,DC,162,0.01105,0.00615,1659,28.8,71.91,377.8,691,High
EV000043,2026-01-02 21:05:00,374.25,102.95,38.53,30.88,46.41,31.58,236,53,37599.3,144.8,37.8,53.6,3.1,4.26,13.67,56.48,59.18,DC,147,0.00622,0.00339,1835,44.6,93.76,145.0,1871,Low
EV000281,2026-01-02 21:10:00,402.73,47.12,18.98,60.23,46.64,32.72,117,4,22500.2,246.0,78.8,124.1,0.5,0.12,14.87,54.89,57.37,AC,100,0.00493,0.00316,290,78.4,95.63,266.9,1931,Low
EV000065,2026-01-02 21:15:00,331.37,180.32,59.75,9.39,15.0,4.1,1217,595,80868.7,28.0,103.5,128.3,3.83,5.81,13.35,29.34,18.41,DC,79,0.00855,0.00637,1699,25.9,75.72,40.0,915,High
EV000026,2026-01-02 21:20:00,384.27,78.21,30.05,44.53,46.49,29.58,216,109,64780.9,194.8,39.9,67.9,3.07,2.86,15.66,63.61,54.98,AC,70,0.00599,0.0038,882,54.6,93.58,199.9,1906,Low
EV000161,2026-01-02 21:25:00,331.3,-24.65,-8.17,20.12,52.32,38.44,89,32,120146.3,133.7,54.0,78.3,2.84,0.79,22.72,59.64,57.04,DC,48,0.00304,0.00225,2233,86.2,93.96,74.4,1886,Low
EV000091,2026-01-02 21:30:00,332.87,-210.7,-70.14,81.56,26.99,20.74,831,9,40036.8,23.1,35.0,71.9,1.66,7.38,24.13,41.14,39.45,AC,166,0.00675,0.0046,1504,26.6,86.68,295.6,1493,Medium
EV000218,2026-01-02 21:35:00,361.6,-185.29,-67.0,39.71,15.0,0.66,327,164,15509.8,165.2,119.4,161.1,1.22,4.97,22.57,25.14,29.56,AC,154,0.00525,0.00347,340,24.0,93.83,215.9,1850,Low
EV000067,2026-01-02 21:40:00,361.92,-132.78,-48.06,49.12,32.46,28.38,1449,489,69518.4,132.4,106.5,152.7,3.17,0.57,22.75,48.58,42.91,AC,38,0.00845,0.00637,2040,45.9,74.31,172.2,724,High
EV000262,2026-01-02 21:45:00,397.02,146.5,58.17,30.02,23.12,19.69,520,244,91573.3,163.8,84.8,134.5,3.09,4.94,19.79,35.24,28.58,DC,72,0.00767,0.00392,2021,31.8,89.23,97.9,1553,Medium
EV000228,2026-01-02 21:50:00,357.05,-172.16,-61.47,74.94,15.0,-6.38,252,141,107065.0,59.8,75.0,110.2,4.37,2.04,14.07,32.99,28.79,AC,51,0.00656,0.00302,3477,20.9,91.2,354.4,1773,Low
EV000146,2026-01-02 21:55:00,329.53,-142.58,-46.98,34.24,40.5,29.87,664,398,60714.2,198.8,38.0,58.2,4.0,1.55,12.36,52.31,49.73,DC,103,0.00527,0.00482,942,90.4,86.95,176.2,1523,Medium
EV000298,2026-01-02 22:00:00,353.95,-46.64,-16.51,50.52,15.0,-7.25,400,38,16845.7,130.7,41.1,86.3,1.84,1.04,12.36,22.97,24.44,AC,139,0.00563,0.0032,261,64.1,94.75,205.8,1979,Low
EV000129,2026-01-02 22:05:00,340.25,-23.77,-8.09,85.81,26.09,18.23,1737,912,9885.5,36.0,91.2,130.9,2.33,1.5,12.68,37.14,36.46,AC,56,0.00955,0.00802,239,51.6,68.71,306.0,499,High
EV000288,2026-01-02 22:10:00,343.45,-201.99,-69.37,14.18,22.51,16.57,1283,48,39801.6,112.8,64.2,84.8,3.53,2.06,21.8,32.34,34.01,AC,27,0.01029,0.00477,544,76.7,83.83,54.9,1240,Medium
EV000137,2026-01-02 22:15:00,348.89,-67.95,-23.71,12.99,15.0,-7.82,175,8,1765.7,106.5,33.8,80.2,3.19,5.18,24.29,30.25,24.14,DC,135,0.00406,0.00261,32,85.9,98.09,56.8,2078,Low
EV000224,2026-01-02 22:20:00,394.66,-99.02,-39.08,43.14,54.89,37.54,895,281,125218.8,221.9,83.5,134.7,1.45,3.33,15.15,65.79,65.85,AC,15,0.00934,0.00469,1575,69.8,81.68,149.9,1157,Medium
EV000171,2026-01-02 22:25:00,368.89,5.57,2.05,11.1,31.23,14.7,307,37,187320.2,180.3,76.5,95.6,0.46,5.58,12.64,47.58,34.57,AC,43,0.00686,0.00411,2633,24.8,91.3,56.5,1675,Low
EV000167,2026-01-02 22:30:00,355.64,179.28,63.76,64.79,15.0,4.94,1215,188,66928.8,150.2,102.6,117.7,3.58,0.76,20.01,26.21,20.57,DC,69,0.00983,0.00582,1086,37.0,81.92,206.1,1198,Medium
EV000229,2026-01-02 22:35:00,375.41,-213.49,-80.15,21.84,39.75,24.2,1086,518,47095.9,54.8,63.0,76.9,3.1,4.96,24.23,51.39,45.05,AC,98,0.00638,0.00497,939,82.2,79.38,96.8,1059,High
EV000145,2026-01-02 22:40:00,375.59,-216.76,-81.41,23.84,15.0,-3.06,372,86,4188.1,172.7,23.6,75.4,3.31,1.98,21.3,24.68,22.44,DC,51,0.00611,0.00375,116,39.9,95.45,98.6,2011,Low
EV000206,2026-01-02 22:45:00,325.66,-202.93,-66.09,90.5,33.65,15.91,1249,688,99374.2,123.3,57.1,98.6,3.99,1.36,24.37,51.2,41.87,DC,142,0.0091,0.0059,2432,93.9,73.67,325.1,803,High
EV000086,2026-01-02 22:50:00,322.05,155.48,50.07,41.76,57.54,41.44,1067,437,13218.6,242.9,30.9,84.1,3.0,0.93,24.55,65.52,69.88,DC,78,0.00736,0.00507,363,56.1,79.46,156.7,1001,High
EV000267,2026-01-02 22:55:00,393.71,120.17,47.31,54.53,15.0,-8.13,1326,61,60407.7,139.6,105.1,118.2,0.31,6.48,23.01,22.4,21.63,DC,166,0.00763,0.00496,2238,68.4,80.84,218.0,1142,Medium
EV000299,2026-01-02 23:00:00,336.67,204.89,68.98,53.15,53.43,38.52,1276,489,8749.9,82.5,112.7,158.6,0.54,6.99,19.11,72.05,61.96,DC,53,0.00781,0.00565,176,63.2,77.09,231.5,1015,High
EV000246,2026-01-02 23:05:00,398.59,-196.96,-78.51,49.56,15.0,-1.1,841,191,200731.9,19.9,22.0,58.7,2.04,6.58,18.93,30.7,26.65,AC,117,0.00792,0.00412,2865,42.9,83.72,147.8,1228,Medium
EV000227,2026-01-02 23:10:00,397.04,-212.78,-84.48,15.2,26.45,22.47,957,574,61744.1,225.2,104.5,118.2,0.78,5.42,15.89,42.81,31.07,AC,40,0.00851,0.0061,849,45.4,80.78,60.3,1123,Medium
EV000299,2026-01-02 23:15:00,360.6,-16.12,-5.81,97.05,15.0,-2.9,997,219,65228.9,246.4,30.7,47.8,4.11,0.6,21.2,30.83,19.59,AC,54,0.00944,0.00493,2944,63.7,80.47,439.4,1204,Medium
EV000299,2026-01-02 23:20:00,355.35,-40.8,-14.5,34.76,15.0,-2.09,1393,181,11772.7,131.1,45.9,78.9,2.16,4.95,17.94,25.69,27.57,AC,68,0.00902,0.00616,294,79.6,80.16,137.0,1095,Medium
EV000200,2026-01-02 23:25:00,339.58,-160.85,-54.62,92.48,48.59,36.07,179,84,140021.0,36.8,16.4,32.4,2.77,2.07,14.89,58.22,57.78,AC,153,0.00466,0.00382,3312,52.5,90.42,393.6,1648,Low
EV000104,2026-01-02 23:30:00,396.28,196.49,77.87,39.79,15.0,-0.82,1192,521,66308.8,133.7,44.3,57.2,4.36,2.59,17.46,23.42,18.02,DC,142,0.00698,0.00586,2086,65.1,76.46,141.8,834,High
EV000209,2026-01-02 23:35:00,354.88,51.68,18.34,35.66,15.0,-1.75,1767,953,204847.4,214.9,109.6,148.7,2.21,1.18,24.42,34.77,24.29,AC,179,0.01188,0.00787,3250,70.7,64.02,113.0,282,High
EV000096,2026-01-02 23:40:00,325.11,-177.39,-57.67,59.56,15.0,-1.39,82,46,48278.3,164.5,81.7,133.5,4.2,6.59,24.7,24.56,29.84,DC,172,0.00365,0.00238,697,63.6,97.46,266.1,2085,Low
EV000113,2026-01-02 23:45:00,363.28,-128.65,-46.74,64.26,16.8,6.18,1443,485,39850.7,24.7,112.2,140.7,0.39,1.2,14.52,26.47,30.2,AC,79,0.01054,0.00588,1714,52.6,75.89,198.3,924,High
EV000013,2026-01-02 23:50:00,352.77,143.65,50.68,32.79,46.14,38.8,1564,220,90732.4,172.7,82.4,97.6,1.93,2.32,13.65,54.0,60.53,DC,52,0.00842,0.00654,2660,81.0,72.92,95.3,642,High
EV000107,2026-01-02 23:55:00,326.98,23.61,7.72,44.31,17.13,8.63,789,428,20823.3,128.6,83.3,140.6,4.16,4.24,15.98,29.17,25.56,DC,136,0.00889,0.00454,680,42.4,84.75,186.2,1407,Medium
EV000023,2026-01-03 00:00:00,327.97,7.31,2.4,16.96,35.62,25.87,932,313,84046.9,20.1,117.6,147.3,1.76,3.69,20.46,47.04,49.25,AC,172,0.00746,0.00568,2360,28.4,81.22,53.8,1168,Medium
EV000243,2026-01-03 00:05:00,327.99,137.84,45.21,34.54,52.0,34.18,1558,752,35681.2,4.8,47.7,70.8,1.04,3.24,15.77,68.72,64.52,DC,66,0.01015,0.00668,667,23.7,71.1,140.0,650,High
EV000041,2026-01-03 00:10:00,323.37,-53.08,-17.16,44.43,46.56,35.85,1501,3,98396.3,88.9,47.5,63.4,0.62,4.47,14.04,66.11,57.17,AC,168,0.00945,0.00503,3461,50.3,74.98,156.1,797,High
EV000027,2026-01-03 00:15:00,321.45,68.34,21.97,35.33,15.0,-0.3,564,42,123175.0,240.7,100.7,118.8,0.76,5.46,22.73,30.27,29.94,AC,83,0.00562,0.0033,3336,81.6,87.72,159.4,1532,Medium
EV000160,2026-01-03 00:20:00,365.64,172.88,63.21,43.35,15.0,-1.41,379,2,43764.1,92.2,92.9,140.7,4.13,2.05,16.44,25.38,29.38,AC,44,0.00487,0.00348,1507,93.9,92.45,205.2,1799,Low
EV000138,2026-01-03 00:25:00,364.59,-11.85,-4.32,71.12,37.68,23.33,1276,638,134346.2,186.8,86.8,122.7,2.93,4.6,20.99,52.46,43.27,DC,51,0.00716,0.00618,2464,91.8,74.0,215.1,764,High
EV000028,2026-01-03 00:30:00,350.83,-206.35,-72.39,65.9,24.41,18.84,1427,599,25996.7,46.6,119.2,132.0,3.76,1.68,12.83,32.7,38.42,DC,34,0.00794,0.00614,574,58.5,75.31,269.6,805,High
EV000282,2026-01-03 00:35:00,320.91,210.05,67.41,72.69,53.61,36.63,263,12,240548.7,110.9,49.0,64.9,1.05,1.53,12.63,66.74,62.56,DC,123,0.00401,0.00354,3335,75.7,90.18,257.6,1720,Low
EV000109,2026-01-03 00:40:00,358.54,-61.72,-22.13,70.6,46.07,35.2,598,235,197063.4,208.2,90.6,131.9,2.38,5.86,23.34,52.53,57.68,AC,118,0.00783,0.00491,3090,60.2,84.63,346.8,1394,Medium
EV000280,2026-01-03 00:45:00,324.19,-183.22,-59.4,23.06,15.0,8.15,1,0,66597.2,107.8,44.2,100.5,1.17,2.86,18.06,31.74,18.58,AC,166,0.00374,0.00239,1724,92.8,98.0,110.5,2032,Low
EV000034,2026-01-03 00:50:00,404.32,130.16,52.63,6.66,49.05,38.52,1612,879,143044.3,14.3,77.5,89.9,2.81,7.13,15.32,58.8,62.5,AC,155,0.01043,0.00695,1936,40.6,66.36,40.0,415,High
EV000136,2026-01-03 00:55:00,391.84,150.11,58.82,54.86,51.54,33.84,1060,139,44869.1,35.1,98.8,147.5,2.04,0.67,14.8,60.33,57.34,AC,100,0.00719,0.00433,613,94.8,83.2,227.2,1279,Medium
EV000288,2026-01-03 01:00:00,334.28,75.61,25.27,36.6,28.42,19.29,1293,134,240554.3,41.4,46.9,66.8,3.69,3.8,20.69,40.23,34.88,AC,147,0.01079,0.00564,3085,54.4,79.64,170.1,1133,High
EV000226,2026-01-03 01:05:00,334.5,-71.67,-23.97,25.27,16.39,2.05,365,80,47609.9,80.6,22.6,42.0,2.5,7.22,17.78,34.1,28.71,DC,66,0.0061,0.0042,795,93.1,93.39,118.6,1813,Low
EV000062,2026-01-03 01:10:00,383.15,-118.85,-45.54,61.7,15.0,9.0,1161,554,105006.3,9.4,31.0,57.1,3.12,2.28,17.6,30.03,26.16,DC,130,0.00872,0.00601,2446,35.3,77.84,284.0,945,High
EV000293,2026-01-03 01:15:00,342.81,-129.1,-44.26,17.31,44.72,37.62,156,11,149014.9,76.7,116.5,130.2,2.49,3.19,21.6,54.9,55.96,AC,135,0.00436,0.00267,3538,20.8,92.58,79.4,1786,Low
EV000257,2026-01-03 01:20:00,354.44,-189.89,-67.3,38.73,23.01,12.17,421,100,169696.1,180.2,103.3,159.1,3.31,3.31,15.64,30.06,27.02,DC,68,0.00553,0.00432,3056,88.7,89.38,148.4,1644,Medium
EV000050,2026-01-03 01:25:00,368.18,-5.01,-1.85,39.03,53.27,38.75,901,148,112533.5,141.0,103.9,131.9,1.87,7.93,19.12,60.6,65.18,AC,171,0.00629,0.00457,1992,46.3,83.29,148.5,1327,Medium
EV000050,2026-01-03 01:30:00,337.25,-161.27,-54.39,18.79,33.38,16.35,180,72,102655.7,224.4,61.5,89.7,4.24,4.37,20.16,41.02,45.11,AC,162,0.00558,0.00295,3298,29.2,92.44,95.4,1849,Low
EV000207,2026-01-03 01:35:00,386.63,-114.85,-44.4,50.11,15.0,-9.31,1129,669,41579.1,184.7,92.2,128.0,0.93,7.08,15.05,21.37,28.29,AC,43,0.00798,0.00573,1577,81.2,78.09,161.9,945,High
EV000255,2026-01-03 01:40:00,408.85,-192.61,-78.75,19.64,16.06,5.54,1631,142,77561.8,158.1,116.5,136.8,0.98,6.11,19.38,24.03,25.52,DC,47,0.00984,0.00677,1307,88.1,77.21,74.1,979,High
EV000059,2026-01-03 01:45:00,396.83,-82.72,-32.83,89.39,15.0,-0.96,735,221,182992.8,207.4,31.8,86.4,4.01,1.0,23.62,25.94,21.89,DC,120,0.0085,0.00521,2468,61.3,84.2,449.0,1279,Medium
EV000041,2026-01-03 01:50:00,346.81,-182.59,-63.32,90.39,56.22,40.73,1258,724,77187.5,7.2,82.6,137.2,1.86,3.49,13.62,75.03,62.06,AC,63,0.01045,0.00558,1349,44.7,72.42,368.2,756,High
EV000069,2026-01-03 01:55:00,346.99,134.48,46.66,44.88,15.0,-4.56,1651,627,67948.1,182.8,119.4,166.1,2.13,7.52,13.24,24.44,19.52,AC,102,0.00914,0.00729,2773,43.9,70.78,117.8,547,High
EV000097,2026-01-03 02:00:00,343.95,-172.71,-59.4,78.33,27.17,10.73,487,192,71788.7,111.9,84.5,129.5,3.48,5.04,17.36,43.47,38.26,DC,157,0.00739,0.00391,1162,86.5,90.75,258.3,1716,Low
EV000037,2026-01-03 02:05:00,355.45,-195.3,-69.42,12.99,38.76,23.59,1607,359,115684.3,23.3,42.9,65.6,3.56,2.68,14.8,50.53,49.44,DC,169,0.01058,0.0057,2497,61.9,73.3,50.0,780,High
EV000294,2026-01-03 02:10:00,389.55,-90.37,-35.2,39.74,37.31,23.0,252,44,245805.9,207.6,36.0,65.5,4.07,2.84,12.94,55.7,48.05,DC,87,0.00447,0.00344,3391,74.7,90.75,201.2,1624,Low
EV000028,2026-01-03 02:15:00,396.99,121.65,48.29,83.31,50.23,33.49,1116,619,89729.5,95.6,76.8,96.6,4.33,7.58,12.99,62.81,53.59,DC,39,0.00716,0.00538,1390,54.7,76.19,338.6,905,High
EV000093,2026-01-03 02:20:00,357.68,-92.18,-32.97,64.13,41.55,29.26,464,107,178902.0,246.9,37.9,76.9,3.15,1.88,24.4,46.68,53.82,DC,97,0.00776,0.00371,2903,52.4,88.06,237.6,1552,Medium
EV000055,2026-01-03 02:25:00,369.93,-156.81,-58.01,63.5,26.54,19.73,639,15,62820.0,35.7,25.8,57.4,0.83,6.92,18.3,40.74,32.24,AC,100,0.00489,0.00414,2767,82.6,89.12,260.3,1525,Medium
EV000142,2026-01-03 02:30:00,357.65,171.3,61.27,52.31,18.77,2.55,193,60,152127.4,121.3,60.6,80.0,2.94,2.55,17.6,31.87,29.89,DC,116,0.00309,0.00321,1990,36.8,94.89,198.9,1938,Low
EV000059,2026-01-03 02:35:00,377.89,142.49,53.85,46.94,47.28,37.78,179,72,23528.2,120.6,34.2,70.8,2.73,7.11,23.62,64.15,54.56,DC,72,0.0046,0.00356,988,69.9,93.19,235.1,1822,Low
EV000188,2026-01-03 02:40:00,395.65,-96.97,-38.36,98.69,36.05,32.08,453,153,62864.7,127.6,22.9,36.5,0.7,7.05,14.76,53.92,43.76,AC,138,0.00702,0.00435,2001,56.1,88.66,513.5,1601,Medium
EV000295,2026-01-03 02:45:00,347.11,25.28,8.77,71.91,19.27,8.94,1470,568,251286.9,53.3,70.8,114.3,4.22,6.62,14.35,31.27,23.03,AC,149,0.0097,0.00595,3226,50.8,71.52,250.0,589,High
EV000211,2026-01-03 02:50:00,384.26,-148.28,-56.98,6.83,57.54,41.4,501,187,78906.6,178.0,119.0,171.5,1.46,5.39,19.2,68.66,72.47,DC,180,0.00407,0.00448,2654,56.6,86.48,40.0,1381,Medium
EV000155,2026-01-03 02:55:00,328.74,-94.28,-30.99,29.86,37.74,33.96,1143,365,153534.2,86.8,29.8,85.8,2.79,3.6,22.35,47.87,44.13,AC,153,0.00762,0.00513,2074,83.6,78.05,135.4,970,High
EV000259,2026-01-03 03:00:00,328.35,159.36,52.33,56.31,54.58,39.59,150,50,85515.3,147.3,47.0,64.9,3.05,2.71,19.41,61.56,63.9,DC,129,0.00647,0.00384,1378,30.4,93.35,288.2,1800,Low
EV000292,2026-01-03 03:05:00,342.2,-131.62,-45.04,31.54,37.65,20.2,1743,584,174603.6,39.3,32.2,49.8,3.71,0.18,19.14,49.42,40.68,DC,158,0.00925,0.00634,3001,52.1,67.88,111.3,465,High
EV000015,2026-01-03 03:10:00,360.01,-167.16,-60.18,82.56,25.46,20.09,631,223,143535.8,133.3,74.0,98.5,2.28,1.91,19.5,30.82,39.12,DC,71,0.00842,0.00393,2527,64.7,86.74,419.3,1466,Medium
EV000033,2026-01-03 03:15:00,359.51,65.7,23.62,15.83,15.0,-4.62,519,68,121195.6,239.7,109.4,155.9,0.5,0.28,23.66,20.28,29.31,AC,176,0.00412,0.00413,1576,49.7,90.79,62.3,1620,Low
EV000270,2026-01-03 03:20:00,370.85,207.34,76.89,94.41,30.48,15.18,1727,369,64352.4,18.5,53.9,64.6,0.62,2.42,13.81,45.3,42.05,AC,120,0.0106,0.00704,1899,54.9,72.69,367.5,673,High
EV000105,2026-01-03 03:25:00,376.32,189.08,71.16,29.68,45.96,30.15,1750,944,239920.2,193.0,77.0,91.2,4.41,5.0,12.16,57.56,52.56,AC,110,0.01235,0.00791,3559,51.6,63.44,110.9,127,High
EV000045,2026-01-03 03:30:00,379.16,28.62,10.85,83.76,15.0,-0.75,857,427,140930.0,220.0,94.5,126.8,0.42,1.13,23.78,21.77,18.92,DC,167,0.00829,0.00515,2925,61.8,79.98,351.1,1102,High
EV000187,2026-01-03 03:35:00,383.24,47.23,18.1,68.06,23.72,10.76,658,301,131745.4,241.5,106.1,133.3,3.93,0.48,18.67,31.94,31.76,DC,103,0.00608,0.0048,1895,57.0,86.46,346.9,1412,Medium
EV000233,2026-01-03 03:40:00,370.05,117.73,43.57,38.35,27.39,21.85,1318,316,21798.6,152.4,48.4,86.4,2.11,6.04,24.07,35.46,41.51,DC,145,0.00903,0.00604,336,74.6,81.52,155.0,1140,Medium
EV000260,2026-01-03 03:45:00,320.18,39.0,12.49,67.27,35.43,28.89,481,203,96673.1,40.6,49.1,91.8,1.62,2.48,22.6,43.6,41.79,AC,100,0.00649,0.00357,2808,68.5,87.73,212.6,1510,Medium
EV000185,2026-01-03 03:50:00,341.57,-30.48,-10.41,96.78,36.14,26.88,1359,163,81545.1,164.5,114.2,149.1,3.73,4.47,13.82,47.08,47.98,AC,135,0.00992,0.0054,1150,36.8,78.73,421.1,1063,High
EV000097,2026-01-03 03:55:00,353.91,-186.24,-65.91,87.8,23.9,14.91,7,1,34360.2,141.5,81.9,112.2,1.36,3.1,20.52,37.15,37.78,DC,19,0.00373,0.00308,431,67.5,98.22,482.5,2128,Low
EV000206,2026-01-03 04:00:00,324.46,77.3,25.08,75.64,15.0,-2.96,776,329,50189.4,81.4,20.6,51.6,2.72,3.0,24.27,28.65,29.47,AC,58,0.00657,0.00526,1168,39.3,85.0,259.2,1438,Medium
EV000235,2026-01-03 04:05:00,405.65,-34.15,-13.85,72.36,15.0,-8.67,1429,344,64606.0,218.1,113.4,129.1,0.5,7.87,16.16,24.77,25.89,DC,130,0.0099,0.00633,1703,87.8,76.04,270.4,899,High
EV000077,2026-01-03 04:10:00,320.32,-156.55,-50.15,67.02,40.31,23.68,1356,557,16124.7,216.6,80.4,124.8,3.26,3.6,18.6,59.17,49.38,DC,167,0.00837,0.00571,669,75.6,75.33,233.9,889,High
EV000142,2026-01-03 04:15:00,389.82,155.5,60.62,42.67,15.0,-4.49,1797,219,60446.3,101.7,76.5,127.9,4.45,0.38,12.11,30.37,22.24,DC,173,0.01122,0.00639,1216,75.2,73.77,117.1,790,High
EV000156,2026-01-03 04:20:00,363.71,88.26,32.1,6.5,16.71,10.51,1010,142,194037.9,58.5,41.2,85.9,4.02,0.84,22.89,36.31,19.84,DC,105,0.00758,0.0044,3436,50.6,80.81,40.0,1156,Medium
EV000109,2026-01-03 04:25:00,322.21,-93.44,-30.11,94.72,16.0,6.94,764,412,27531.1,2.0,111.7,146.6,0.55,2.28,20.46,34.32,20.25,DC,93,0.00821,0.00472,759,29.2,85.84,447.2,1496,Medium
EV000043,2026-01-03 04:30:00,345.74,41.64,14.4,99.23,15.0,4.99,126,6,182814.5,156.6,32.3,83.8,0.65,6.25,13.72,33.01,22.82,AC,100,0.00512,0.00333,3363,50.5,92.67,430.5,1742,Low
EV000051,2026-01-03 04:35:00,331.58,-175.64,-58.24,7.81,15.0,-1.43,1092,629,11794.9,7.9,117.2,153.3,1.37,5.19,14.66,28.94,22.6,AC,82,0.00927,0.00575,324,23.2,79.11,40.0,1104,High
EV000288,2026-01-03 04:40:00,336.06,45.03,15.13,96.05,46.0,30.07,564,83,108732.8,69.9,95.1,132.3,2.65,7.17,16.49,52.61,51.58,AC,76,0.0068,0.00376,3007,71.1,87.55,444.8,1482,Medium
EV000300,2026-01-03 04:45:00,339.9,-146.75,-49.88,15.41,42.44,33.99,1565,932,57089.0,62.9,106.0,152.8,1.93,2.44,12.21,55.54,47.55,DC,112,0.01028,0.00741,955,58.7,70.04,60.9,563,High
EV000001,2026-01-03 04:50:00,375.12,-10.11,-3.79,53.33,42.12,38.45,631,62,87025.3,38.0,16.3,47.8,0.76,0.25,15.7,58.21,47.56,AC,138,0.00615,0.00441,3426,25.5,85.98,227.7,1397,Medium
EV000294,2026-01-03 04:55:00,365.15,70.79,25.85,75.98,41.39,34.65,1668,939,44018.1,135.5,58.0,85.8,4.37,0.16,17.04,49.36,55.87,DC,81,0.01043,0.00774,1662,36.9,66.85,269.6,320,High
EV000268,2026-01-03 05:00:00,390.88,55.13,21.55,80.17,20.36,2.89,326,69,84208.2,31.9,104.4,157.8,3.25,2.61,23.79,37.39,30.57,DC,161,0.00562,0.00395,1771,81.9,93.74,305.4,1819,Low
EV000178,2026-01-03 05:05:00,398.89,45.66,18.21,60.03,36.65,28.8,639,349,3822.3,47.0,69.5,116.7,3.81,4.22,22.36,53.1,48.63,AC,54,0.00698,0.00437,52,34.1,87.25,300.3,1443,Medium
EV000170,2026-01-03 05:10:00,389.11,-5.33,-2.07,53.49,26.85,15.5,1336,494,60255.9,250.0,27.3,61.0,2.14,4.75,15.48,39.25,32.39,DC,43,0.01049,0.00552,1977,38.1,76.81,160.5,1003,High
EV000068,2026-01-03 05:15:00,409.07,97.11,39.72,24.69,15.0,5.6,1091,635,24454.8,215.0,60.5,89.8,1.99,1.27,18.93,21.76,28.82,AC,115,0.00776,0.00556,1186,62.7,79.34,98.8,1022,High
EV000026,2026-01-03 05:20:00,335.49,-91.09,-30.56,11.47,20.44,3.72,203,106,15783.7,14.9,81.8,106.0,2.4,7.31,16.87,39.75,27.22,AC,70,0.00599,0.00372,522,91.3,96.39,40.0,2046,Low
EV000268,2026-01-03 05:25:00,397.93,130.19,51.81,39.08,44.06,28.06,1068,358,25094.7,220.2,79.6,137.7,2.3,2.21,19.11,52.96,53.06,AC,160,0.00867,0.00583,622,54.8,82.66,158.8,1325,Medium
EV000259,2026-01-03 05:30:00,339.64,159.62,54.22,39.72,15.12,3.69,1325,364,79888.1,82.3,15.8,68.6,1.28,5.16,16.3,28.26,18.22,AC,122,0.00899,0.00603,2951,69.1,74.87,167.1,889,High
EV000251,2026-01-03 05:35:00,346.76,-203.53,-70.58,45.53,15.0,2.09,361,165,15849.0,223.9,113.1,167.8,2.14,1.84,12.55,34.56,23.24,DC,178,0.00658,0.0039,398,54.4,94.38,229.2,1868,Low
EV000147,2026-01-03 05:40:00,348.33,-0.84,-0.29,82.47,16.99,5.92,1608,474,97093.5,148.6,72.8,102.0,2.73,4.69,20.49,34.66,28.78,AC,70,0.00999,0.00602,1239,23.7,74.01,324.1,722,High
EV000025,2026-01-03 05:45:00,398.45,-204.48,-81.48,29.82,20.05,11.52,809,423,24520.6,170.8,106.1,164.7,4.29,6.78,24.97,26.84,28.2,AC,36,0.00671,0.00523,1123,93.5,84.39,141.1,1343,Medium
EV000247,2026-01-03 05:50:00,361.48,214.17,77.42,59.19,15.0,-2.82,120,35,53975.8,229.7,23.7,82.4,2.46,5.32,20.38,21.84,28.11,DC,67,0.00351,0.00345,1448,63.2,95.95,319.0,2042,Low
EV000093,2026-01-03 05:55:00,328.65,-127.82,-42.01,14.89,23.4,17.21,572,268,55883.2,195.6,109.2,130.7,0.83,1.31,13.32,42.66,31.84,DC,122,0.00646,0.00452,1062,43.5,89.73,59.9,1657,Medium
EV000170,2026-01-03 06:00:00,334.15,208.5,69.67,42.32,24.79,7.96,1106,474,24781.4,163.5,71.8,95.1,1.57,7.08,23.14,32.3,35.42,AC,149,0.00855,0.00565,597,88.3,81.14,147.2,1127,Medium
EV000121,2026-01-03 06:05:00,335.19,-153.09,-51.31,66.82,29.23,22.14,1383,148,221081.3,156.9,35.4,68.8,1.12,7.85,24.15,37.58,40.82,AC,174,0.00884,0.00565,3354,91.8,77.06,229.6,899,High
EV000261,2026-01-03 06:10:00,336.07,-21.65,-7.27,44.47,41.15,35.17,1366,594,112998.9,118.9,65.9,113.8,0.96,2.88,17.56,53.29,48.06,AC,146,0.00821,0.00557,3178,82.7,70.86,146.1,672,High
EV000014,2026-01-03 06:15:00,363.06,203.86,74.01,55.06,15.0,-9.27,841,238,3906.4,171.3,103.9,149.5,2.34,6.73,18.81,34.33,24.85,AC,148,0.0058,0.00474,169,57.3,87.42,287.9,1457,Medium
EV000209,2026-01-03 06:20:00,345.25,49.29,17.02,10.06,15.0,-9.08,694,205,210344.3,144.1,17.0,50.0,2.77,4.57,15.25,29.28,28.07,DC,46,0.00673,0.00377,2934,43.9,84.04,45.7,1393,Medium
EV000227,2026-01-03 06:25:00,366.69,-159.71,-58.56,50.63,38.94,35.49,18,4,120787.8,18.4,93.4,111.7,4.04,4.42,15.59,47.47,52.56,DC,82,0.00257,0.00214,1791,87.4,96.89,227.0,2043,Low
EV000085,2026-01-03 06:30:00,393.38,-25.68,-10.1,47.15,34.94,19.29,1186,80,238405.0,93.2,52.0,109.5,2.41,0.01,20.6,47.11,45.04,AC,89,0.00953,0.00581,3450,46.2,79.2,154.8,1008,High
EV000274,2026-01-03 06:35:00,327.28,-195.24,-63.9,38.71,31.07,27.8,740,143,188419.5,155.5,62.9,109.2,2.72,2.09,19.59,47.48,42.41,AC,74,0.00645,0.00452,2913,49.1,85.08,162.1,1432,Medium
EV000231,2026-01-03 06:40:00,354.35,-198.77,-70.43,31.55,15.0,-3.03,1062,38,156409.7,38.7,42.8,94.7,1.32,7.31,18.05,26.31,26.34,AC,49,0.00929,0.00543,2433,26.9,83.55,113.3,1224,Medium
EV000078,2026-01-03 06:45:00,392.06,22.86,8.96,79.8,39.34,32.59,1093,594,17748.0,85.3,39.3,94.7,0.91,5.45,15.25,44.49,46.93,AC,84,0.00817,0.00587,638,87.1,78.74,324.4,1044,High
EV000250,2026-01-03 06:50:00,331.39,-100.83,-33.41,55.4,16.64,13.44,1138,3,62078.8,122.4,117.6,161.5,4.31,6.44,24.45,31.3,26.66,AC,108,0.00999,0.0055,944,40.4,84.1,278.3,1320,Medium
EV000210,2026-01-03 06:55:00,404.04,15.68,6.33,13.74,15.0,-6.59,871,311,140652.9,174.8,41.0,78.3,3.31,1.93,19.91,20.32,19.18,DC,170,0.0094,0.00499,3170,73.7,81.87,54.6,1216,Medium
EV000219,2026-01-03 07:00:00,390.83,146.99,57.45,97.91,21.01,13.84,1226,460,110690.8,101.9,57.4,69.4,3.4,4.07,19.41,36.46,35.15,DC,57,0.01008,0.00582,2687,45.5,76.42,356.9,905,High
EV000298,2026-01-03 07:05:00,404.92,56.11,22.72,42.01,20.72,8.76,1143,508,17033.6,108.3,43.9,65.1,1.22,6.72,21.73,37.39,32.4,DC,150,0.00693,0.00637,258,89.5,80.74,135.4,1137,Medium
EV000252,2026-01-03 07:10:00,352.83,83.26,29.38,15.11,15.0,-1.88,1174,335,208647.3,157.7,115.6,164.4,2.8,2.29,23.52,28.59,25.01,AC,119,0.01026,0.00585,3555,82.9,76.51,48.4,872,High
EV000300,2026-01-03 07:15:00,333.09,196.11,65.32,23.01,56.47,40.34,1340,589,97134.1,36.1,116.9,141.1,4.47,0.54,15.92,68.35,60.93,AC,168,0.00889,0.0057,1651,52.4,72.45,85.2,638,High
EV000244,2026-01-03 07:20:00,330.92,188.08,62.24,72.23,35.73,21.8,67,32,47258.7,174.7,69.2,108.5,1.75,6.36,14.4,42.49,44.42,AC,98,0.00471,0.00343,797,76.0,97.23,352.9,2099,Low
EV000037,2026-01-03 07:25:00,399.56,154.54,61.75,40.44,16.52,7.76,914,362,3172.0,214.7,51.7,90.6,4.41,3.68,23.72,31.36,20.19,DC,106,0.00661,0.00542,104,32.9,86.08,202.5,1486,Medium
EV000253,2026-01-03 07:30:00,348.16,113.2,39.41,85.43,21.26,10.58,1012,250,62064.3,216.7,48.2,105.1,0.83,4.29,18.97,32.22,25.58,AC,43,0.00819,0.00451,882,43.5,85.06,303.6,1427,Medium
EV000244,2026-01-03 07:35:00,381.31,11.12,4.24,52.8,31.47,18.85,488,143,150505.1,132.1,110.3,167.5,3.05,4.78,12.58,46.3,45.83,DC,146,0.00425,0.00341,2873,21.2,87.71,210.1,1459,Medium
EV000124,2026-01-03 07:40:00,344.5,-48.37,-16.66,90.25,15.0,3.23,1259,500,159143.3,154.0,99.8,146.7,2.39,1.38,23.36,24.88,22.64,DC,55,0.00869,0.00567,3328,32.5,75.56,254.5,924,High
EV000146,2026-01-03 07:45:00,386.31,-31.91,-12.33,45.61,42.42,28.08,1489,375,25732.5,77.4,20.8,40.2,1.88,7.5,19.69,59.43,45.69,DC,93,0.00948,0.00693,651,45.1,75.3,153.3,825,High
EV000281,2026-01-03 07:50:00,344.43,14.33,4.94,40.21,22.74,16.27,1543,548,109393.1,128.6,72.8,106.2,1.78,4.17,20.8,39.55,35.35,AC,124,0.01177,0.00672,2068,46.8,73.4,160.9,796,High
EV000285,2026-01-03 07:55:00,351.46,-118.03,-41.48,71.89,21.82,14.57,1522,889,195581.9,135.4,32.9,88.4,3.01,4.34,14.48,40.69,28.65,DC,86,0.01146,0.00616,2696,42.1,67.61,208.5,345,High
EV000082,2026-01-03 08:00:00,401.41,124.01,49.78,87.68,15.0,0.79,1602,163,41184.5,84.5,81.0,122.1,2.02,3.64,18.51,22.08,25.89,DC,141,0.00973,0.00577,1372,39.6,76.19,336.1,964,High
EV000093,2026-01-03 08:05:00,329.31,-89.18,-29.37,95.6,38.03,31.53,150,89,58242.6,131.8,78.3,113.0,3.15,5.68,14.22,45.95,43.13,DC,66,0.00345,0.00258,2616,65.1,92.04,388.6,1775,Low
EV000170,2026-01-03 08:10:00,345.73,118.47,40.96,22.66,15.0,0.27,546,3,33140.7,164.4,55.8,99.3,2.06,5.38,15.36,34.47,24.69,DC,146,0.00685,0.00356,1029,35.8,91.24,95.3,1704,Low
EV000100,2026-01-03 08:15:00,344.12,198.36,68.26,23.84,30.65,16.09,416,190,239699.8,117.5,93.2,117.4,0.97,0.47,24.16,50.58,42.63,DC,90,0.0074,0.0044,3517,73.8,87.94,103.8,1505,Medium
EV000109,2026-01-03 08:20:00,337.75,214.11,72.32,45.52,31.28,25.87,1206,497,90084.8,152.1,106.3,125.7,4.5,2.91,22.98,40.29,39.23,AC,64,0.00847,0.00546,2508,73.1,76.45,203.7,853,High
EV000240,2026-01-03 08:25:00,392.99,-184.45,-72.48,83.63,28.07,10.83,1307,681,61286.5,63.4,101.8,117.8,2.98,0.89,24.06,40.98,37.56,DC,88,0.00766,0.00617,870,71.6,76.79,365.8,990,High
EV000152,2026-01-03 08:30:00,409.48,-40.72,-16.67,19.82,26.65,22.54,1607,953,190938.1,207.4,62.9,89.8,2.47,6.83,19.36,36.91,39.71,DC,64,0.00986,0.00672,2582,79.3,66.52,74.4,382,High
EV000142,2026-01-03 08:35:00,324.93,-32.31,-10.5,40.97,17.99,5.55,90,45,137306.7,61.6,64.1,116.8,3.4,7.56,16.02,33.16,21.13,DC,119,0.00556,0.00229,3513,76.5,92.22,175.7,1697,Low
EV000196,2026-01-03 08:40:00,335.24,126.5,42.41,24.13,15.0,5.81,1013,148,27748.0,243.2,95.6,136.9,2.77,5.55,18.01,20.06,19.09,DC,122,0.00766,0.00531,900,75.5,86.08,87.8,1358,Medium
EV000078,2026-01-03 08:45:00,407.71,90.01,36.7,50.79,29.33,17.44,42,1,172015.6,39.0,53.4,101.9,4.36,7.07,22.9,46.95,33.41,DC,78,0.00439,0.0032,2688,65.3,94.63,186.9,1834,Low
EV000294,2026-01-03 08:50:00,398.74,111.64,44.52,57.55,47.85,32.25,174,22,53292.8,239.9,52.5,74.2,3.57,5.66,14.05,65.67,60.11,DC,140,0.00424,0.00321,1859,70.4,94.15,291.8,1865,Low
EV000270,2026-01-03 08:55:00,383.74,-121.67,-46.69,76.02,15.0,-8.54,1568,764,45903.3,118.8,97.8,150.7,1.09,0.97,22.01,30.83,21.1,AC,96,0.00915,0.00723,686,43.2,71.64,264.5,718,High
EV000071,2026-01-03 09:00:00,402.7,-20.32,-8.18,8.8,15.0,-8.28,356,34,49150.4,24.4,115.5,153.6,4.49,4.81,18.23,21.96,25.12,DC,23,0.00542,0.00286,806,55.8,94.12,40.0,1806,Low
EV000056,2026-01-03 09:05:00,353.27,197.41,69.74,61.34,22.79,10.56,17,4,73140.6,113.2,106.3,165.7,3.16,5.8,19.34,39.78,27.02,DC,87,0.00533,0.00213,1694,64.2,96.36,218.6,2075,Low
EV000217,2026-01-03 09:10:00,407.39,-9.06,-3.69,17.89,41.61,30.44,1664,735,65752.3,168.0,79.6,99.8,3.21,4.73,21.16,53.39,47.19,DC,95,0.01159,0.00719,1790,44.6,69.34,44.3,530,High
EV000033,2026-01-03 09:15:00,399.65,-63.11,-25.22,37.65,36.31,29.79,159,23,32125.1,181.6,36.2,85.2,1.74,1.06,21.19,43.31,49.77,AC,119,0.00502,0.00257,1490,33.0,94.74,166.9,1918,Low
EV000054,2026-01-03 09:20:00,385.38,-150.87,-58.14,52.41,15.0,-4.07,115,48,76935.8,235.1,73.5,114.6,4.1,0.46,13.11,20.24,27.66,DC,17,0.00347,0.00267,2702,31.6,93.35,246.1,1882,Low
EV000201,2026-01-03 09:25:00,366.53,197.19,72.28,60.61,16.4,5.49,410,76,107499.0,108.0,48.7,85.1,3.47,1.56,15.49,25.49,22.03,AC,49,0.00732,0.00321,3023,73.8,90.59,270.9,1635,Low
EV000071,2026-01-03 09:30:00,405.81,214.09,86.88,58.02,33.81,29.84,1013,306,89532.4,228.6,107.3,125.7,3.35,7.11,15.18,49.99,39.51,DC,112,0.00877,0.0051,1320,70.5,82.77,267.3,1301,Medium
EV000044,2026-01-03 09:35:00,351.32,25.72,9.04,69.92,15.0,-2.57,1533,97,15289.7,183.6,17.2,51.6,1.22,2.99,12.72,29.03,18.44,AC,107,0.01084,0.00591,593,75.7,79.11,231.0,1085,High
EV000107,2026-01-03 09:40:00,404.19,25.51,10.31,91.78,49.29,39.55,347,1,85582.3,143.9,103.0,159.8,1.49,6.4,22.35,57.38,52.56,AC,73,0.00593,0.00397,3310,32.1,90.23,311.7,1730,Low
EV000087,2026-01-03 09:45:00,331.22,-53.11,-17.59,40.26,40.92,34.9,26,7,35584.9,3.8,75.1,97.9,0.74,1.62,14.77,59.14,51.11,AC,32,0.00469,0.00344,1684,76.8,95.54,199.9,2017,Low
EV000232,2026-01-03 09:50:00,375.78,-152.41,-57.27,91.26,20.47,10.25,471,268,78336.7,25.0,102.4,155.3,1.14,0.86,19.08,26.37,26.82,AC,84,0.0042,0.00468,3054,55.0,87.79,352.2,1504,Medium
EV000168,2026-01-03 09:55:00,400.65,-7.96,-3.19,13.32,24.33,15.7,87,49,38681.0,239.1,102.6,151.9,3.32,0.91,20.05,38.79,31.25,AC,38,0.00363,0.00324,1443,77.1,95.97,63.3,1964,Low
EV000184,2026-01-03 10:00:00,383.83,63.98,24.56,99.84,57.83,41.02,1738,689,161502.8,73.7,101.8,140.3,2.23,7.44,17.85,64.42,63.85,DC,95,0.00932,0.00684,2780,78.2,65.55,258.1,378,High
EV000022,2026-01-03 10:05:00,380.22,52.59,20.0,56.63,16.8,2.52,650,337,200191.7,52.7,106.2,143.4,3.66,7.53,24.3,35.24,26.35,DC,20,0.00632,0.00512,3309,76.9,84.36,173.8,1309,Medium
EV000292,2026-01-03 10:10:00,392.7,162.03,63.63,80.81,19.74,10.45,433,137,1128.4,3.5,46.3,93.2,3.86,3.75,22.35,30.9,27.85,AC,21,0.00661,0.00415,30,90.1,94.31,347.8,1961,Low
EV000261,2026-01-03 10:15:00,403.28,186.04,75.03,59.27,15.0,-0.11,437,228,113725.7,62.3,114.4,141.7,3.26,6.16,18.84,29.84,24.18,DC,90,0.00601,0.00448,2165,49.5,89.45,295.3,1637,Medium
EV000069,2026-01-03 10:20:00,404.31,-140.67,-56.87,42.19,15.0,3.47,544,277,161079.9,77.4,52.2,98.6,2.44,5.56,22.14,25.07,24.53,AC,108,0.00478,0.00358,2836,32.1,86.2,161.3,1422,Medium
EV000066,2026-01-03 10:25:00,340.52,-75.61,-25.75,17.78,25.24,21.41,55,0,23468.8,103.0,36.7,55.4,2.94,0.29,18.64,38.6,37.34,DC,123,0.00525,0.00343,337,81.1,97.69,73.3,2050,Low
EV000170,2026-01-03 10:30:00,346.11,-185.99,-64.37,86.53,51.17,36.48,132,59,116324.2,204.3,67.6,102.3,2.51,4.24,22.01,64.32,64.96,AC,69,0.00397,0.00264,3111,63.4,91.47,355.1,1735,Low
EV000049,2026-01-03 10:35:00,360.63,10.1,3.64,27.67,20.56,10.87,1422,809,108152.8,195.0,75.1,127.2,3.53,3.03,12.18,26.93,32.52,AC,59,0.00789,0.00724,2922,93.1,71.34,80.9,596,High
EV000147,2026-01-03 10:40:00,362.28,-178.74,-64.76,50.21,52.81,40.17,1268,747,206815.6,142.3,109.7,120.2,3.57,5.99,14.25,66.69,62.71,AC,118,0.01052,0.00608,3549,73.1,70.96,201.5,589,High
EV000244,2026-01-03 10:45:00,339.96,186.37,63.36,91.34,34.71,21.98,683,108,56705.4,243.2,52.9,74.2,1.18,0.67,19.73,47.63,39.48,DC,108,0.00693,0.00457,1570,86.9,87.56,341.6,1532,Medium
EV000042,2026-01-03 10:50:00,406.84,-41.64,-16.94,95.64,15.0,-5.33,1346,65,6870.4,111.7,80.1,94.8,1.14,4.21,20.82,20.86,26.39,AC,43,0.00875,0.00574,96,73.9,83.29,426.5,1353,Medium
EV000178,2026-01-03 10:55:00,377.81,-208.78,-78.88,22.66,32.24,17.92,227,15,146408.9,169.8,56.8,97.0,1.69,7.9,20.24,50.94,38.87,DC,70,0.00576,0.00286,3493,32.4,90.95,109.9,1639,Low
EV000125,2026-01-03 11:00:00,328.46,120.16,39.47,30.85,15.0,-1.28,844,176,153474.6,248.3,86.5,112.3,2.08,6.45,13.17,27.2,18.2,AC,39,0.00719,0.00475,2390,65.2,85.68,142.9,1456,Medium
EV000247,2026-01-03 11:05:00,338.64,-97.21,-32.92,70.06,15.0,-0.85,73,30,129953.7,36.8,118.7,172.2,3.87,5.86,12.91,32.57,18.22,AC,120,0.00424,0.00269,2894,51.4,94.03,324.8,1862,Low
EV000110,2026-01-03 11:10:00,353.35,-219.95,-77.72,95.55,26.66,15.83,1463,164,127848.9,80.8,25.4,57.2,0.8,4.08,17.41,41.01,39.76,DC,132,0.00805,0.00645,1859,51.6,78.64,336.0,1049,High
EV000224,2026-01-03 11:15:00,353.25,155.67,54.99,19.71,23.08,6.7,1619,17,16420.2,26.8,21.9,55.8,2.32,5.96,12.18,35.44,26.46,AC,124,0.01208,0.00526,381,32.5,79.08,62.1,1089,High
EV000065,2026-01-03 11:20:00,336.09,-185.59,-62.37,85.71,15.14,5.65,736,129,93936.6,168.2,76.5,114.0,1.77,0.18,18.0,24.19,28.07,AC,50,0.00548,0.00393,2421,86.9,85.38,353.1,1449,Medium
EV000239,2026-01-03 11:25:00,353.08,173.31,61.19,37.2,44.45,28.05,31,12,162074.3,3.9,88.2,116.1,2.01,1.57,22.31,58.24,53.29,AC,53,0.00382,0.003,2536,32.2,94.6,196.5,1891,Low
EV000102,2026-01-03 11:30:00,351.22,188.32,66.14,86.49,15.0,-8.76,667,251,233497.4,10.0,66.4,85.8,1.53,3.43,16.66,25.38,19.3,DC,128,0.00861,0.00448,3087,43.8,84.57,265.5,1327,Medium
EV000024,2026-01-03 11:35:00,384.02,85.6,32.87,91.2,18.92,13.58,816,251,192418.4,235.7,33.4,52.9,2.44,1.31,13.93,28.27,28.68,AC,99,0.00581,0.00495,2729,69.7,83.7,274.1,1336,Medium
EV000290,2026-01-03 11:40:00,387.88,-211.53,-82.05,93.14,46.44,40.52,1107,407,126294.4,94.8,26.6,74.8,0.95,6.84,14.83,66.15,55.96,DC,110,0.00731,0.00537,1734,31.2,78.95,301.4,1108,High
EV000283,2026-01-03 11:45:00,381.03,-109.12,-41.58,78.02,49.16,36.76,634,62,100990.5,241.9,45.2,60.3,2.52,3.8,17.41,60.24,55.98,DC,89,0.00476,0.00476,3356,24.8,84.92,239.6,1360,Medium
EV000099,2026-01-03 11:50:00,353.72,-210.36,-74.41,15.73,39.58,34.02,581,44,12151.7,64.1,23.3,38.2,3.81,2.73,22.69,58.65,46.86,AC,64,0.00586,0.00337,213,37.8,90.86,52.0,1692,Low
EV000055,2026-01-03 11:55:00,374.98,2.99,1.12,35.44,15.0,2.77,38,22,28014.5,3.1,102.5,148.4,1.61,6.7,23.29,27.99,18.83,DC,76,0.00256,0.00228,594,51.0,98.44,137.5,2112,Low
EV000034,2026-01-03 12:00:00,335.22,-15.11,-5.06,60.66,19.04,8.27,838,25,157236.1,142.0,95.7,111.0,2.35,3.72,21.26,36.76,24.45,DC,80,0.00741,0.00463,2304,26.4,85.56,249.1,1401,Medium
EV000195,2026-01-03 12:05:00,394.88,139.4,55.04,8.67,41.41,31.58,1274,101,170446.7,139.8,82.1,125.6,3.2,3.64,22.79,48.04,47.55,AC,160,0.00754,0.00539,3033,80.4,78.04,40.0,924,High
EV000273,2026-01-03 12:10:00,331.38,138.84,46.01,17.65,21.88,12.81,1272,155,69538.7,205.8,60.9,100.3,1.61,7.32,23.27,28.56,34.39,AC,138,0.00746,0.00559,1493,38.2,81.96,69.0,1283,Medium
EV000247,2026-01-03 12:15:00,385.32,-74.3,-28.63,23.85,15.0,4.57,760,198,60251.7,131.1,107.0,152.7,2.59,1.16,15.86,30.33,21.32,DC,27,0.00692,0.00416,2448,23.1,86.03,86.2,1403,Medium
EV000025,2026-01-03 12:20:00,339.63,177.75,60.37,20.9,29.95,12.15,1110,656,133160.7,47.6,96.8,145.8,4.01,7.54,15.81,36.48,35.12,AC,74,0.00898,0.00616,1961,55.5,76.82,75.4,924,High
EV000223,2026-01-03 12:25:00,345.36,-201.3,-69.52,37.34,15.0,-8.38,1314,414,60650.2,75.5,19.9,43.0,0.92,7.62,19.83,29.9,28.16,DC,154,0.00924,0.00526,767,36.6,78.23,108.1,976,High
EV000176,2026-01-03 12:30:00,346.94,212.19,73.62,47.66,15.58,3.3,1610,661,142165.5,99.9,58.7,109.3,3.16,7.84,20.62,30.07,20.04,DC,66,0.00865,0.0071,3193,66.9,69.81,158.7,578,High
EV000259,2026-01-03 12:35:00,357.33,-96.47,-34.47,64.61,41.29,33.52,483,209,184203.7,141.4,110.4,155.3,3.96,7.6,24.64,58.82,44.54,DC,16,0.00423,0.00371,3600,72.5,85.39,233.5,1447,Medium
EV000201,2026-01-03 12:40:00,402.34,-214.53,-86.31,69.72,15.0,3.18,411,162,87931.9,123.0,16.6,36.3,4.34,6.73,17.26,34.11,23.91,AC,118,0.00646,0.00318,1230,36.7,91.97,246.0,1680,Low
EV000245,2026-01-03 12:45:00,384.09,210.03,80.67,72.37,39.6,34.3,767,358,127835.5,194.2,70.7,105.1,1.19,5.63,16.3,51.11,50.19,DC,29,0.00622,0.0041,1599,75.7,83.58,305.0,1364,Medium
EV000261,2026-01-03 12:50:00,353.27,80.81,28.55,51.07,24.9,17.98,1472,644,30562.2,58.3,43.9,66.9,3.81,6.32,14.45,32.15,33.33,DC,144,0.01106,0.00577,404,89.8,75.64,198.2,918,High
EV000127,2026-01-03 12:55:00,364.77,-110.73,-40.39,98.01,42.3,30.26,1265,48,33493.0,185.4,106.0,156.2,1.23,6.49,23.37,52.07,53.73,DC,108,0.0082,0.00505,593,51.6,82.22,393.6,1189,Medium
EV000106,2026-01-03 13:00:00,409.74,-137.49,-56.33,45.86,36.29,22.86,131,42,40211.8,65.9,99.1,146.2,1.41,1.34,14.56,45.11,47.66,AC,123,0.00573,0.00256,1078,45.0,95.59,255.5,2030,Low
EV000140,2026-01-03 13:05:00,344.6,152.33,52.49,10.45,15.0,1.88,576,204,92370.5,15.7,57.1,92.9,2.92,7.68,21.99,20.19,27.88,AC,34,0.00566,0.00436,2176,85.3,88.07,50.7,1598,Medium
EV000152,2026-01-03 13:10:00,360.44,146.7,52.88,83.38,15.0,1.46,77,10,53783.1,51.8,40.8,82.0,3.89,3.37,14.21,20.28,27.67,DC,43,0.004,0.00276,931,27.0,97.79,442.2,2145,Low
EV000274,2026-01-03 13:15:00,360.72,-15.23,-5.49,13.87,48.53,36.99,1155,577,154422.5,124.1,63.1,119.1,2.24,4.44,20.11,60.31,53.44,AC,165,0.00897,0.00625,2617,38.5,76.13,40.2,933,High
EV000245,2026-01-03 13:20:00,382.18,-22.43,-8.57,34.48,39.22,26.67,1554,111,16925.3,39.0,72.5,103.0,2.04,7.82,14.42,46.76,47.99,AC,91,0.01153,0.00666,287,48.0,79.22,148.3,978,High
EV000206,2026-01-03 13:25:00,351.28,-117.98,-41.44,52.61,15.0,7.09,373,136,130046.7,177.5,97.7,122.1,0.3,5.04,13.54,20.91,19.61,DC,175,0.00637,0.00378,3468,33.9,87.99,176.6,1516,Medium
EV000178,2026-01-03 13:30:00,387.02,12.89,4.99,10.37,18.79,13.65,482,11,81792.3,21.8,75.7,87.9,4.27,2.56,14.57,32.84,30.36,AC,138,0.00728,0.00383,1664,80.0,91.2,40.0,1674,Low
EV000136,2026-01-03 13:35:00,322.96,-199.64,-64.48,67.4,34.22,25.97,860,8,4894.1,208.7,89.8,106.7,0.86,0.12,21.81,51.05,47.31,DC,115,0.00913,0.00381,237,21.7,89.34,214.7,1556,Medium
EV000293,2026-01-03 13:40:00,405.44,-84.04,-34.07,90.99,47.81,41.22,508,234,200623.0,70.2,17.0,65.6,0.51,4.47,16.83,56.11,61.99,DC,71,0.00548,0.00381,2520,76.9,86.71,466.2,1474,Medium
EV000058,2026-01-03 13:45:00,327.92,-8.34,-2.74,67.42,28.37,15.26,181,77,86972.0,101.1,57.1,79.6,1.62,0.61,21.02,46.71,37.99,AC,170,0.00423,0.00328,1182,93.4,94.11,236.1,1915,Low
EV000009,2026-01-03 13:50:00,386.69,-136.8,-52.9,62.56,43.15,26.02,770,316,73669.7,154.7,62.9,95.6,3.51,2.4,12.52,51.41,55.41,AC,171,0.00718,0.00499,3430,70.4,82.35,194.6,1287,Medium
EV000128,2026-01-03 13:55:00,395.72,-100.89,-39.92,66.78,15.5,-1.08,265,151,200458.8,227.7,23.8,62.3,1.98,4.99,12.5,32.77,23.73,AC,130,0.00494,0.00287,2756,92.3,90.51,282.0,1733,Low
EV000103,2026-01-03 14:00:00,394.08,33.61,13.25,90.25,15.0,-2.11,849,195,114342.5,193.7,98.6,144.1,1.47,7.68,16.55,23.14,25.76,DC,165,0.00812,0.00444,3188,67.8,83.56,402.6,1251,Medium
EV000159,2026-01-03 14:05:00,389.48,176.11,68.59,77.82,15.0,6.1,1521,446,130402.8,50.8,24.9,79.0,2.7,1.7,17.49,31.06,22.99,DC,156,0.01204,0.00625,3082,42.3,73.86,205.7,739,High
EV000092,2026-01-03 14:10:00,384.96,156.29,60.16,90.06,15.0,-6.47,61,7,201761.7,61.0,56.1,75.9,1.82,5.53,19.9,22.41,23.84,AC,88,0.0039,0.00223,2951,84.0,95.92,391.7,1950,Low
EV000107,2026-01-03 14:15:00,406.78,-147.5,-60.0,21.21,15.0,3.05,1412,207,86735.1,126.2,32.6,60.2,3.63,2.92,15.17,25.38,29.18,DC,22,0.01007,0.00508,1135,93.1,78.52,97.4,1075,High
EV000046,2026-01-03 14:20:00,397.66,155.5,61.84,85.12,42.11,25.5,1566,684,130337.7,133.5,57.0,83.9,3.69,2.58,16.53,48.56,52.74,AC,26,0.0116,0.00734,2155,23.5,69.71,237.0,470,High
EV000205,2026-01-03 14:25:00,350.31,-100.06,-35.05,63.05,15.0,-4.52,406,172,44290.4,165.8,82.1,94.4,1.99,3.62,22.41,30.46,28.93,AC,164,0.00458,0.00417,842,74.0,91.61,252.6,1764,Low
EV000027,2026-01-03 14:30:00,397.02,40.84,16.21,95.54,15.0,-9.3,788,110,62840.7,103.4,41.9,57.0,1.84,3.78,23.74,20.35,27.76,DC,180,0.00761,0.00441,2471,45.4,85.13,330.2,1328,Medium
EV000254,2026-01-03 14:35:00,364.59,-186.82,-68.11,20.35,15.22,6.34,3,1,104405.8,153.5,115.4,127.5,4.43,2.33,18.02,27.02,19.76,DC,87,0.00365,0.00294,1441,45.7,98.04,94.7,2133,Low
EV000032,2026-01-03 14:40:00,394.72,84.7,33.43,61.53,15.61,11.47,1791,902,183684.5,64.5,69.8,84.3,0.61,7.06,16.37,24.43,18.91,DC,176,0.01284,0.00765,2901,79.6,65.65,181.2,285,High
EV000272,2026-01-03 14:45:00,323.05,-69.75,-22.53,87.53,44.11,32.93,175,22,42460.6,134.2,38.6,72.7,3.96,5.48,16.51,51.25,56.75,DC,145,0.00634,0.00376,1693,55.4,95.07,436.6,1988,Low
EV000051,2026-01-03 14:50:00,330.07,79.02,26.08,56.74,15.0,-6.16,742,189,189549.1,165.2,62.0,79.3,2.15,6.01,22.0,30.6,27.32,DC,107,0.00886,0.00394,2763,53.2,86.11,256.7,1389,Medium
EV000186,2026-01-03 14:55:00,343.56,-25.58,-8.79,18.34,43.9,26.86,1163,31,86153.4,249.0,68.7,92.1,3.65,4.66,13.95,61.15,53.03,AC,63,0.00691,0.00574,1763,24.4,81.49,86.3,1245,Medium
EV000053,2026-01-03 15:00:00,340.59,219.24,74.67,97.1,15.0,-5.83,1716,788,89081.0,190.6,81.5,111.5,3.48,5.31,12.6,31.27,20.43,AC,84,0.01168,0.00665,2206,44.2,67.5,353.0,453,High
EV000064,2026-01-03 15:05:00,391.96,-64.57,-25.31,41.0,44.76,33.94,65,11,20643.1,168.6,47.0,81.3,1.42,5.51,15.87,52.2,57.71,AC,146,0.00553,0.00218,1030,37.7,96.17,192.5,1963,Low
EV000121,2026-01-03 15:10:00,373.34,-151.84,-56.69,12.49,33.1,20.05,1092,309,5169.2,186.4,48.7,62.1,1.46,7.26,16.89,42.2,40.06,AC,51,0.00661,0.00561,82,74.0,83.24,48.9,1229,Medium
EV000293,2026-01-03 15:15:00,332.01,-211.63,-70.26,73.77,41.27,36.6,1657,506,104086.7,202.1,93.7,107.6,0.56,7.1,18.76,49.35,46.55,DC,150,0.00974,0.00651,2152,41.1,71.11,252.8,641,High
EV000063,2026-01-03 15:20:00,392.61,-152.29,-59.79,20.14,21.22,7.38,1219,636,82018.1,49.5,109.0,165.3,1.76,6.25,23.25,36.52,33.38,AC,159,0.01081,0.00534,1058,27.7,78.22,71.5,1028,High
EV000185,2026-01-03 15:25:00,367.35,-133.89,-49.18,72.37,28.28,12.68,295,83,76787.2,225.9,81.7,106.3,1.62,0.59,24.14,40.38,41.24,AC,34,0.0054,0.00345,1233,37.4,92.93,261.3,1777,Low
EV000246,2026-01-03 15:30:00,353.27,-155.51,-54.94,16.41,29.11,15.39,1263,305,37771.3,227.0,38.9,71.4,1.28,0.05,20.5,39.86,40.37,DC,153,0.0079,0.00599,783,60.9,80.49,61.3,1092,Medium
EV000132,2026-01-03 15:35:00,351.36,-133.07,-46.76,46.64,54.54,38.36,528,69,115302.7,48.6,101.4,137.3,1.81,2.04,12.14,61.65,58.07,DC,74,0.00564,0.00316,1945,84.0,89.15,162.2,1616,Medium
EV000193,2026-01-03 15:40:00,405.2,76.87,31.15,92.52,15.0,-5.93,1044,376,43801.7,2.4,74.9,106.1,3.87,1.14,13.27,32.05,26.74,DC,134,0.01005,0.00474,580,44.1,82.8,277.3,1304,Medium
EV000081,2026-01-03 15:45:00,335.79,198.14,66.53,33.75,39.15,30.35,547,43,39720.2,217.8,45.6,95.7,2.17,7.25,16.06,46.6,50.19,DC,101,0.00443,0.00317,586,57.6,90.77,152.6,1681,Low
EV000182,2026-01-03 15:50:00,361.23,-204.94,-74.03,90.67,30.62,26.68,980,450,15295.2,33.0,29.3,50.6,0.83,1.51,18.37,37.87,43.09,AC,129,0.0099,0.00469,558,29.8,83.99,316.8,1348,Medium
EV000200,2026-01-03 15:55:00,336.11,115.03,38.66,29.38,25.11,11.61,1443,495,130357.3,48.4,31.3,55.4,2.97,7.89,13.23,43.89,37.34,DC,74,0.0101,0.00565,2344,42.7,73.05,76.9,793,High
EV000148,2026-01-03 16:00:00,323.79,181.31,58.71,88.09,40.03,33.44,1694,612,165036.9,204.1,86.8,144.7,0.8,6.93,21.76,50.66,53.01,AC,140,0.01201,0.00728,3384,82.9,68.51,215.7,428,High
EV000024,2026-01-03 16:05:00,322.77,-155.98,-50.34,25.91,29.88,23.29,748,321,23441.7,92.4,39.9,59.0,3.72,4.63,13.73,46.6,42.28,AC,30,0.00899,0.00439,856,36.1,85.75,85.2,1407,Medium
EV000090,2026-01-03 16:10:00,368.74,-126.91,-46.8,72.04,38.13,29.34,1090,404,48706.3,47.3,102.6,161.2,3.66,1.27,12.07,45.82,45.24,AC,156,0.00874,0.0053,1627,24.4,80.55,339.6,1069,Medium
EV000056,2026-01-03 16:15:00,332.58,49.03,16.31,69.14,15.0,-4.41,742,102,21585.1,185.8,103.7,158.4,0.64,0.98,12.63,26.56,22.52,DC,70,0.00781,0.00373,692,58.3,88.58,315.3,1547,Medium
EV000241,2026-01-03 16:20:00,392.14,111.74,43.82,14.58,31.07,16.45,909,402,10784.4,67.3,91.2,122.6,3.14,2.49,19.91,45.34,44.52,AC,37,0.00859,0.00439,288,65.3,84.4,73.1,1331,Medium
EV000183,2026-01-03 16:25:00,332.61,204.04,67.87,48.26,57.3,39.37,1310,219,12524.9,112.3,79.5,118.2,3.8,5.56,24.74,68.45,60.53,DC,165,0.0104,0.00634,412,62.9,80.18,191.5,1045,Medium
EV000057,2026-01-03 16:30:00,403.69,-147.91,-59.71,57.04,20.54,8.84,491,2,174122.5,224.3,58.0,70.3,1.98,3.94,18.05,34.5,34.3,DC,19,0.00724,0.00338,2247,31.1,89.64,239.3,1672,Medium
EV000153,2026-01-03 16:35:00,402.13,-75.9,-30.52,27.24,43.44,27.76,1045,138,51209.8,198.8,19.1,52.7,1.98,5.86,24.48,60.96,50.18,AC,53,0.00786,0.00549,954,68.2,83.54,83.8,1279,Medium
EV000161,2026-01-03 16:40:00,372.26,-198.58,-73.92,86.0,31.44,15.98,1267,578,133614.9,122.2,44.4,59.3,1.51,0.07,16.74,45.97,38.92,DC,79,0.0098,0.00552,2098,25.8,76.05,347.3,848,High
EV000101,2026-01-03 16:45:00,409.72,-33.15,-13.58,23.07,24.61,11.35,1660,96,69396.8,234.1,77.1,115.9,2.89,0.79,22.15,33.71,34.21,DC,130,0.01123,0.00693,1927,56.2,75.93,68.4,808,High
EV000139,2026-01-03 16:50:00,397.22,176.26,70.01,59.33,30.21,21.27,1541,863,187233.9,69.5,74.0,105.6,3.04,0.11,20.29,43.2,34.37,DC,169,0.01068,0.00644,2374,89.7,68.78,181.1,468,High
EV000050,2026-01-03 16:55:00,402.25,-45.16,-18.17,92.2,29.37,25.13,173,64,81489.7,126.7,20.0,46.0,1.41,6.89,23.91,38.74,39.32,AC,105,0.00485,0.00334,1807,39.8,95.6,332.9,1988,Low
EV000188,2026-01-03 17:00:00,387.75,-113.62,-44.06,60.53,15.0,-7.0,1700,741,103528.2,199.8,66.7,110.0,1.62,2.0,13.8,28.56,23.93,AC,149,0.01047,0.0071,1456,45.6,69.5,173.7,475,High
EV000072,2026-01-03 17:05:00,407.36,-77.67,-31.64,55.11,40.62,30.49,343,37,133837.0,121.7,79.4,114.3,1.63,5.64,19.39,53.67,52.03,DC,83,0.00593,0.00285,1750,65.1,92.11,179.5,1745,Low
EV000232,2026-01-03 17:10:00,339.1,38.9,13.19,86.97,25.03,21.98,799,238,62583.7,26.0,53.9,65.5,2.76,0.25,21.12,31.28,39.98,AC,66,0.00875,0.005,1630,85.1,84.61,381.6,1312,Medium
EV000198,2026-01-03 17:15:00,350.2,-139.09,-48.71,18.56,32.85,22.98,70,23,21583.5,217.8,69.5,116.1,2.27,7.2,21.14,51.45,42.9,AC,64,0.00444,0.00312,411,47.6,97.58,96.2,2027,Low
EV000207,2026-01-03 17:20:00,360.86,211.16,76.2,11.02,32.05,15.98,284,9,43999.2,238.2,102.8,126.2,0.93,6.25,13.05,45.95,42.54,DC,135,0.00457,0.00284,1447,29.4,94.29,40.0,1946,Low
EV000300,2026-01-03 17:25:00,349.37,133.92,46.79,89.67,41.36,37.93,117,57,196236.0,205.7,94.0,115.9,0.94,6.72,22.58,60.89,55.48,AC,79,0.00572,0.00357,3602,47.5,91.73,397.4,1777,Low
EV000115,2026-01-03 17:30:00,355.35,185.97,66.08,46.57,15.0,-3.21,1695,549,220114.9,215.0,60.2,90.8,2.94,4.91,21.49,22.65,28.82,DC,101,0.01162,0.00689,3380,82.5,68.39,129.2,479,High
EV000177,2026-01-03 17:35:00,375.96,59.75,22.46,80.59,20.09,9.11,656,9,156483.6,162.3,48.6,100.5,1.07,0.27,21.06,33.11,26.16,AC,104,0.00858,0.00376,3062,84.4,87.59,302.1,1484,Medium
EV000064,2026-01-03 17:40:00,378.65,-115.06,-43.57,34.9,17.87,7.81,226,3,105267.9,59.4,61.0,81.0,3.87,2.69,18.11,24.4,26.17,AC,101,0.00478,0.00346,2648,79.9,92.33,174.9,1757,Low
EV000257,2026-01-03 17:45:00,379.02,47.9,18.15,83.3,15.0,2.75,516,88,156627.4,136.6,102.1,113.4,2.78,1.93,18.57,29.3,25.15,AC,108,0.00725,0.00383,3051,32.5,87.43,285.2,1491,Medium
EV000168,2026-01-03 17:50:00,321.76,-202.59,-65.18,79.11,30.75,21.02,1601,30,70876.8,188.8,77.3,111.4,2.42,6.34,23.61,50.25,39.06,AC,57,0.0102,0.00612,2726,74.8,75.44,286.2,857,High
EV000024,2026-01-03 17:55:00,401.01,-141.65,-56.8,88.79,43.67,34.98,891,74,144376.9,231.6,119.5,134.1,3.48,5.74,22.49,50.32,54.79,DC,109,0.00794,0.00527,3320,27.2,81.65,423.9,1117,Medium
EV000195,2026-01-03 18:00:00,337.12,-120.22,-40.53,7.67,15.0,-5.21,1241,326,24540.6,59.3,118.1,152.5,0.24,5.15,19.52,23.01,22.53,DC,163,0.01031,0.00508,579,48.6,80.95,40.0,1121,Medium
EV000008,2026-01-03 18:05:00,355.67,-72.36,-25.74,37.74,45.95,38.38,1069,164,70372.3,121.5,21.1,31.3,1.63,7.42,16.34,54.46,58.17,DC,156,0.00648,0.00471,3413,42.3,79.27,148.7,1015,High
EV000168,2026-01-03 18:10:00,321.91,167.24,53.84,88.2,27.65,22.65,1478,502,146342.5,89.1,46.7,94.0,4.47,4.62,20.13,33.64,38.18,DC,167,0.00859,0.00564,2670,22.9,72.78,302.7,696,High
EV000031,2026-01-03 18:15:00,353.85,193.37,68.42,29.39,52.58,39.61,1545,895,54445.3,155.2,15.6,38.1,2.23,0.83,14.58,66.8,64.95,DC,103,0.01047,0.00735,819,41.1,70.64,122.6,633,High
EV000209,2026-01-03 18:20:00,400.32,-47.45,-19.0,89.12,15.82,-1.85,166,75,136760.2,232.4,71.3,109.9,2.55,6.11,23.95,27.63,26.01,DC,21,0.00576,0.00268,2707,51.4,93.3,352.3,1819,Low
EV000135,2026-01-03 18:25:00,364.51,-23.05,-8.4,73.09,15.0,0.37,1562,196,105826.9,113.6,94.8,140.2,0.85,5.79,16.23,22.77,22.62,AC,148,0.0094,0.00595,2556,46.6,76.3,290.9,911,High
EV000071,2026-01-03 18:30:00,346.95,88.74,30.79,57.6,42.32,28.97,1335,272,3844.2,25.0,23.9,47.4,1.56,1.27,18.84,55.05,49.49,AC,56,0.01094,0.0057,72,21.9,79.43,257.8,990,High
EV000210,2026-01-03 18:35:00,409.61,-95.3,-39.04,71.29,15.0,4.09,1106,441,91094.4,121.1,43.6,78.1,4.41,1.09,16.46,25.17,23.1,DC,90,0.01005,0.0056,1851,27.8,78.92,291.2,1029,High
EV000273,2026-01-03 18:40:00,373.94,44.44,16.62,71.91,18.55,0.88,832,366,70023.4,179.8,112.1,138.2,3.69,2.84,23.67,33.64,22.57,AC,125,0.00654,0.00433,2646,50.3,82.88,266.5,1334,Medium
EV000106,2026-01-03 18:45:00,372.47,76.02,28.32,64.67,24.62,9.35,1091,89,15393.4,125.8,21.6,32.0,0.51,0.29,18.47,42.13,33.6,AC,37,0.01022,0.00577,378,74.9,86.11,198.0,1380,Medium
EV000280,2026-01-03 18:50:00,333.01,71.55,23.83,46.2,42.31,34.36,152,36,112195.0,79.5,37.8,62.3,4.13,7.26,21.17,51.11,51.71,AC,125,0.00394,0.00306,1670,32.4,95.03,241.4,1899,Low
EV000214,2026-01-03 18:55:00,321.97,64.49,20.76,97.15,47.66,33.91,1370,799,188159.5,163.7,44.8,61.6,3.42,0.7,23.79,61.54,56.72,DC,145,0.0097,0.00686,2535,62.4,71.05,246.4,559,High
EV000126,2026-01-03 19:00:00,374.95,100.15,37.55,81.28,33.76,27.53,833,18,70149.9,100.6,53.9,106.5,4.27,6.77,14.53,43.64,37.41,AC,30,0.00581,0.00478,1835,21.0,87.09,392.5,1470,Medium
EV000167,2026-01-03 19:05:00,323.97,-137.79,-44.64,85.66,15.0,-0.3,1755,693,29089.8,72.9,41.0,83.6,2.87,2.07,24.65,31.45,23.28,AC,33,0.01237,0.00785,1283,76.5,70.93,241.6,607,High
EV000225,2026-01-03 19:10:00,359.31,91.81,32.99,15.22,15.0,4.8,895,358,171020.4,204.0,32.0,65.9,2.57,3.92,13.49,28.7,18.36,DC,69,0.00606,0.005,3058,42.3,81.9,64.6,1224,Medium
EV000208,2026-01-03 19:15:00,405.71,62.4,25.32,81.1,15.0,-1.41,1037,442,126324.5,169.5,106.3,142.9,2.71,5.55,12.2,30.67,26.8,DC,177,0.00903,0.00536,2668,22.9,79.46,314.5,1075,High
EV000249,2026-01-03 19:20:00,332.18,-173.95,-57.78,48.33,56.08,38.62,392,236,24960.1,158.8,81.2,105.0,1.71,1.48,14.28,66.08,66.55,AC,59,0.00645,0.0041,1220,81.5,88.13,166.0,1467,Medium
EV000194,2026-01-03 19:25:00,394.48,-197.08,-77.75,79.01,15.0,-7.0,1275,268,214716.8,92.3,71.1,90.3,3.48,1.45,19.4,24.66,26.07,DC,39,0.01005,0.0049,2886,86.5,76.83,355.3,985,High
EV000195,2026-01-03 19:30:00,363.95,-108.3,-39.41,10.96,49.29,34.39,332,170,76659.3,132.6,63.6,100.4,2.3,4.38,17.42,56.12,61.22,AC,24,0.00703,0.00298,1494,64.9,90.29,53.2,1710,Low
EV000177,2026-01-03 19:35:00,343.14,-136.74,-46.92,38.87,43.44,28.27,1212,169,74156.5,151.0,95.2,137.4,1.08,5.91,24.62,59.02,52.2,DC,143,0.01046,0.00563,1036,20.2,81.23,154.8,1214,Medium
EV000003,2026-01-03 19:40:00,391.51,160.91,63.0,28.38,18.79,10.22,1599,365,72423.4,228.8,28.0,75.5,2.94,6.14,19.14,30.33,28.96,AC,101,0.01017,0.00625,1156,79.7,76.31,89.9,976,High
EV000120,2026-01-03 19:45:00,330.8,47.4,15.68,77.08,15.0,-2.52,1252,174,38673.4,68.1,81.2,120.0,2.55,4.33,15.48,32.92,29.37,AC,31,0.00762,0.00509,1216,72.3,80.68,364.1,1164,Medium
EV000011,2026-01-03 19:50:00,328.05,53.04,17.4,11.16,51.06,39.87,1317,712,89175.7,23.3,50.2,76.3,1.52,3.59,20.96,56.92,54.19,DC,123,0.00757,0.00682,1523,91.8,72.18,40.5,745,High
EV000258,2026-01-03 19:55:00,334.6,-144.71,-48.42,71.56,15.0,-7.71,114,62,207446.5,11.8,113.0,147.0,1.14,1.94,12.36,25.74,21.28,DC,108,0.00393,0.00362,3087,56.8,94.2,304.6,1914,Low
EV000159,2026-01-03 20:00:00,365.2,-111.25,-40.63,46.08,19.64,2.53,1686,210,69422.7,100.2,47.8,100.3,2.64,4.09,23.16,28.95,28.85,AC,52,0.01148,0.00692,3415,38.7,72.21,186.1,613,High
EV000212,2026-01-03 20:05:00,322.78,-1.69,-0.55,40.18,38.36,30.46,763,407,92370.5,203.9,82.9,141.5,3.54,4.58,14.89,53.41,43.7,DC,174,0.00721,0.00489,2354,35.3,82.09,173.2,1237,Medium
EV000217,2026-01-03 20:10:00,321.41,-208.32,-66.96,61.07,30.04,16.36,543,256,138875.2,75.8,73.7,125.4,2.82,1.29,24.51,41.75,40.03,AC,32,0.00461,0.00465,1814,27.0,87.12,295.0,1437,Medium
EV000011,2026-01-03 20:15:00,327.72,-49.07,-16.08,79.39,24.43,19.57,1213,219,196850.4,209.4,70.4,118.5,3.96,1.74,14.27,31.57,39.01,AC,53,0.00729,0.00607,3396,25.7,77.71,246.0,939,High
EV000141,2026-01-03 20:20:00,340.24,128.64,43.77,87.11,43.7,39.78,90,12,59278.3,43.7,44.6,83.5,3.5,6.52,24.44,54.34,52.04,DC,51,0.00338,0.00272,1196,91.5,96.08,322.7,1906,Low
EV000260,2026-01-03 20:25:00,383.6,-41.62,-15.97,33.95,30.17,21.34,751,34,148081.1,245.0,83.7,142.7,4.02,1.03,15.7,36.99,40.2,AC,103,0.00779,0.0036,3559,32.3,85.6,159.8,1352,Medium
EV000001,2026-01-03 20:30:00,400.73,-56.86,-22.79,73.34,15.0,1.23,210,70,22618.0,221.3,86.8,126.4,4.03,5.83,23.72,24.4,24.0,DC,69,0.00554,0.00367,497,27.6,95.78,317.9,2042,Low
EV000278,2026-01-03 20:35:00,367.92,48.7,17.92,76.61,24.63,20.34,1428,569,240150.1,92.3,92.6,152.1,3.51,3.18,12.69,31.23,31.19,DC,165,0.00883,0.00696,3427,28.7,72.61,252.7,687,High
EV000117,2026-01-03 20:40:00,384.71,-24.28,-9.34,26.69,57.41,39.84,1325,400,99583.1,219.2,105.7,134.5,2.64,2.14,17.96,71.68,63.71,AC,97,0.01089,0.00582,1886,27.2,75.8,115.2,921,High
EV000235,2026-01-03 20:45:00,408.32,-112.33,-45.87,9.87,25.7,10.35,1084,179,159914.6,208.6,91.1,146.0,3.62,0.94,24.09,39.7,40.3,AC,101,0.00902,0.00469,2405,76.5,82.54,40.0,1215,Medium
EV000110,2026-01-03 20:50:00,356.49,-142.4,-50.76,30.61,29.16,11.43,437,233,40929.8,71.3,25.3,42.7,4.25,6.04,12.97,40.31,37.94,AC,41,0.00551,0.00375,1923,24.6,90.44,112.2,1695,Low
EV000189,2026-01-03 20:55:00,349.91,-112.33,-39.3,10.5,26.6,16.63,1137,384,105100.3,175.7,20.0,37.9,3.42,3.75,15.18,38.97,33.36,AC,113,0.00722,0.00568,1592,73.4,80.56,40.4,1111,Medium
EV000253,2026-01-03 21:00:00,385.34,-87.31,-33.65,37.36,55.72,39.26,905,333,127754.1,210.7,31.7,67.3,0.78,2.13,20.63,64.44,63.88,AC,125,0.00734,0.00546,2514,85.5,78.81,166.3,1025,High
EV000160,2026-01-03 21:05:00,332.13,215.17,71.46,66.92,22.98,9.81,418,75,146994.4,135.5,45.1,81.4,3.43,6.21,21.25,28.36,28.19,AC,153,0.00465,0.00357,1849,39.8,90.8,247.8,1648,Low
EV000098,2026-01-03 21:10:00,399.0,111.31,44.41,68.08,47.98,37.37,395,89,60183.2,180.3,44.6,91.2,1.68,3.89,15.74,67.1,54.34,DC,33,0.00715,0.00379,2911,89.2,88.59,294.3,1563,Medium
EV000120,2026-01-03 21:15:00,341.69,16.84,5.75,78.83,50.15,37.43,532,21,52181.9,209.9,99.3,132.4,3.24,1.94,20.33,64.61,57.95,DC,86,0.00748,0.00369,2176,57.6,88.56,368.3,1636,Medium
EV000267,2026-01-03 21:20:00,398.75,66.97,26.71,88.67,22.17,5.14,994,335,56755.7,107.8,60.2,80.3,0.31,6.31,20.68,37.39,27.65,AC,20,0.00707,0.00568,1923,73.2,82.91,324.8,1331,Medium
EV000178,2026-01-03 21:25:00,345.62,101.87,35.21,69.5,48.99,33.81,934,425,22844.9,67.6,46.8,70.6,0.36,1.46,18.3,59.25,57.79,DC,34,0.00609,0.00521,569,93.6,83.16,250.7,1261,Medium
EV000049,2026-01-03 21:30:00,328.59,210.79,69.26,51.71,37.26,26.87,1453,461,222348.0,25.0,57.6,99.3,2.63,5.57,13.83,49.95,50.15,DC,56,0.01112,0.00684,3237,74.2,72.91,140.3,675,High
EV000007,2026-01-03 21:35:00,347.6,-121.16,-42.12,15.29,15.0,7.88,1793,714,49063.7,97.0,86.9,130.2,1.73,4.8,23.85,21.42,20.34,DC,86,0.012,0.00711,1838,24.7,69.12,49.0,429,High
EV000081,2026-01-03 21:40:00,349.82,-91.71,-32.08,15.82,42.86,34.92,1016,498,191796.9,179.9,93.5,147.0,3.58,4.74,20.3,48.68,51.86,DC,48,0.00811,0.00466,2641,59.0,77.05,57.9,978,High
EV000172,2026-01-03 21:45:00,391.37,3.6,1.41,45.6,15.0,2.16,1787,847,133861.2,177.6,33.0,87.6,0.3,2.63,14.27,32.53,29.61,DC,177,0.00931,0.00742,1688,23.4,67.89,175.3,384,High
EV000153,2026-01-03 21:50:00,363.92,26.55,9.66,37.54,15.0,0.91,905,437,34637.7,118.6,31.5,76.1,0.9,2.53,23.92,23.69,23.9,AC,166,0.00822,0.00498,715,61.2,83.52,118.7,1239,Medium
EV000078,2026-01-03 21:55:00,385.21,-58.13,-22.39,41.39,23.74,13.12,1274,610,40659.7,54.8,51.5,95.2,3.5,0.87,22.12,36.46,31.79,DC,172,0.00996,0.00569,1161,43.3,75.96,158.5,843,High
EV000048,2026-01-03 22:00:00,394.88,51.04,20.16,56.23,15.0,0.46,1483,289,73950.3,100.6,96.5,153.9,0.66,5.0,13.16,20.95,27.94,DC,144,0.00926,0.00568,1796,85.8,76.29,242.0,918,High
EV000116,2026-01-03 22:05:00,403.4,214.79,86.65,71.97,27.95,19.09,1065,395,68007.9,174.2,37.9,84.5,0.21,2.92,16.0,45.51,40.21,AC,75,0.0068,0.00463,1216,66.4,81.09,308.8,1097,Medium
EV000223,2026-01-03 22:10:00,348.84,9.13,3.18,62.13,15.0,-2.37,838,224,83668.3,142.8,99.9,135.6,4.22,2.48,13.96,21.06,26.33,DC,142,0.00901,0.00537,1048,65.5,85.25,246.7,1326,Medium
EV000102,2026-01-03 22:15:00,362.48,155.99,56.54,48.08,44.3,41.02,377,142,19669.2,113.8,99.5,125.9,2.45,5.29,20.8,58.37,56.72,DC,47,0.00623,0.00375,832,73.3,92.83,219.3,1733,Low
EV000073,2026-01-03 22:20:00,363.63,96.24,35.0,43.92,15.0,4.4,991,214,102356.2,152.4,65.2,85.9,2.31,1.3,17.34,30.48,24.57,AC,138,0.00776,0.0049,1387,72.3,85.03,195.0,1297,Medium
EV000254,2026-01-03 22:25:00,335.98,-126.88,-42.63,58.97,29.53,20.68,1065,565,142909.3,102.9,50.4,92.1,2.31,7.38,15.54,36.36,41.21,AC,29,0.0077,0.006,1902,35.5,78.25,211.2,994,High
EV000084,2026-01-03 22:30:00,350.19,8.58,3.01,8.14,36.82,21.03,1112,131,80607.7,132.7,96.1,146.9,0.81,0.42,23.15,50.2,48.78,DC,77,0.00868,0.00453,2995,52.1,80.81,40.0,1172,Medium
EV000265,2026-01-03 22:35:00,388.99,-171.92,-66.88,68.78,15.0,-8.92,715,38,44286.4,95.1,45.2,69.7,2.77,1.07,20.88,28.37,20.57,AC,26,0.00637,0.00476,1071,50.1,88.68,351.0,1633,Medium
EV000086,2026-01-03 22:40:00,347.78,-84.58,-29.42,75.38,58.46,41.75,1178,222,173500.3,188.0,15.2,52.0,0.24,4.82,12.31,67.8,71.27,AC,106,0.00852,0.00515,3143,66.5,77.07,346.7,902,High
EV000272,2026-01-03 22:45:00,354.67,-176.12,-62.46,45.96,43.35,33.57,1580,691,74407.2,83.4,60.1,85.6,1.44,2.52,14.77,53.61,50.74,DC,91,0.01033,0.00739,1380,64.3,71.71,185.4,607,High
EV000143,2026-01-03 22:50:00,396.24,-94.57,-37.47,24.87,52.02,39.58,100,33,129328.4,181.3,33.0,51.3,4.39,4.26,22.59,71.52,55.35,AC,147,0.00265,0.00342,2403,91.4,93.75,114.7,1933,Low
EV000016,2026-01-03 22:55:00,341.64,-211.13,-72.13,13.23,15.0,-5.98,1400,815,118426.8,192.9,46.1,62.7,3.49,2.71,13.7,30.79,22.27,AC,54,0.00878,0.00638,2565,71.4,72.17,40.0,694,High
EV000016,2026-01-03 23:00:00,401.14,-53.27,-21.37,14.08,44.12,29.83,91,20,51511.6,83.3,100.2,153.2,1.31,7.52,24.15,55.7,51.52,DC,94,0.00566,0.00312,953,50.5,95.73,55.2,1938,Low
EV000208,2026-01-03 23:05:00,347.66,-164.91,-57.33,15.01,52.29,38.12,1093,571,15662.0,177.2,32.4,60.4,0.65,2.3,22.18,70.78,65.78,DC,63,0.0102,0.00553,266,72.1,79.21,55.7,1116,High
EV000121,2026-01-03 23:10:00,400.05,136.56,54.63,57.41,15.0,-1.09,1752,557,3459.3,244.0,76.3,96.2,1.5,0.52,22.87,22.57,29.33,DC,115,0.00945,0.00621,46,52.0,74.46,201.6,774,High
EV000058,2026-01-03 23:15:00,405.07,178.07,72.13,23.13,15.0,-0.46,1032,343,80811.4,242.8,36.9,73.3,0.99,0.22,18.65,31.95,29.7,AC,117,0.0088,0.00598,3549,39.3,78.88,95.9,989,High
EV000267,2026-01-03 23:20:00,385.93,112.73,43.51,44.89,15.0,-8.78,810,277,60091.1,67.9,54.8,111.7,3.54,4.53,17.26,22.11,20.9,DC,130,0.00585,0.00486,986,84.8,86.29,137.8,1373,Medium
EV000037,2026-01-03 23:25:00,339.97,-15.01,-5.1,14.11,36.24,21.36,1317,224,23603.8,112.8,24.0,50.4,4.4,5.42,23.92,45.26,48.26,AC,23,0.00927,0.00632,434,62.9,80.52,62.3,1059,Medium
EV000219,2026-01-03 23:30:00,366.78,-122.01,-44.75,65.38,48.57,41.47,1200,568,206114.2,137.4,91.6,120.3,4.24,3.16,19.39,65.47,60.85,DC,102,0.00782,0.00595,3396,74.0,73.39,206.5,713,High
EV000050,2026-01-03 23:35:00,354.53,143.49,50.87,38.53,15.0,7.56,414,158,193427.0,223.2,39.5,76.1,2.7,6.42,12.02,30.22,25.16,DC,66,0.00386,0.00422,2485,35.7,90.38,130.8,1606,Low
EV000167,2026-01-03 23:40:00,345.22,104.29,36.0,64.19,30.62,21.22,181,65,50969.1,23.2,105.0,129.1,3.06,3.9,22.81,42.87,37.68,DC,70,0.00515,0.00383,1883,30.7,95.27,317.7,1997,Low
EV000289,2026-01-03 23:45:00,357.97,-68.41,-24.49,78.32,39.68,28.26,887,485,83366.7,161.9,99.0,152.0,1.98,5.14,14.73,55.83,52.7,AC,75,0.00585,0.00521,1328,84.2,82.8,294.5,1225,Medium
EV000264,2026-01-03 23:50:00,383.92,160.8,61.73,52.52,15.0,-6.34,1476,825,66292.9,157.9,74.0,86.7,2.85,4.25,20.61,29.07,29.48,DC,128,0.01085,0.0067,2718,70.6,70.5,133.6,532,High
EV000112,2026-01-03 23:55:00,350.96,10.61,3.72,52.16,28.75,14.45,939,7,251357.7,161.9,44.2,60.3,4.43,7.52,22.7,39.54,34.09,DC,148,0.00598,0.0046,3508,92.8,82.59,159.8,1241,Medium
EV000196,2026-01-04 00:00:00,391.41,-82.73,-32.38,92.33,15.0,6.95,1132,641,72600.0,205.8,32.0,67.5,3.04,6.76,22.43,20.2,29.08,AC,134,0.00826,0.00526,1750,46.9,77.88,340.0,965,High
EV000091,2026-01-04 00:05:00,387.04,-53.07,-20.54,86.36,22.73,14.33,1203,65,151831.8,201.8,111.8,159.1,2.73,2.12,15.21,36.53,25.91,DC,140,0.00712,0.00546,3137,35.2,79.35,276.0,1112,High
EV000231,2026-01-04 00:10:00,377.87,-191.91,-72.52,99.88,50.0,38.63,1506,124,158966.2,242.1,93.7,145.1,0.35,4.23,13.72,57.95,58.99,DC,72,0.00828,0.00654,3137,41.7,74.3,350.6,819,High
EV000051,2026-01-04 00:15:00,390.41,194.69,76.01,43.31,51.82,36.28,946,564,157979.8,177.5,110.0,164.1,1.23,2.24,17.73,62.15,59.42,AC,128,0.0067,0.00536,2030,25.5,77.99,190.9,923,High
EV000124,2026-01-04 00:20:00,326.93,-60.81,-19.88,26.03,35.9,30.67,529,181,86706.1,73.5,42.2,92.4,3.57,1.31,12.35,44.89,41.9,AC,71,0.00759,0.00412,2402,29.8,86.72,134.5,1488,Medium
EV000020,2026-01-04 00:25:00,402.34,-139.74,-56.22,95.37,15.68,-1.86,1531,301,24485.0,226.1,94.7,128.5,2.26,2.03,19.49,35.16,26.92,DC,86,0.01129,0.00552,554,44.8,78.9,404.3,962,High
EV000126,2026-01-04 00:30:00,350.77,-15.04,-5.28,39.61,15.0,-6.33,1385,488,11949.9,197.3,35.2,61.4,1.44,1.22,24.38,32.09,21.77,AC,133,0.0079,0.00602,267,70.9,78.33,136.6,1012,High
EV000161,2026-01-04 00:35:00,405.48,-34.82,-14.12,69.0,16.83,3.23,1522,637,33493.0,60.5,63.7,116.6,3.92,1.91,23.54,30.08,28.51,AC,168,0.01124,0.00692,1657,54.5,73.54,206.9,787,High
EV000118,2026-01-04 00:40:00,377.92,-138.11,-52.19,50.2,27.38,23.52,1747,969,38201.6,119.5,116.2,172.9,0.96,4.83,19.46,33.38,34.07,AC,57,0.01242,0.00706,621,56.1,67.3,183.9,395,High
EV000101,2026-01-04 00:45:00,364.51,-102.98,-37.54,6.92,31.83,18.35,1161,118,192789.4,177.2,99.6,147.8,2.42,2.65,18.77,48.65,41.08,DC,90,0.00981,0.00581,2531,68.1,81.83,40.0,1198,Medium
EV000043,2026-01-04 00:50:00,372.61,-92.99,-34.65,71.39,38.64,31.01,1238,90,93874.5,178.4,44.6,58.8,1.05,6.84,12.6,51.47,51.95,AC,113,0.01036,0.00594,1234,49.4,81.31,208.0,1109,Medium
EV000120,2026-01-04 00:55:00,347.68,-211.34,-73.48,20.43,29.77,11.92,764,378,3107.5,220.9,73.2,122.0,4.02,7.4,18.07,49.64,42.67,DC,125,0.00521,0.00438,54,35.1,87.52,107.0,1449,Medium
EV000141,2026-01-04 01:00:00,409.67,178.87,73.28,25.72,47.52,30.83,1365,798,32416.8,144.5,91.8,108.0,2.53,2.09,21.75,61.53,54.74,DC,61,0.00825,0.00685,526,82.5,73.42,82.6,730,High
EV000198,2026-01-04 01:05:00,336.83,-33.66,-11.34,36.12,24.92,7.71,1580,369,129887.4,124.1,64.6,119.2,3.63,7.65,13.02,38.21,28.55,DC,121,0.00922,0.00645,3205,91.2,72.64,105.4,624,High
EV000162,2026-01-04 01:10:00,352.42,-95.22,-33.56,78.63,38.09,22.25,1510,116,15948.0,131.6,57.8,79.9,1.49,0.99,17.02,43.57,47.75,AC,180,0.0089,0.00666,545,39.2,80.11,246.9,1123,Medium
EV000291,2026-01-04 01:15:00,350.82,-134.01,-47.01,59.14,15.0,-1.66,898,21,12681.7,244.0,72.3,96.4,3.52,6.13,19.36,33.31,19.96,AC,130,0.00605,0.00493,543,81.3,87.02,229.6,1500,Medium
EV000028,2026-01-04 01:20:00,329.96,-35.67,-11.77,74.7,43.09,27.77,207,113,46251.1,218.5,18.0,41.4,3.01,5.41,12.94,60.07,52.19,DC,169,0.00361,0.00376,1856,74.5,91.57,359.1,1767,Low
EV000019,2026-01-04 01:25:00,383.21,-5.39,-2.06,7.42,39.86,25.61,286,36,23452.6,219.6,23.2,36.9,4.27,1.28,23.46,58.37,49.46,AC,62,0.00429,0.00269,910,74.2,94.17,40.0,1815,Low
EV000128,2026-01-04 01:30:00,385.9,-78.26,-30.2,77.48,32.94,27.64,1648,67,67559.0,239.2,114.0,134.8,2.86,4.01,20.7,43.36,41.53,DC,79,0.00972,0.00664,1266,67.2,78.04,217.6,984,High
EV000163,2026-01-04 01:35:00,352.63,118.71,41.86,12.38,33.1,29.24,1610,127,109653.8,192.5,55.3,106.2,0.45,7.45,12.01,45.07,42.19,DC,60,0.01144,0.00563,1470,22.9,77.94,56.8,953,High
EV000186,2026-01-04 01:40:00,343.66,151.26,51.98,65.29,50.5,37.69,572,150,67500.2,164.2,25.6,81.3,4.24,5.05,12.66,59.73,65.42,DC,26,0.00728,0.00447,1623,45.7,88.35,319.4,1575,Medium
EV000209,2026-01-04 01:45:00,383.96,-146.92,-56.41,67.16,23.61,18.58,150,4,202845.9,51.1,67.1,96.8,4.15,3.91,14.35,33.32,35.37,AC,110,0.00507,0.00272,3551,63.6,91.92,305.8,1750,Low
EV000113,2026-01-04 01:50:00,395.28,51.69,20.43,11.37,29.85,26.03,1715,187,113206.4,30.7,63.4,113.1,3.05,2.91,21.7,38.34,35.83,AC,175,0.01028,0.0058,2694,69.0,73.66,40.0,679,High
EV000183,2026-01-04 01:55:00,409.0,-120.06,-49.1,83.46,56.09,38.58,752,266,42888.1,33.1,82.8,113.0,4.07,3.01,23.75,69.29,63.33,DC,75,0.00844,0.00472,1111,73.1,85.45,413.9,1453,Medium
EV000259,2026-01-04 02:00:00,359.81,-139.6,-50.23,26.3,48.7,36.61,1650,422,117381.4,67.8,88.6,145.4,0.23,2.43,22.2,55.42,63.05,DC,41,0.01158,0.00678,3305,47.2,69.9,77.5,487,High
EV000036,2026-01-04 02:05:00,360.41,57.99,20.9,18.12,15.0,-5.56,1242,414,128244.1,31.0,110.0,133.9,1.25,1.84,15.75,27.34,23.15,DC,171,0.01062,0.00521,3440,63.3,76.32,56.9,931,High
EV000081,2026-01-04 02:10:00,336.82,-150.65,-50.74,85.0,22.34,6.26,1800,700,96047.3,49.7,41.0,100.5,0.89,0.3,19.68,28.86,36.93,AC,27,0.01109,0.00738,2143,39.1,69.0,340.4,523,High
EV000223,2026-01-04 02:15:00,326.86,-27.21,-8.89,70.49,27.96,14.21,998,509,65937.8,12.3,90.4,143.0,4.27,3.22,16.35,36.69,36.16,AC,97,0.00659,0.0049,1200,37.4,81.79,304.1,1150,Medium
EV000084,2026-01-04 02:20:00,368.05,86.34,31.78,83.21,45.76,36.74,1206,35,248152.3,51.6,56.6,105.3,3.24,7.87,13.4,64.94,53.34,DC,106,0.01045,0.00499,3388,27.7,78.81,385.8,981,High
EV000104,2026-01-04 02:25:00,366.48,-131.45,-48.17,76.44,15.0,-9.94,506,152,95850.0,20.3,116.3,156.2,2.27,2.73,14.11,31.08,26.72,AC,78,0.00456,0.0044,1561,91.0,90.31,354.6,1724,Low
EV000070,2026-01-04 02:30:00,348.15,-72.72,-25.32,56.55,15.0,-0.07,893,237,10610.2,186.0,104.2,159.3,3.66,7.98,21.57,26.61,19.07,AC,74,0.00601,0.00447,140,58.8,87.22,279.1,1472,Medium
EV000089,2026-01-04 02:35:00,366.36,-104.67,-38.35,71.15,15.0,9.32,1108,628,61846.1,212.4,74.8,134.8,2.25,2.11,16.17,23.58,19.27,DC,82,0.00671,0.00582,1379,80.3,78.7,291.8,961,High
EV000183,2026-01-04 02:40:00,352.94,-9.83,-3.47,67.75,33.19,17.67,438,90,13163.4,55.4,30.2,50.5,4.38,1.77,22.39,48.59,40.38,DC,94,0.00462,0.00373,313,55.3,93.55,364.2,1835,Low
EV000279,2026-01-04 02:45:00,401.29,-65.42,-26.25,35.38,59.29,41.3,436,208,229344.5,80.4,103.7,157.7,4.32,7.56,12.56,74.09,71.37,DC,76,0.0067,0.0032,3264,73.5,85.87,129.3,1390,Medium
EV000144,2026-01-04 02:50:00,333.17,49.36,16.45,84.68,23.89,19.36,1158,61,86195.5,155.4,66.8,122.1,3.52,4.27,12.57,38.71,36.88,DC,168,0.0072,0.00459,1090,82.6,84.81,428.5,1424,Medium
EV000292,2026-01-04 02:55:00,404.09,15.81,6.39,52.62,15.0,0.1,1622,724,49435.4,149.1,18.7,71.0,0.63,1.4,20.22,25.41,22.84,DC,134,0.01001,0.00762,1684,64.3,70.76,173.5,665,High
EV000162,2026-01-04 03:00:00,379.15,102.73,38.95,39.35,28.79,18.54,395,210,97788.2,171.0,70.6,124.0,3.43,6.93,13.84,38.73,40.92,AC,40,0.00685,0.00368,1356,29.1,91.64,133.1,1678,Low
EV000270,2026-01-04 03:05:00,397.4,105.7,42.01,85.67,41.09,24.79,944,60,152253.9,192.6,64.8,119.2,1.31,0.08,24.46,50.33,44.32,DC,51,0.00717,0.00546,2376,82.0,83.83,412.3,1358,Medium
EV000014,2026-01-04 03:10:00,335.94,-139.53,-46.87,95.0,41.22,25.65,1442,361,127528.7,138.9,96.0,109.6,3.82,5.02,23.33,56.58,55.84,AC,67,0.00933,0.00596,2691,39.3,73.42,352.8,673,High
EV000095,2026-01-04 03:15:00,368.7,-198.99,-73.37,72.61,15.0,-8.88,515,36,137260.2,72.4,24.8,84.2,4.27,2.17,20.99,29.66,22.23,DC,44,0.00592,0.00415,1990,91.5,89.74,324.8,1668,Medium
EV000107,2026-01-04 03:20:00,389.79,171.5,66.85,13.63,22.82,18.45,1279,383,60503.0,52.8,117.9,134.9,3.47,4.15,22.05,35.67,33.27,DC,102,0.01029,0.00614,2028,78.4,78.9,52.0,1003,High
EV000229,2026-01-04 03:25:00,327.57,-216.91,-71.05,13.61,36.33,23.42,1424,367,43719.1,101.8,51.6,85.9,4.39,2.63,14.76,43.77,46.33,DC,119,0.01042,0.00637,1962,22.7,76.37,45.1,833,High
EV000001,2026-01-04 03:30:00,337.16,65.32,22.02,96.51,28.65,15.99,707,287,27761.4,249.4,66.6,117.9,3.45,2.2,23.4,34.65,32.54,DC,43,0.0063,0.00448,588,64.1,87.08,475.7,1420,Medium
EV000116,2026-01-04 03:35:00,408.15,177.38,72.4,64.68,38.39,28.8,816,79,153237.1,237.9,95.3,138.0,0.92,2.02,15.15,57.57,43.82,AC,42,0.00807,0.00398,3351,45.0,83.83,287.1,1375,Medium
EV000190,2026-01-04 03:40:00,361.48,-8.64,-3.12,14.47,47.51,40.0,904,240,94316.9,186.5,118.5,166.5,3.46,6.26,17.75,62.34,50.97,AC,91,0.00575,0.00552,1545,79.5,81.91,49.2,1212,Medium
EV000185,2026-01-04 03:45:00,331.49,98.74,32.73,59.47,48.89,37.96,1738,457,7776.2,18.1,16.1,70.5,0.29,0.68,23.26,56.5,59.92,AC,150,0.01139,0.00735,379,32.6,72.29,256.5,639,High
EV000158,2026-01-04 03:50:00,380.06,-18.79,-7.14,43.0,15.0,0.53,1098,489,55112.4,226.9,95.2,114.7,3.88,4.91,14.33,21.57,28.62,DC,136,0.00732,0.00625,2040,63.8,78.08,174.1,1071,High
EV000113,2026-01-04 03:55:00,340.71,-216.99,-73.93,59.25,15.0,-7.8,340,135,242562.4,233.3,55.9,108.5,1.36,7.19,19.14,20.68,29.88,DC,90,0.00686,0.00346,3226,79.7,88.87,239.3,1534,Medium
EV000082,2026-01-04 04:00:00,349.75,79.57,27.83,5.23,45.48,36.44,447,143,12288.6,186.1,74.0,111.8,0.69,4.88,13.42,55.35,51.73,DC,107,0.00671,0.00446,461,28.1,92.02,40.0,1730,Low
EV000059,2026-01-04 04:05:00,387.61,70.43,27.3,97.51,15.0,-2.73,1778,620,88555.9,244.8,49.3,63.7,0.83,6.59,17.47,34.67,27.12,DC,126,0.01134,0.00754,2926,50.1,68.36,252.5,529,High
EV000291,2026-01-04 04:10:00,396.52,-71.16,-28.22,54.41,46.36,28.95,993,400,83279.4,145.4,20.6,61.2,0.44,6.98,15.66,56.87,49.6,AC,33,0.0086,0.00498,3356,75.7,77.45,203.8,1030,High
EV000050,2026-01-04 04:15:00,344.91,211.22,72.85,48.63,29.5,24.42,88,16,36893.4,49.6,15.9,46.5,3.1,6.19,16.91,43.17,35.46,DC,115,0.00427,0.00369,790,23.0,97.88,175.5,2153,Low
EV000195,2026-01-04 04:20:00,334.69,97.56,32.65,14.9,15.0,-3.58,1555,789,243105.9,238.8,66.2,102.2,3.22,6.64,18.39,21.0,23.38,AC,43,0.01163,0.00741,3147,38.1,67.59,50.8,345,High
EV000143,2026-01-04 04:25:00,379.41,-84.82,-32.18,50.79,59.69,41.85,1344,283,96729.7,32.6,95.8,110.3,4.11,3.84,16.08,75.27,67.4,AC,132,0.01029,0.00524,3436,89.4,74.12,191.5,708,High
EV000214,2026-01-04 04:30:00,386.88,-23.91,-9.25,39.11,22.82,19.27,1572,5,175508.3,205.0,53.0,98.8,0.81,6.0,19.21,36.26,36.76,DC,84,0.00909,0.00537,2585,57.7,76.66,150.9,993,High
EV000141,2026-01-04 04:35:00,394.66,-148.4,-58.57,86.52,19.95,11.3,1343,467,92194.8,143.1,43.6,77.4,3.33,5.58,13.62,37.71,25.1,AC,27,0.00976,0.0059,1816,49.9,77.63,278.9,951,High
EV000030,2026-01-04 04:40:00,368.84,188.94,69.69,18.77,32.84,24.98,462,86,37785.0,63.9,15.3,73.9,1.18,3.46,18.56,52.83,38.36,AC,111,0.00502,0.0037,1292,25.1,92.13,65.3,1846,Low
EV000292,2026-01-04 04:45:00,335.13,140.19,46.98,98.25,26.28,15.88,429,183,75743.2,214.3,94.4,114.6,2.24,6.57,15.5,36.14,35.15,AC,45,0.00578,0.00371,2476,89.9,88.85,360.2,1634,Medium
EV000006,2026-01-04 04:50:00,354.97,-211.42,-75.05,88.7,31.61,24.33,703,401,59627.5,226.9,79.9,136.3,1.49,1.68,22.3,40.14,37.37,DC,18,0.0082,0.00486,1323,91.1,85.26,443.8,1445,Medium
EV000010,2026-01-04 04:55:00,362.35,-27.94,-10.12,10.8,40.96,34.31,1353,539,46234.2,17.1,39.3,78.9,3.16,7.59,24.09,55.44,48.43,DC,70,0.00942,0.00596,2212,74.0,73.79,41.7,692,High
EV000251,2026-01-04 05:00:00,379.96,27.18,10.33,5.73,45.93,36.6,868,10,16218.1,34.9,111.8,170.8,2.87,2.69,20.64,63.96,60.04,DC,53,0.00644,0.00396,573,62.8,86.89,40.0,1400,Medium
EV000100,2026-01-04 05:05:00,385.65,173.77,67.01,61.73,31.98,20.74,145,36,90856.9,163.4,99.2,116.9,4.12,3.94,16.72,43.63,36.57,AC,174,0.00494,0.00335,1893,63.9,96.0,283.9,1964,Low
EV000013,2026-01-04 05:10:00,374.62,198.5,74.36,78.3,55.79,38.5,33,5,9754.6,185.5,113.0,170.7,1.98,6.57,24.38,73.22,60.43,AC,23,0.00499,0.00317,184,73.2,96.03,443.4,2008,Low
EV000039,2026-01-04 05:15:00,356.87,8.3,2.96,98.99,39.43,30.91,786,80,35005.8,64.8,26.9,72.8,3.83,2.89,12.2,46.61,52.7,DC,77,0.00664,0.00487,1102,56.7,87.02,459.7,1407,Medium
EV000206,2026-01-04 05:20:00,349.94,-83.93,-29.37,10.64,39.44,30.59,175,61,77907.8,175.8,48.6,73.1,2.93,5.19,15.58,48.99,48.11,AC,160,0.00644,0.00263,2270,49.4,93.45,56.7,1886,Low
EV000177,2026-01-04 05:25:00,350.98,-187.43,-65.79,52.43,34.6,17.51,1532,191,56771.7,244.7,46.3,95.0,0.61,4.12,16.44,54.1,43.11,DC,78,0.01067,0.0055,1794,86.5,77.45,146.6,1024,High
EV000012,2026-01-04 05:30:00,347.74,39.98,13.9,65.01,33.87,23.71,901,114,43179.1,194.8,48.2,100.6,4.24,6.81,14.47,46.46,43.23,AC,96,0.00748,0.00527,1743,51.3,85.63,214.9,1390,Medium
EV000281,2026-01-04 05:35:00,359.06,44.04,15.81,93.71,29.65,24.38,787,231,121928.6,188.7,100.2,112.7,2.57,4.12,14.76,46.35,41.18,DC,98,0.0052,0.00401,1727,40.8,86.8,315.0,1439,Medium
EV000200,2026-01-04 05:40:00,320.67,-161.83,-51.9,95.71,30.52,22.72,1516,209,11091.9,245.2,70.7,119.6,4.3,1.34,20.59,47.4,40.89,DC,149,0.01005,0.00568,354,83.2,79.61,400.9,1081,High
EV000112,2026-01-04 05:45:00,346.36,-53.17,-18.42,15.53,15.63,6.32,690,232,133951.3,111.6,24.0,80.4,1.31,1.84,19.67,28.71,26.86,DC,158,0.00532,0.00501,2706,51.2,86.26,51.8,1470,Medium
EV000152,2026-01-04 05:50:00,346.31,-120.07,-41.58,21.33,15.0,-6.22,1609,458,78250.2,157.3,46.3,89.7,1.84,5.8,23.29,32.09,21.89,AC,81,0.00889,0.00602,1171,51.9,73.32,56.9,778,High
EV000076,2026-01-04 05:55:00,340.98,109.88,37.47,64.11,50.28,33.54,1712,462,174009.1,110.7,28.7,65.1,1.36,5.15,14.89,68.52,56.62,AC,72,0.01162,0.00666,2289,64.4,69.8,200.7,473,High
EV000035,2026-01-04 06:00:00,406.26,-162.39,-65.97,50.25,42.77,33.4,270,156,31302.3,156.0,96.8,123.3,2.57,4.7,14.81,56.37,51.38,DC,152,0.00462,0.00326,1329,66.1,92.33,204.4,1726,Low
EV000138,2026-01-04 06:05:00,403.15,49.2,19.84,13.28,17.19,13.26,1538,58,147099.1,171.2,101.8,151.4,0.47,2.01,23.25,30.02,21.22,AC,101,0.01185,0.00654,3502,55.0,74.74,40.0,804,High
EV000257,2026-01-04 06:10:00,329.12,-18.68,-6.15,60.87,15.0,-3.96,1590,887,111685.6,81.8,71.7,101.8,2.5,5.15,15.08,27.87,26.96,AC,80,0.01124,0.00669,1641,71.0,69.79,215.1,576,High
EV000098,2026-01-04 06:15:00,343.51,203.96,70.06,48.23,15.0,-3.0,549,303,130494.0,193.1,79.9,130.2,1.58,3.16,19.32,28.19,29.82,DC,33,0.00547,0.00468,3301,29.8,85.54,221.5,1377,Medium
EV000026,2026-01-04 06:20:00,348.82,77.89,27.17,55.09,15.0,2.61,1281,642,182237.2,137.3,24.9,82.5,1.51,3.4,17.16,21.74,26.74,AC,154,0.00775,0.00558,3107,67.5,72.63,166.6,721,High
EV000266,2026-01-04 06:25:00,358.78,-174.7,-62.68,55.96,40.57,22.71,1800,815,164299.7,246.3,20.8,66.3,1.66,5.91,16.21,51.42,48.35,DC,137,0.01064,0.0073,3273,82.6,63.56,207.7,183,High
EV000166,2026-01-04 06:30:00,336.31,126.74,42.62,24.53,32.27,27.47,540,236,49771.8,176.8,53.4,65.7,3.69,6.23,18.93,37.61,36.01,DC,151,0.00464,0.00459,1516,33.5,88.3,124.7,1569,Medium
EV000181,2026-01-04 06:35:00,377.75,-154.6,-58.4,13.02,15.0,0.19,1008,545,54801.2,228.2,54.8,85.0,3.97,4.78,24.33,25.17,21.07,DC,65,0.00864,0.00545,1022,35.2,80.95,40.9,1200,Medium
EV000139,2026-01-04 06:40:00,396.49,10.09,4.0,80.18,47.52,37.98,550,277,25461.3,222.7,101.5,150.5,2.34,7.89,24.22,56.38,53.0,DC,52,0.00631,0.00411,1000,22.0,87.62,283.8,1490,Medium
EV000086,2026-01-04 06:45:00,358.87,-157.99,-56.7,73.37,15.0,2.56,114,24,167304.7,247.4,42.8,72.2,1.27,1.97,21.4,25.45,27.0,DC,166,0.00635,0.0034,2266,73.3,94.23,298.3,1898,Low
EV000043,2026-01-04 06:50:00,400.11,69.8,27.93,19.77,28.76,16.1,1404,758,6294.2,158.9,93.2,109.5,0.43,6.79,17.22,34.04,42.69,DC,73,0.00882,0.0058,293,88.2,76.13,53.5,958,High
EV000022,2026-01-04 06:55:00,373.23,-197.86,-73.85,76.46,40.31,35.41,10,6,50155.9,117.4,98.5,147.0,3.2,3.37,14.76,50.74,46.0,AC,64,0.00581,0.00289,664,67.3,98.03,366.3,2081,Low
EV000255,2026-01-04 07:00:00,347.42,-158.26,-54.98,39.24,15.0,-4.76,874,37,91207.9,63.1,110.7,155.4,3.8,7.47,18.76,33.05,22.06,AC,49,0.00852,0.00388,3633,40.3,83.06,184.4,1221,Medium
EV000282,2026-01-04 07:05:00,329.91,209.49,69.11,12.0,15.0,-4.37,312,164,53374.2,50.0,28.6,59.3,1.07,1.84,22.07,34.46,23.83,DC,52,0.00585,0.00335,1644,81.8,93.3,54.6,1819,Low
EV000220,2026-01-04 07:10:00,331.82,41.89,13.9,69.25,45.72,39.82,1013,42,93766.5,228.6,35.2,45.5,3.24,5.66,20.0,61.35,51.04,AC,113,0.00965,0.00467,2862,46.6,80.95,260.2,1079,Medium
EV000137,2026-01-04 07:15:00,391.84,179.25,70.24,56.29,41.69,35.28,1335,651,13040.7,63.1,18.9,73.6,4.05,4.6,12.08,58.58,46.88,AC,175,0.0095,0.00609,180,52.4,76.73,234.6,950,High
EV000269,2026-01-04 07:20:00,401.93,-152.67,-61.36,30.12,15.0,2.41,643,114,96583.4,135.4,19.5,50.7,2.28,4.65,13.56,26.16,26.88,AC,31,0.00771,0.00477,3239,55.3,85.54,94.1,1456,Medium
EV000114,2026-01-04 07:25:00,322.93,98.22,31.72,23.26,38.42,24.17,522,132,145936.6,146.5,36.0,68.4,2.56,2.63,23.63,58.38,41.83,DC,26,0.00649,0.00374,2068,91.7,88.56,103.3,1614,Medium
EV000269,2026-01-04 07:30:00,348.21,76.05,26.48,75.33,35.74,30.11,1529,526,54189.0,52.8,35.3,60.4,1.77,6.39,20.93,55.67,49.85,AC,31,0.0109,0.00665,2511,77.5,72.0,287.0,730,High
EV000146,2026-01-04 07:35:00,402.06,-102.01,-41.01,92.01,45.05,35.0,1263,243,66613.6,112.3,22.0,67.6,1.97,0.75,20.57,62.79,57.77,DC,157,0.00934,0.00631,1014,45.4,78.68,334.5,974,High
EV000180,2026-01-04 07:40:00,356.64,72.79,25.96,32.22,23.21,9.55,880,175,73745.3,50.6,99.5,140.1,3.23,5.9,20.15,33.49,27.67,DC,174,0.00842,0.00418,3430,59.1,82.34,121.3,1300,Medium
EV000247,2026-01-04 07:45:00,376.65,-110.3,-41.55,6.02,15.0,-8.68,1293,26,181733.1,109.8,34.9,75.1,3.81,4.95,22.45,24.34,24.7,AC,46,0.00947,0.00509,3026,36.5,80.41,40.0,1100,Medium
EV000186,2026-01-04 07:50:00,348.2,67.93,23.65,19.64,25.3,21.15,1531,889,80503.1,215.1,112.1,154.1,3.71,7.73,15.87,34.15,34.01,DC,80,0.0114,0.00749,1451,37.3,70.45,49.4,577,High
EV000181,2026-01-04 07:55:00,325.47,58.25,18.96,27.22,18.05,8.54,328,155,40781.3,117.7,45.8,77.9,4.25,5.87,21.97,25.49,32.24,AC,69,0.00558,0.00408,1265,38.7,92.59,120.8,1724,Low
EV000251,2026-01-04 08:00:00,386.4,55.46,21.43,48.18,15.0,0.93,19,9,136203.8,236.2,17.4,56.1,2.09,4.27,13.52,33.36,26.87,DC,15,0.00365,0.00212,2718,24.5,96.4,223.0,1985,Low
EV000237,2026-01-04 08:05:00,395.2,-135.22,-53.44,92.43,42.46,28.4,78,0,77211.6,94.6,63.9,109.2,3.7,2.41,18.99,52.53,49.41,DC,15,0.00572,0.00298,1438,42.8,96.28,454.0,2015,Low
EV000155,2026-01-04 08:10:00,347.97,-18.96,-6.6,9.29,49.64,35.11,1305,602,78825.2,223.6,95.2,139.8,4.27,6.8,22.98,62.16,53.31,DC,118,0.01107,0.00633,1620,39.2,75.1,41.4,788,High
EV000201,2026-01-04 08:15:00,364.97,215.79,78.76,63.03,29.92,13.65,1552,410,12250.3,200.8,67.0,111.4,1.98,4.89,16.32,45.38,33.38,AC,43,0.01165,0.00589,261,93.6,76.56,208.7,862,High
EV000163,2026-01-04 08:20:00,354.45,161.55,57.26,70.75,42.43,29.04,688,233,76155.4,113.8,93.9,126.8,1.12,7.65,12.15,50.21,49.95,DC,140,0.00852,0.00432,1992,57.0,84.51,212.2,1286,Medium
EV000234,2026-01-04 08:25:00,345.01,-31.6,-10.9,16.05,30.9,20.83,817,98,78578.6,64.1,56.4,95.6,4.31,5.14,13.98,50.23,34.26,AC,92,0.00859,0.00439,1888,32.6,86.75,78.0,1528,Medium
EV000176,2026-01-04 08:30:00,397.81,145.9,58.04,78.7,15.0,-8.68,490,7,121797.2,40.2,107.0,119.5,3.67,2.97,18.43,26.08,22.68,AC,92,0.00418,0.00391,3120,89.9,88.32,405.1,1626,Medium
EV000060,2026-01-04 08:35:00,383.19,57.04,21.86,60.62,54.7,37.42,1024,72,121869.2,163.8,100.0,147.1,0.64,1.82,21.76,69.29,66.51,AC,95,0.00933,0.0044,3483,81.9,79.6,237.0,1127,High
EV000049,2026-01-04 08:40:00,386.25,-53.87,-20.81,7.16,15.0,-5.97,43,9,122553.1,71.9,66.7,91.2,3.37,2.8,19.95,32.03,24.02,DC,133,0.0041,0.00294,1891,55.5,97.0,40.0,2103,Low
EV000247,2026-01-04 08:45:00,403.4,-101.69,-41.02,57.84,15.0,6.07,403,62,51478.5,193.7,30.7,78.4,0.55,2.92,20.63,33.68,29.24,DC,105,0.00577,0.00397,1052,84.5,92.85,236.7,1876,Low
EV000104,2026-01-04 08:50:00,405.39,-203.09,-82.33,66.24,24.22,19.24,722,262,25790.9,4.4,65.6,83.3,1.85,5.85,20.66,36.08,32.15,DC,165,0.00879,0.00484,650,39.5,87.03,276.0,1440,Medium
EV000003,2026-01-04 08:55:00,342.48,170.94,58.54,64.49,45.31,40.37,1229,356,134043.4,98.4,85.4,139.0,0.43,0.92,12.36,65.27,57.6,AC,131,0.00974,0.00553,1823,73.0,77.3,175.5,958,High
EV000269,2026-01-04 09:00:00,332.61,-115.62,-38.45,72.14,41.07,28.69,133,17,1347.0,219.5,75.1,105.1,1.62,3.73,12.7,48.56,51.67,DC,165,0.00318,0.00307,46,28.6,96.66,249.4,1969,Low
EV000022,2026-01-04 09:05:00,324.83,-129.36,-42.02,22.86,46.0,40.82,480,161,106740.1,224.9,85.7,117.1,4.33,0.38,18.85,60.8,59.32,DC,123,0.00749,0.00457,2070,43.9,87.6,79.3,1471,Medium
EV000288,2026-01-04 09:10:00,352.4,-189.8,-66.89,48.82,19.66,16.33,443,171,13557.6,80.6,30.8,65.0,2.79,7.0,21.21,25.16,23.25,AC,67,0.0041,0.00323,208,78.6,93.41,202.7,1845,Low
EV000273,2026-01-04 09:15:00,408.97,207.02,84.67,87.72,20.85,16.49,1298,335,137946.1,5.6,98.3,109.1,2.96,7.49,16.57,39.31,30.36,AC,124,0.00917,0.00628,2942,62.7,77.12,302.7,918,High
EV000193,2026-01-04 09:20:00,396.86,34.95,13.87,26.11,15.0,1.37,1093,321,5258.6,236.7,117.3,150.5,1.1,6.62,19.24,31.32,19.07,AC,58,0.00647,0.005,109,57.4,83.43,108.5,1268,Medium
EV000168,2026-01-04 09:25:00,359.42,-121.52,-43.68,88.07,36.56,28.4,35,1,143546.7,122.0,62.9,122.6,3.65,6.56,13.85,51.79,39.8,DC,136,0.0061,0.00321,2588,35.7,96.27,428.8,1933,Low
EV000048,2026-01-04 09:30:00,390.1,-120.52,-47.01,76.93,27.46,12.69,1185,79,122534.4,14.5,78.4,118.8,3.19,5.33,13.22,43.31,35.34,AC,74,0.00871,0.00572,2262,78.3,81.53,276.2,1238,Medium
EV000200,2026-01-04 09:35:00,396.18,72.71,28.81,63.7,34.73,18.41,703,266,44812.2,68.0,105.5,143.4,3.98,6.65,19.18,53.26,46.38,DC,165,0.00684,0.00439,1440,27.6,85.57,195.1,1439,Medium
EV000250,2026-01-04 09:40:00,389.7,-147.77,-57.59,41.59,45.05,39.3,641,58,85894.9,93.8,119.6,149.7,0.66,5.89,16.53,60.66,56.56,AC,48,0.00536,0.00425,3098,83.6,86.25,141.0,1471,Medium
EV000039,2026-01-04 09:45:00,368.74,-26.82,-9.89,33.13,15.0,-7.61,1474,312,80881.1,130.2,51.1,90.1,3.76,4.05,18.86,33.19,18.31,AC,152,0.01158,0.0056,1882,84.3,76.08,96.9,856,High
EV000277,2026-01-04 09:50:00,330.19,-104.52,-34.51,81.06,15.0,-7.2,1783,462,25914.2,83.2,105.5,144.9,4.21,1.38,20.97,34.62,18.13,DC,164,0.01201,0.0074,347,56.4,73.16,228.3,687,High
EV000200,2026-01-04 09:55:00,335.05,-13.75,-4.61,34.78,15.69,8.71,1404,607,95329.6,113.2,103.7,152.0,1.39,2.38,18.26,32.66,22.04,AC,99,0.00895,0.00666,2667,23.3,73.03,143.4,660,High
EV000020,2026-01-04 10:00:00,378.8,16.41,6.22,20.64,31.04,16.11,1011,108,82440.1,115.0,52.9,68.1,4.03,3.62,23.95,39.83,40.46,DC,146,0.0079,0.00429,2080,26.6,83.97,95.5,1381,Medium
EV000042,2026-01-04 10:05:00,323.37,-176.44,-57.06,32.04,25.05,10.08,577,214,3110.0,131.2,75.3,97.4,4.29,4.98,13.06,32.5,29.26,DC,93,0.00796,0.0047,64,67.7,91.27,132.6,1742,Low
EV000247,2026-01-04 10:10:00,355.81,-94.92,-33.77,96.75,15.0,-9.93,1245,15,83699.0,244.9,79.6,106.5,3.33,1.87,16.87,22.0,23.37,DC,26,0.00724,0.00506,1711,61.0,81.7,342.7,1245,Medium
EV000088,2026-01-04 10:15:00,407.29,6.17,2.51,9.61,15.0,-8.98,1358,529,91724.3,43.0,73.0,112.7,0.3,0.39,16.67,28.56,29.93,DC,123,0.00979,0.00658,2276,39.6,73.88,42.1,709,High
EV000112,2026-01-04 10:20:00,382.58,218.71,83.68,51.89,23.02,10.89,1332,321,94903.9,224.1,117.7,142.0,0.45,4.35,12.96,30.4,30.61,DC,100,0.01063,0.00562,1794,42.8,76.99,151.9,937,High
EV000011,2026-01-04 10:25:00,404.53,-121.51,-49.16,7.92,21.81,9.38,827,281,133488.7,86.5,59.7,97.8,4.35,3.14,18.24,36.58,31.0,AC,108,0.00652,0.00476,2044,46.3,83.92,40.0,1308,Medium
EV000118,2026-01-04 10:30:00,405.52,169.9,68.9,32.11,44.84,36.45,1671,399,10772.9,198.1,61.9,106.9,1.2,1.86,24.42,52.18,56.39,AC,173,0.01133,0.0062,310,76.2,73.81,129.8,704,High
EV000021,2026-01-04 10:35:00,356.32,-139.43,-49.68,98.02,48.33,31.55,1154,672,12090.6,225.2,60.9,74.3,3.35,7.03,20.55,59.19,52.93,AC,128,0.00841,0.00619,383,67.2,76.56,448.4,865,High
EV000186,2026-01-04 10:40:00,346.48,-174.85,-60.58,25.42,31.71,18.43,724,181,36914.6,74.0,59.5,85.9,4.0,7.65,19.17,48.92,40.63,DC,112,0.00845,0.0048,1121,83.3,88.07,107.6,1561,Medium
EV000002,2026-01-04 10:45:00,326.93,-150.77,-49.29,22.8,16.66,5.6,56,21,236917.2,49.4,58.2,101.0,0.53,2.28,14.88,28.22,29.89,AC,59,0.00592,0.00329,3571,89.7,94.67,118.7,1938,Low
EV000118,2026-01-04 10:50:00,408.1,187.08,76.35,90.47,26.99,21.42,385,19,28552.3,192.1,36.9,85.5,3.99,1.02,15.99,40.58,33.54,DC,160,0.00583,0.00324,438,58.4,93.74,492.8,1783,Low
EV000012,2026-01-04 10:55:00,398.16,-47.79,-19.03,40.94,25.42,18.68,1750,944,2451.7,227.8,86.5,141.1,3.99,4.49,14.86,42.69,32.21,DC,40,0.01168,0.00727,115,68.9,70.59,140.6,534,High
EV000296,2026-01-04 11:00:00,346.56,73.38,25.43,71.5,15.0,-6.11,821,261,231861.9,97.4,28.6,74.5,2.78,5.79,14.55,20.68,21.15,DC,178,0.00785,0.00465,3155,61.8,83.7,222.0,1369,Medium
EV000068,2026-01-04 11:05:00,388.45,66.45,25.81,27.94,15.0,-3.34,1453,782,199288.7,190.4,18.1,61.9,0.32,6.13,12.25,29.35,18.56,DC,119,0.0091,0.00652,3076,40.4,69.46,75.6,587,High
EV000104,2026-01-04 11:10:00,407.21,125.84,51.24,65.61,38.07,34.71,613,13,6067.4,130.9,33.8,90.5,2.98,3.61,12.12,54.81,50.85,AC,56,0.00646,0.00433,123,36.2,92.54,266.6,1783,Low
EV000229,2026-01-04 11:15:00,378.41,83.16,31.47,55.53,46.91,36.67,657,130,114392.3,195.3,45.5,103.0,1.21,2.89,17.62,53.67,51.1,AC,74,0.00699,0.00437,1917,62.9,86.34,250.0,1403,Medium
EV000295,2026-01-04 11:20:00,372.97,82.05,30.6,84.9,22.87,6.41,1444,392,107077.7,177.8,73.7,101.5,0.5,1.99,13.05,36.62,35.3,DC,174,0.01145,0.00617,1360,54.7,76.82,242.4,997,High
EV000283,2026-01-04 11:25:00,407.97,48.58,19.82,15.86,32.87,28.47,1616,380,30425.1,66.8,112.5,160.0,2.76,1.34,15.82,41.99,44.79,AC,133,0.00983,0.00639,928,82.7,76.22,49.8,857,High
EV000276,2026-01-04 11:30:00,378.24,-203.0,-76.78,89.44,15.0,-6.57,366,43,170058.9,197.4,78.6,122.5,0.76,6.94,16.48,33.21,24.27,AC,67,0.00625,0.00282,2270,37.2,92.77,316.5,1723,Low
EV000060,2026-01-04 11:35:00,408.39,1.75,0.72,10.2,15.0,-3.06,1426,611,55177.6,112.2,96.8,132.8,1.95,2.11,12.37,28.21,25.77,AC,35,0.00835,0.0058,1722,75.7,74.96,45.2,880,High
EV000251,2026-01-04 11:40:00,400.39,-71.29,-28.54,20.47,29.57,12.0,176,96,182507.9,231.1,105.4,115.7,4.03,0.35,17.33,40.8,36.35,DC,104,0.00298,0.00313,3081,86.0,91.62,99.8,1810,Low
EV000240,2026-01-04 11:45:00,391.98,171.48,67.22,18.29,15.86,2.8,1623,868,30576.8,68.5,107.8,125.2,1.65,2.58,19.33,21.93,26.64,DC,147,0.01117,0.0072,614,77.9,70.01,76.0,559,High
EV000264,2026-01-04 11:50:00,357.38,-83.71,-29.92,97.56,22.7,18.42,246,47,28185.9,152.7,25.4,56.3,2.68,5.88,14.9,30.52,26.55,AC,46,0.00325,0.00361,615,77.1,96.39,452.9,2039,Low
EV000101,2026-01-04 11:55:00,390.77,-200.51,-78.35,72.96,25.83,8.48,671,175,175732.0,145.1,86.2,126.1,1.79,6.82,22.71,31.44,33.46,AC,121,0.00702,0.00459,3144,68.6,86.33,252.3,1391,Medium
EV000097,2026-01-04 12:00:00,337.89,203.26,68.68,32.89,40.48,35.52,1621,826,43710.8,156.8,109.6,134.9,1.79,5.26,14.2,57.54,53.64,DC,24,0.0117,0.00633,1325,63.5,69.29,133.0,581,High
EV000249,2026-01-04 12:05:00,409.73,-27.21,-11.15,90.92,15.0,7.12,437,215,59679.0,72.7,15.7,37.8,2.91,1.92,18.76,29.48,26.89,AC,36,0.00597,0.00421,1471,82.1,91.05,387.1,1752,Low
EV000233,2026-01-04 12:10:00,329.26,136.07,44.8,30.37,27.89,15.6,1647,622,17992.9,117.7,75.6,95.8,2.93,1.37,17.59,43.67,41.64,AC,135,0.01214,0.00677,449,37.1,72.41,77.9,711,High
EV000176,2026-01-04 12:15:00,383.13,10.18,3.9,75.86,44.21,31.78,277,84,35070.6,9.7,76.5,135.2,2.95,3.13,18.77,51.7,52.39,DC,68,0.00331,0.00375,474,66.7,93.22,373.8,1899,Low
EV000251,2026-01-04 12:20:00,320.57,113.37,36.34,54.09,15.0,9.15,799,119,127179.8,214.6,21.5,50.9,2.79,7.73,22.1,20.01,24.29,AC,116,0.00663,0.00477,2268,55.1,86.78,189.3,1504,Medium
EV000283,2026-01-04 12:25:00,396.87,88.75,35.22,81.26,24.85,7.1,1222,101,136862.1,129.8,72.3,102.9,0.68,6.53,23.39,34.73,33.62,AC,141,0.00951,0.00594,2037,69.3,81.57,265.4,1219,Medium
EV000274,2026-01-04 12:30:00,401.94,20.4,8.2,83.29,15.08,-0.17,903,190,90985.4,168.4,58.9,84.9,2.89,3.99,20.9,25.45,20.57,DC,113,0.00728,0.00405,2864,70.1,82.04,344.1,1222,Medium
EV000300,2026-01-04 12:35:00,400.94,-112.3,-45.03,31.82,27.26,13.02,19,1,108813.0,65.8,52.5,82.5,1.6,7.77,14.71,44.88,34.49,DC,35,0.00576,0.00329,2477,86.4,96.99,180.4,2073,Low
EV000209,2026-01-04 12:40:00,333.87,-118.9,-39.7,47.99,24.38,19.07,305,128,95952.9,29.8,23.1,69.8,3.89,6.72,22.86,39.19,34.78,DC,92,0.00434,0.00278,2808,72.2,90.59,257.6,1701,Low
EV000272,2026-01-04 12:45:00,391.12,-209.39,-81.9,83.17,42.08,28.54,832,352,235242.3,27.8,24.3,57.0,2.87,5.28,20.97,57.21,47.89,DC,100,0.00839,0.0046,3470,86.7,80.67,277.7,1146,Medium
EV000001,2026-01-04 12:50:00,377.06,125.19,47.21,16.91,30.4,17.25,1675,515,97258.3,154.9,70.2,94.7,2.28,2.86,18.07,44.49,41.71,DC,119,0.01129,0.00673,1633,88.2,72.64,43.5,705,High
EV000178,2026-01-04 12:55:00,359.93,19.57,7.04,43.24,15.0,1.34,722,133,120259.9,124.6,35.8,52.7,3.6,5.03,18.79,29.02,27.81,DC,20,0.00857,0.00394,2032,83.6,87.57,180.7,1575,Medium
EV000206,2026-01-04 13:00:00,382.36,137.49,52.57,6.04,15.0,8.04,1448,678,26915.2,247.7,53.4,66.9,3.56,2.92,16.57,21.53,25.24,DC,43,0.00896,0.00616,789,82.7,73.58,40.0,706,High
EV000242,2026-01-04 13:05:00,386.37,-97.45,-37.65,54.2,15.0,0.06,1497,145,213956.3,137.1,26.7,67.8,1.99,4.74,16.42,32.79,18.84,AC,119,0.00824,0.00535,3052,47.5,76.04,158.6,862,High
EV000042,2026-01-04 13:10:00,386.53,-107.51,-41.56,7.17,15.0,10.7,740,3,48401.6,27.1,72.0,86.5,2.49,3.01,21.76,20.46,18.74,DC,137,0.00535,0.0049,1870,41.2,88.53,40.0,1629,Medium
EV000052,2026-01-04 13:15:00,352.89,-189.76,-66.96,7.38,35.32,24.82,207,95,117534.3,4.6,92.3,132.8,3.92,4.05,18.4,46.14,43.48,AC,158,0.00348,0.00357,2648,41.2,92.73,40.0,1836,Low
EV000187,2026-01-04 13:20:00,340.49,-36.54,-12.44,22.54,15.0,2.7,1484,383,125215.1,21.4,41.0,63.4,1.46,7.04,18.78,22.92,26.03,DC,149,0.01117,0.00606,1572,61.7,77.19,101.3,940,High
EV000105,2026-01-04 13:25:00,402.63,-102.34,-41.2,47.99,19.89,16.6,1543,137,48317.9,65.7,46.7,76.1,3.36,0.68,21.88,27.37,23.69,DC,68,0.01211,0.00562,1597,64.3,76.59,143.4,852,High
EV000047,2026-01-04 13:30:00,400.24,-215.26,-86.16,63.54,42.87,25.22,101,8,100919.2,72.7,113.5,156.9,1.31,2.02,22.87,52.46,47.7,DC,81,0.00381,0.00296,2656,88.3,93.65,233.5,1865,Low
EV000049,2026-01-04 13:35:00,380.28,134.45,51.13,45.83,15.0,1.94,250,103,8728.2,167.6,110.8,144.9,3.1,0.83,20.71,22.5,25.79,DC,135,0.00611,0.00363,368,86.8,95.89,206.9,1903,Low
EV000200,2026-01-04 13:40:00,351.73,138.63,48.76,71.59,15.0,-0.38,1575,52,82283.6,220.6,37.5,65.1,3.01,0.38,17.75,32.97,23.29,DC,157,0.01037,0.00664,1201,45.4,79.23,223.5,1059,High
EV000032,2026-01-04 13:45:00,406.23,167.01,67.84,18.1,20.95,13.56,864,245,86450.5,168.9,97.8,156.8,1.44,5.0,23.0,28.85,28.13,DC,161,0.00829,0.00472,1451,47.9,85.07,63.1,1310,Medium
EV000201,2026-01-04 13:50:00,354.96,-132.09,-46.89,45.21,15.0,-5.88,329,42,2237.8,87.4,115.1,166.0,0.93,7.44,22.67,21.0,20.34,AC,54,0.00719,0.00285,48,70.0,94.51,237.7,1922,Low
EV000228,2026-01-04 13:55:00,345.59,30.29,10.47,48.63,55.92,38.39,1430,661,39868.3,21.9,22.3,34.0,2.03,5.26,12.34,70.51,68.85,AC,150,0.01014,0.00637,1412,53.4,71.42,192.7,692,High
EV000070,2026-01-04 14:00:00,409.91,-89.58,-36.72,18.3,50.62,33.79,1059,510,24276.7,210.7,30.0,44.2,1.71,4.33,17.36,57.87,61.79,AC,52,0.00884,0.00622,527,67.0,80.59,67.3,1103,Medium
EV000091,2026-01-04 14:05:00,334.29,68.66,22.95,11.34,15.0,1.06,1507,787,119788.6,182.8,119.9,179.5,3.56,7.02,12.18,25.27,28.33,AC,87,0.01156,0.00695,3048,74.8,68.53,45.2,392,High
EV000264,2026-01-04 14:10:00,398.84,-82.87,-33.05,56.2,33.81,22.02,63,15,156212.0,90.4,97.1,132.1,2.85,1.95,23.75,53.18,46.7,DC,72,0.00423,0.00292,2331,76.2,95.96,246.7,1904,Low
EV000299,2026-01-04 14:15:00,345.25,-32.13,-11.09,49.91,15.0,3.33,1575,430,166274.6,112.8,60.0,118.2,0.93,5.67,23.05,32.38,28.09,DC,128,0.01097,0.00672,3216,74.9,72.11,185.8,639,High
EV000261,2026-01-04 14:20:00,378.87,106.74,40.44,92.66,18.16,0.44,1550,513,126347.7,111.7,52.6,106.3,2.36,1.15,21.32,37.64,26.6,AC,154,0.00858,0.00578,2165,27.7,74.2,308.8,755,High
EV000080,2026-01-04 14:25:00,389.44,-31.04,-12.09,24.57,42.15,32.12,245,115,3966.6,38.1,97.5,108.9,4.11,0.42,16.32,59.93,55.51,AC,100,0.00473,0.00346,80,90.8,95.62,135.6,1883,Low
EV000117,2026-01-04 14:30:00,333.15,-76.85,-25.6,21.1,22.79,14.54,202,40,24585.4,194.5,48.2,63.3,0.78,0.01,18.16,28.82,32.74,DC,98,0.00348,0.00261,738,86.0,97.25,109.2,2016,Low
EV000138,2026-01-04 14:35:00,356.42,111.26,39.66,48.87,15.0,-9.41,1782,131,158028.4,191.0,24.2,58.7,3.6,4.29,17.99,30.33,22.26,DC,74,0.01275,0.00671,2020,92.8,74.94,215.3,802,High
EV000199,2026-01-04 14:40:00,325.1,-110.85,-36.04,14.51,42.97,30.33,1428,137,50604.8,213.5,21.5,52.6,3.37,6.52,18.41,51.89,51.98,AC,151,0.01136,0.00641,2263,85.9,76.86,43.3,923,High
EV000297,2026-01-04 14:45:00,389.74,-157.91,-61.54,84.32,23.7,14.08,720,247,124580.2,2.2,108.7,153.4,3.13,1.37,14.4,37.15,27.95,AC,57,0.00779,0.00461,2706,22.2,85.37,409.7,1397,Medium
EV000012,2026-01-04 14:50:00,335.45,-122.59,-41.12,67.52,50.38,39.42,921,100,68526.5,153.6,67.0,117.6,2.0,1.5,12.69,64.39,54.76,AC,82,0.00659,0.00538,1179,42.3,83.73,288.6,1371,Medium
EV000274,2026-01-04 14:55:00,378.34,72.31,27.36,91.48,15.0,-9.85,223,75,172455.3,18.4,118.8,138.3,3.13,1.58,22.33,20.48,20.4,AC,109,0.00675,0.00299,2537,22.4,93.77,396.6,1800,Low
EV000125,2026-01-04 15:00:00,381.86,-56.5,-21.57,38.84,15.0,-2.44,1674,646,55153.2,171.7,63.6,78.0,3.57,2.6,15.77,28.29,25.84,AC,178,0.01194,0.00675,698,94.0,72.18,125.4,668,High
EV000234,2026-01-04 15:05:00,344.38,-133.2,-45.87,26.73,33.3,23.0,690,121,32578.8,21.9,29.5,55.1,2.65,7.43,23.27,43.53,43.02,DC,83,0.00531,0.00407,1178,47.9,88.06,136.7,1543,Medium
EV000205,2026-01-04 15:10:00,341.01,-83.86,-28.6,55.29,35.63,19.07,1617,349,63487.7,108.8,15.6,29.6,0.97,4.28,12.22,44.49,44.67,DC,135,0.01058,0.00705,2840,74.5,73.11,189.6,763,High
EV000052,2026-01-04 15:15:00,331.17,-64.01,-21.2,21.59,20.71,9.46,733,148,137805.7,191.8,59.4,89.3,2.53,0.13,19.6,30.64,25.87,AC,40,0.00713,0.00474,1891,87.6,87.31,103.4,1512,Medium
EV000170,2026-01-04 15:20:00,346.37,-74.16,-25.69,16.25,50.02,33.57,846,363,207957.1,185.7,53.4,95.9,1.66,1.77,12.38,67.05,59.81,AC,106,0.00643,0.00438,3086,49.0,80.81,74.9,1186,Medium
EV000275,2026-01-04 15:25:00,371.42,-154.41,-57.35,97.32,35.69,22.94,497,113,160098.8,160.6,21.4,76.5,3.29,2.44,22.78,47.27,41.45,DC,159,0.00534,0.00457,2300,47.4,88.62,346.1,1591,Medium
EV000188,2026-01-04 15:30:00,346.77,-7.94,-2.75,58.89,15.0,-7.89,1524,750,65206.5,5.7,89.7,134.4,0.99,1.6,15.56,31.76,29.43,AC,128,0.00993,0.00742,1126,26.9,72.56,234.5,683,High
EV000061,2026-01-04 15:35:00,334.93,70.64,23.66,70.63,15.0,4.49,1263,488,87914.6,26.8,49.1,68.2,3.76,2.84,16.27,30.3,18.22,DC,35,0.00859,0.00649,2837,73.9,74.66,256.3,840,High
EV000034,2026-01-04 15:40:00,327.76,118.43,38.82,45.91,34.53,22.17,1034,282,116593.8,186.4,70.5,99.7,0.45,5.03,23.04,41.43,45.37,DC,97,0.0074,0.00575,3167,93.4,79.15,148.7,1071,High
EV000013,2026-01-04 15:45:00,383.06,17.5,6.7,7.59,15.0,-7.61,715,139,42013.4,232.3,108.5,133.3,2.27,7.04,22.8,27.51,28.75,AC,51,0.00736,0.00364,1340,43.9,87.41,40.0,1498,Medium
EV000218,2026-01-04 15:50:00,348.92,-175.02,-61.07,66.12,35.52,28.8,1558,58,145435.7,209.2,48.4,72.5,1.04,2.2,19.74,48.64,44.49,DC,122,0.01109,0.00561,3305,59.3,75.4,218.1,850,High
EV000115,2026-01-04 15:55:00,375.28,192.3,72.17,89.84,35.89,28.89,60,24,231987.4,248.1,78.1,119.3,0.69,5.6,16.33,46.07,42.52,AC,104,0.00466,0.00253,3092,42.1,95.06,451.3,1886,Low
EV000034,2026-01-04 16:00:00,365.9,-219.33,-80.25,84.82,24.2,17.18,522,262,64320.2,54.6,26.0,58.2,1.25,0.26,22.41,39.37,29.44,DC,139,0.00423,0.00391,2827,66.1,87.96,391.5,1607,Medium
EV000213,2026-01-04 16:05:00,349.17,128.38,44.83,28.85,22.38,13.89,640,238,231040.0,11.2,27.4,65.4,0.23,5.93,20.23,38.85,29.8,DC,58,0.00809,0.00414,2943,27.5,84.91,134.5,1375,Medium
EV000204,2026-01-04 16:10:00,332.29,-111.21,-36.96,11.65,31.35,13.6,147,26,184906.8,37.3,45.2,82.7,0.4,7.04,14.79,44.79,40.55,DC,129,0.00452,0.00298,3238,59.3,93.49,49.2,1920,Low
EV000268,2026-01-04 16:15:00,352.82,-63.52,-22.41,39.61,45.85,31.14,1311,101,34795.4,7.3,53.3,68.5,1.89,2.67,20.21,65.5,58.45,DC,144,0.01115,0.0054,578,22.2,80.08,112.0,1024,Medium
EV000077,2026-01-04 16:20:00,323.15,-30.74,-9.93,9.97,15.0,3.47,1521,902,57143.1,167.2,107.8,150.3,1.0,1.44,24.39,22.23,24.93,DC,125,0.00907,0.00655,2248,43.2,69.98,40.0,529,High
EV000009,2026-01-04 16:25:00,407.25,22.57,9.19,58.55,18.34,2.36,28,15,66552.8,229.2,107.8,122.2,4.41,2.61,14.84,28.12,23.26,AC,29,0.00399,0.00355,2559,30.6,94.61,306.7,1867,Low
EV000142,2026-01-04 16:30:00,339.03,-11.37,-3.86,7.7,17.02,12.54,341,155,168378.2,226.6,22.8,56.8,1.54,5.48,24.54,36.85,31.43,DC,27,0.00408,0.00351,3563,66.6,89.29,40.0,1634,Medium
EV000181,2026-01-04 16:35:00,356.96,-174.61,-62.33,36.91,15.0,-2.64,172,12,60447.7,88.7,17.3,52.4,3.16,1.6,14.48,33.47,18.08,DC,158,0.00417,0.00332,2304,46.7,93.25,154.0,1832,Low
EV000189,2026-01-04 16:40:00,326.52,34.28,11.19,47.35,15.0,1.17,1392,514,67307.1,19.9,17.7,60.2,4.43,2.58,22.15,22.77,20.06,DC,158,0.01055,0.00679,2070,74.0,74.69,175.4,768,High
EV000271,2026-01-04 16:45:00,326.18,3.74,1.22,25.94,38.08,23.34,935,337,63569.7,177.3,20.6,48.9,2.78,4.97,22.35,52.53,45.53,AC,28,0.0085,0.00501,1556,83.5,82.87,116.9,1254,Medium
EV000251,2026-01-04 16:50:00,408.38,-210.11,-85.81,86.56,15.0,-5.61,1013,328,47423.5,140.2,22.1,58.3,3.95,0.89,19.01,34.09,21.75,DC,123,0.00816,0.00452,971,66.2,83.66,358.3,1325,Medium
EV000217,2026-01-04 16:55:00,336.17,69.7,23.43,36.13,15.37,3.32,136,12,163801.2,109.9,15.2,55.6,1.62,2.72,18.91,32.82,22.57,DC,31,0.00574,0.00373,2580,85.5,93.95,149.9,1901,Low
EV000282,2026-01-04 17:00:00,358.31,33.72,12.08,15.84,34.09,24.09,709,403,36663.5,104.2,88.5,125.2,0.43,6.77,13.32,51.84,41.98,AC,165,0.00697,0.00518,1488,20.3,84.9,57.2,1369,Medium
EV000224,2026-01-04 17:05:00,404.47,-13.75,-5.56,41.14,48.93,31.34,240,1,164053.9,246.7,105.6,130.3,2.28,1.43,22.59,61.05,62.76,DC,83,0.00624,0.00348,2835,65.6,90.47,209.3,1618,Low
EV000276,2026-01-04 17:10:00,327.96,-69.46,-22.78,79.74,21.26,9.07,542,26,23613.0,23.1,38.3,53.9,0.52,1.71,16.93,36.19,28.63,DC,84,0.00794,0.00405,383,72.4,93.3,268.8,1910,Low
EV000110,2026-01-04 17:15:00,342.44,-86.8,-29.72,77.74,15.0,-8.56,697,302,163451.2,131.3,86.1,101.4,3.91,3.28,17.2,27.2,29.32,DC,31,0.00655,0.00426,2923,56.9,85.14,346.2,1365,Medium
EV000097,2026-01-04 17:20:00,399.4,25.6,10.23,32.82,34.45,27.82,742,379,86979.0,8.2,73.2,90.4,0.26,7.49,24.73,46.19,47.14,AC,36,0.00734,0.00438,3319,49.0,81.06,138.6,1121,Medium
EV000272,2026-01-04 17:25:00,329.13,-27.64,-9.1,33.79,38.83,28.74,98,13,219043.6,208.4,59.2,83.3,1.56,7.65,20.96,49.21,42.91,AC,71,0.00631,0.00352,2990,65.4,93.25,124.6,1882,Low
EV000047,2026-01-04 17:30:00,402.7,39.58,15.94,34.6,15.0,-4.93,915,114,6047.0,241.3,84.5,142.5,4.27,6.28,14.64,23.08,18.35,AC,40,0.00591,0.0053,260,50.6,87.62,136.1,1442,Medium
EV000033,2026-01-04 17:35:00,364.21,-98.95,-36.04,84.27,37.14,20.96,1587,795,79790.7,204.5,85.7,141.8,1.57,0.63,12.8,47.32,43.59,AC,102,0.00942,0.00691,1431,28.3,69.43,322.8,504,High
EV000018,2026-01-04 17:40:00,353.53,166.63,58.91,97.47,20.76,7.16,707,204,2086.4,172.8,19.9,78.4,0.8,0.33,13.45,26.82,30.12,DC,114,0.00658,0.00449,37,33.8,89.79,459.9,1706,Medium
EV000261,2026-01-04 17:45:00,323.9,2.23,0.72,86.58,15.0,-6.16,78,0,83309.8,89.3,28.7,42.1,3.8,4.74,20.87,20.98,29.38,AC,86,0.005,0.00264,3143,34.6,93.48,343.1,1802,Low
EV000131,2026-01-04 17:50:00,325.23,-192.67,-62.66,32.4,17.58,6.28,348,162,128511.1,148.4,49.2,88.5,2.9,3.92,14.04,23.03,30.9,AC,92,0.0068,0.00296,1805,91.3,90.9,155.7,1622,Low
EV000099,2026-01-04 17:55:00,341.79,-155.19,-53.04,84.31,51.53,36.09,679,297,29074.1,239.7,17.6,49.1,0.81,3.8,12.25,64.66,58.79,DC,126,0.00797,0.00453,538,82.0,86.68,296.3,1487,Medium
EV000099,2026-01-04 18:00:00,369.76,-188.66,-69.76,61.1,15.68,11.22,1224,61,92573.1,66.2,20.5,54.7,0.78,7.61,16.95,35.1,24.38,AC,108,0.00695,0.0056,1270,78.1,83.84,214.6,1302,Medium
EV000045,2026-01-04 18:05:00,348.8,184.27,64.27,52.85,30.4,22.76,1779,761,10609.6,186.9,109.1,121.2,3.46,0.97,18.94,38.6,44.27,AC,35,0.00999,0.00698,482,33.0,69.8,134.3,600,High
EV000041,2026-01-04 18:10:00,376.65,110.63,41.67,90.02,50.91,38.8,626,27,24231.2,2.7,57.7,114.9,0.85,4.0,14.81,58.51,63.57,DC,145,0.00811,0.00424,850,57.4,89.15,343.9,1674,Medium
EV000188,2026-01-04 18:15:00,321.3,219.39,70.49,22.58,32.91,19.03,501,28,76358.7,237.5,109.1,120.9,1.85,3.21,20.14,43.09,44.98,DC,87,0.00428,0.00324,3650,63.9,88.79,71.6,1514,Medium
EV000251,2026-01-04 18:20:00,395.21,126.1,49.83,58.1,40.52,28.92,1025,279,164706.1,142.1,27.6,54.3,1.61,4.04,17.22,59.46,51.69,AC,158,0.00646,0.00546,2166,67.7,81.5,193.8,1159,Medium
EV000102,2026-01-04 18:25:00,368.27,-64.83,-23.88,61.31,15.0,-5.18,203,41,89801.9,117.7,53.7,95.7,0.36,7.68,23.52,33.97,29.28,DC,116,0.00639,0.00338,2794,50.3,91.85,236.9,1770,Low
EV000172,2026-01-04 18:30:00,342.87,-7.91,-2.71,11.07,38.65,22.91,1337,619,127712.9,51.3,28.5,48.3,1.05,4.37,19.27,57.56,52.08,DC,167,0.01053,0.00622,2495,38.2,73.72,40.0,754,High
EV000118,2026-01-04 18:35:00,369.47,-94.06,-34.75,8.2,51.37,38.34,1695,532,69933.3,193.3,26.7,77.9,2.83,4.85,12.79,69.07,61.98,DC,46,0.01128,0.00642,885,42.0,72.18,40.0,691,High
EV000003,2026-01-04 18:40:00,353.69,160.8,56.87,74.53,53.49,40.33,1111,170,21502.4,1.8,101.4,120.7,0.62,2.1,12.44,61.63,63.09,AC,110,0.00989,0.0047,446,68.8,81.83,340.4,1216,Medium
EV000147,2026-01-04 18:45:00,331.22,50.67,16.78,19.04,42.94,35.6,66,38,76307.3,99.3,27.3,85.0,2.25,3.87,18.93,49.24,51.44,DC,59,0.00525,0.00357,1084,34.7,95.61,87.6,2016,Low
EV000234,2026-01-04 18:50:00,402.76,153.45,61.8,74.81,25.23,8.55,159,93,130106.7,18.7,26.9,60.2,4.42,1.3,15.41,36.64,32.35,AC,59,0.00347,0.00324,1667,38.7,94.33,357.9,1958,Low
EV000287,2026-01-04 18:55:00,405.0,-55.98,-22.67,95.12,26.22,13.0,1674,995,52458.6,186.7,36.2,85.2,1.1,0.28,22.23,37.46,33.03,AC,79,0.00886,0.00734,2368,85.0,66.64,256.3,347,High
EV000225,2026-01-04 19:00:00,344.9,-34.5,-11.9,87.22,53.08,35.81,490,258,33823.5,31.9,23.8,47.9,0.32,0.67,12.88,65.87,56.57,AC,128,0.00684,0.00355,1130,61.6,88.86,278.0,1535,Medium
EV000020,2026-01-04 19:05:00,382.06,-82.3,-31.44,60.92,49.74,40.07,1536,532,13450.6,235.8,81.2,96.6,2.75,5.04,15.07,63.64,53.75,DC,80,0.00887,0.00718,597,20.8,73.03,171.1,762,High
EV000092,2026-01-04 19:10:00,388.55,-56.59,-21.99,36.65,15.0,-2.6,1569,346,98468.5,55.4,47.0,65.2,3.17,5.92,18.37,31.21,28.15,DC,165,0.01206,0.00569,1343,86.4,74.75,157.1,836,High
EV000141,2026-01-04 19:15:00,330.72,-169.58,-56.08,75.77,15.0,-1.4,1462,877,8766.9,210.2,32.5,62.4,1.36,0.1,19.04,30.12,28.46,DC,91,0.01088,0.00694,275,89.9,74.01,209.1,714,High
EV000215,2026-01-04 19:20:00,392.15,-162.44,-63.7,16.22,15.0,8.72,828,362,189019.5,162.9,47.7,82.3,4.23,6.05,12.52,33.76,26.61,DC,108,0.00844,0.00512,2769,66.9,82.84,67.4,1237,Medium
EV000253,2026-01-04 19:25:00,370.21,145.86,54.0,34.73,27.48,19.08,981,317,144420.3,155.7,53.1,101.3,3.04,4.31,23.11,43.64,38.43,DC,82,0.0061,0.00574,2194,50.8,82.73,134.6,1243,Medium
EV000010,2026-01-04 19:30:00,340.54,206.51,70.32,43.25,15.0,-9.79,507,247,3162.6,142.3,58.8,94.8,2.73,2.44,19.76,24.06,18.93,AC,95,0.00612,0.00444,130,78.7,90.19,219.6,1704,Low
EV000134,2026-01-04 19:35:00,395.14,-126.3,-49.91,36.67,15.0,-3.18,1738,315,194520.6,89.9,60.9,106.0,2.58,0.97,18.93,32.75,21.72,DC,52,0.01265,0.00617,2736,51.8,71.16,103.7,648,High
EV000259,2026-01-04 19:40:00,321.35,-112.94,-36.29,33.32,31.02,17.25,231,61,125476.9,166.2,88.4,148.3,1.16,7.29,14.45,49.75,37.47,DC,76,0.00541,0.00353,2610,41.9,92.2,134.7,1801,Low
EV000163,2026-01-04 19:45:00,409.65,-84.73,-34.71,23.7,15.0,-2.18,1747,660,198235.5,206.8,35.7,58.0,1.32,6.81,19.43,33.54,19.81,AC,121,0.0107,0.00644,3508,71.5,66.73,73.5,357,High
EV000102,2026-01-04 19:50:00,351.42,-203.34,-71.46,78.6,26.13,15.99,716,108,63154.3,155.6,23.3,54.1,0.9,5.88,23.8,46.09,30.48,AC,45,0.00861,0.00447,1110,67.3,88.59,371.1,1599,Medium
EV000149,2026-01-04 19:55:00,387.0,103.81,40.17,26.2,15.0,-4.21,1298,231,76082.2,186.8,42.4,68.1,0.94,0.76,16.89,25.81,29.4,DC,148,0.00981,0.00595,3179,44.6,76.88,108.2,1007,High
EV000010,2026-01-04 20:00:00,368.54,-129.02,-47.55,35.24,32.5,16.5,1215,284,236334.1,124.2,98.4,136.1,2.44,1.28,12.39,43.99,43.66,DC,99,0.01048,0.00616,3613,29.2,77.03,134.9,866,High
EV000066,2026-01-04 20:05:00,367.51,102.36,37.62,82.54,15.0,1.45,1244,164,99075.6,9.2,105.3,162.3,3.04,6.56,18.64,24.18,22.34,AC,163,0.00762,0.00559,1816,73.9,80.86,374.9,1169,Medium
EV000211,2026-01-04 20:10:00,381.21,2.26,0.86,79.93,53.34,36.86,732,390,2793.6,123.5,53.3,87.0,3.46,4.92,23.65,59.68,68.29,AC,125,0.00701,0.00436,137,88.3,85.24,376.2,1386,Medium
EV000206,2026-01-04 20:15:00,324.77,-133.68,-43.42,66.81,39.48,21.67,1487,88,93536.2,145.3,114.4,134.5,1.32,0.23,22.07,44.97,54.48,DC,72,0.00859,0.00601,3152,76.3,76.44,231.2,905,High
EV000276,2026-01-04 20:20:00,355.59,-181.18,-64.42,96.04,54.1,38.84,565,85,42881.2,3.0,91.1,102.7,1.18,4.38,12.19,66.13,60.1,DC,36,0.00759,0.00387,1529,24.8,88.09,324.3,1572,Medium
EV000245,2026-01-04 20:25:00,371.43,-59.22,-22.0,58.66,15.0,-9.57,1251,594,135643.0,182.1,84.5,98.3,2.4,3.3,23.78,24.55,26.08,DC,40,0.008,0.00611,3400,41.7,74.79,241.7,829,High
EV000013,2026-01-04 20:30:00,350.59,-55.45,-19.44,10.29,38.26,27.73,974,321,42226.8,210.8,66.2,86.4,3.65,5.7,22.95,51.45,47.42,AC,164,0.00659,0.00481,583,43.2,84.33,43.5,1409,Medium
EV000145,2026-01-04 20:35:00,340.86,196.86,67.1,99.63,19.53,6.66,895,520,55067.9,59.3,34.3,56.3,1.62,5.37,14.27,31.16,26.91,DC,157,0.00832,0.0046,723,42.2,82.31,328.0,1284,Medium
EV000270,2026-01-04 20:40:00,397.94,126.32,50.27,61.22,52.41,37.78,1737,556,7529.5,59.1,84.6,136.9,2.63,5.78,20.94,64.34,63.02,AC,136,0.01042,0.0062,133,78.0,70.69,168.0,574,High
EV000199,2026-01-04 20:45:00,348.69,-3.38,-1.18,34.88,15.0,-4.04,1454,140,59206.7,30.6,111.8,158.6,1.98,2.0,17.19,20.81,18.82,AC,30,0.0082,0.00647,1059,52.2,79.53,103.3,1106,High
EV000222,2026-01-04 20:50:00,396.5,-25.17,-9.98,59.49,20.05,4.0,1138,133,144429.5,144.5,29.6,83.9,2.39,1.96,23.54,34.18,34.0,AC,180,0.00987,0.00578,1945,50.4,81.51,248.8,1249,Medium
EV000191,2026-01-04 20:55:00,345.74,-216.5,-74.85,95.71,31.2,26.44,1384,748,138722.4,212.5,108.0,144.9,0.85,6.28,23.08,49.69,38.67,AC,148,0.00758,0.00707,2028,83.4,73.6,336.7,799,High
EV000081,2026-01-04 21:00:00,322.97,-143.41,-46.32,56.02,15.0,-8.34,1641,117,52303.3,17.2,75.3,130.4,0.46,3.83,14.53,28.31,18.86,AC,55,0.01155,0.00618,1294,90.5,76.79,169.7,846,High
EV000037,2026-01-04 21:05:00,324.4,-172.97,-56.11,82.7,15.0,-5.78,423,108,169938.6,171.0,32.6,73.8,1.94,6.79,13.84,33.36,22.57,AC,147,0.00658,0.00379,3395,25.0,88.06,407.6,1583,Medium
EV000073,2026-01-04 21:10:00,383.24,-169.11,-64.81,83.67,50.03,33.86,97,39,79352.4,31.5,100.9,112.3,2.89,4.1,21.26,56.61,53.29,DC,42,0.00418,0.00369,3352,58.5,92.59,380.2,1835,Low
EV000196,2026-01-04 21:15:00,330.46,155.5,51.39,40.81,43.66,32.96,1376,304,67722.2,17.0,41.9,62.7,2.36,0.72,24.45,61.23,49.34,AC,117,0.0111,0.00515,1289,23.5,76.85,118.2,999,High
EV000286,2026-01-04 21:20:00,404.8,91.14,36.89,99.72,15.0,-4.75,643,67,191331.8,107.5,118.9,164.4,1.6,1.01,22.31,34.88,28.18,DC,166,0.00805,0.00411,3088,78.5,87.14,440.4,1497,Medium
EV000021,2026-01-04 21:25:00,339.76,182.82,62.11,88.88,41.99,31.86,557,96,226432.9,102.4,78.1,134.2,1.28,6.29,21.21,47.31,56.01,DC,65,0.00449,0.00345,3496,58.9,85.2,427.9,1434,Medium
EV000025,2026-01-04 21:30:00,377.62,-192.21,-72.58,49.7,15.0,-6.95,1492,814,244883.7,74.0,26.7,78.5,2.02,7.28,17.23,24.16,27.96,DC,63,0.00928,0.00705,3367,52.0,69.25,166.2,444,High
EV000088,2026-01-04 21:35:00,337.82,76.98,26.01,82.97,15.0,7.12,635,361,24997.7,91.5,30.2,57.8,2.36,2.7,16.12,30.13,18.86,AC,18,0.00571,0.00441,611,93.4,87.68,317.4,1530,Medium
EV000082,2026-01-04 21:40:00,358.92,-16.65,-5.98,49.11,38.41,30.99,467,203,28143.4,217.2,113.6,153.5,2.71,4.02,19.91,48.8,44.0,DC,36,0.00425,0.0038,1012,41.3,89.09,156.8,1541,Medium
EV000255,2026-01-04 21:45:00,326.72,-193.07,-63.08,73.93,57.41,41.55,1219,216,143589.4,157.4,79.2,134.8,1.68,2.94,13.13,68.77,67.45,DC,73,0.00955,0.00595,2428,63.9,77.63,216.2,1018,High
EV000013,2026-01-04 21:50:00,328.29,-201.46,-66.14,21.09,15.0,3.14,295,30,156748.8,65.4,42.6,96.7,2.15,7.8,16.84,34.1,24.56,AC,165,0.00334,0.00412,2791,56.6,92.19,108.7,1712,Low
EV000066,2026-01-04 21:55:00,349.58,139.11,48.63,16.18,33.2,17.06,1127,149,19726.2,169.6,51.1,82.9,3.36,5.11,19.05,48.78,45.72,AC,111,0.01036,0.00491,847,51.9,84.53,60.2,1297,Medium
EV000267,2026-01-04 22:00:00,381.13,97.44,37.14,76.17,15.0,0.97,1323,296,235592.3,36.2,114.3,126.1,3.86,4.38,14.84,20.19,18.22,AC,27,0.01087,0.00643,3098,58.7,76.32,345.5,895,High
EV000017,2026-01-04 22:05:00,370.76,-18.02,-6.68,12.16,25.13,13.65,912,122,35685.6,199.9,28.2,70.2,1.16,1.67,19.04,30.75,28.84,AC,128,0.00921,0.00436,606,27.5,87.94,41.2,1607,Medium
EV000213,2026-01-04 22:10:00,362.59,2.6,0.94,17.31,43.59,35.74,892,208,244791.1,180.3,41.8,86.3,4.12,1.31,13.01,57.74,57.94,DC,63,0.00666,0.00424,3463,40.0,81.99,80.2,1179,Medium
EV000289,2026-01-04 22:15:00,330.35,-128.78,-42.54,69.08,33.61,28.41,429,117,33547.5,212.4,91.6,140.5,1.92,3.05,19.05,46.05,39.81,DC,22,0.00764,0.00433,861,54.6,91.39,352.8,1786,Low
EV000297,2026-01-04 22:20:00,390.47,-92.6,-36.16,67.22,42.27,39.04,1638,772,50290.2,39.0,59.0,117.3,1.19,2.23,15.18,54.17,46.72,DC,111,0.01184,0.00629,1703,46.6,69.34,252.9,550,High
EV000227,2026-01-04 22:25:00,364.67,-111.52,-40.67,34.18,47.92,37.27,284,101,113284.8,58.9,80.1,96.2,1.14,5.63,20.91,67.4,62.14,AC,95,0.00465,0.00395,1646,85.9,92.8,120.3,1858,Low
EV000075,2026-01-04 22:30:00,342.51,14.74,5.05,96.18,34.65,18.09,437,0,13333.5,34.3,105.3,123.8,4.27,4.16,13.66,40.02,40.87,DC,179,0.00609,0.00336,308,40.8,92.98,370.1,1883,Low
EV000162,2026-01-04 22:35:00,392.64,83.36,32.73,39.94,53.17,40.86,147,19,29587.4,27.1,99.1,138.8,1.6,2.09,20.01,71.31,63.55,DC,123,0.00583,0.00242,1058,72.2,95.53,143.0,2030,Low
EV000014,2026-01-04 22:40:00,409.94,218.55,89.59,72.94,37.94,24.34,540,280,272862.9,155.1,112.8,140.8,3.18,7.42,17.15,57.38,47.28,AC,33,0.00519,0.00381,3595,54.8,83.69,250.0,1283,Medium
EV000278,2026-01-04 22:45:00,330.31,7.15,2.36,81.24,53.19,36.26,1196,469,68172.3,133.6,75.8,115.5,0.61,1.07,18.48,61.5,57.63,DC,141,0.00966,0.00548,1086,82.3,78.62,325.4,1050,High
EV000084,2026-01-04 22:50:00,395.03,-121.84,-48.13,89.51,42.98,36.39,1144,346,34488.2,111.4,119.2,145.8,1.8,7.43,21.94,56.23,57.44,AC,98,0.00725,0.00603,842,64.9,81.12,403.4,1087,Medium
EV000082,2026-01-04 22:55:00,322.81,173.29,55.94,77.65,44.9,37.56,1232,445,6182.6,3.1,34.8,74.8,3.03,5.66,15.45,51.8,54.63,AC,58,0.01036,0.00515,131,24.8,79.34,311.1,1070,High
EV000262,2026-01-04 23:00:00,368.31,-57.69,-21.25,23.8,39.68,31.74,909,9,54648.5,113.1,96.9,136.0,1.65,3.68,19.95,48.63,51.92,DC,115,0.00687,0.00403,751,73.0,87.31,84.5,1572,Medium
EV000164,2026-01-04 23:05:00,322.11,-32.83,-10.57,25.84,25.77,12.2,630,335,109956.6,56.0,17.2,33.1,2.24,1.23,17.14,44.7,34.15,AC,144,0.00593,0.00413,1830,84.3,86.89,78.6,1481,Medium
EV000192,2026-01-04 23:10:00,358.1,128.15,45.89,78.63,22.76,9.52,318,66,29503.9,113.3,22.3,43.3,3.64,0.27,20.15,37.74,34.09,DC,173,0.0067,0.00327,1369,31.9,92.54,405.0,1803,Low
EV000172,2026-01-04 23:15:00,395.4,201.84,79.81,84.78,18.81,12.9,1734,718,67959.8,188.5,104.4,139.8,3.31,1.86,19.46,27.47,26.36,DC,173,0.01222,0.00686,958,56.4,70.13,267.1,605,High
EV000058,2026-01-04 23:20:00,378.17,-57.57,-21.77,97.52,45.9,31.86,1561,433,29396.5,86.5,109.8,156.1,1.33,0.88,16.18,51.93,56.39,DC,162,0.00928,0.0063,559,81.6,74.23,353.2,822,High
EV000116,2026-01-04 23:25:00,405.95,-160.31,-65.08,98.99,25.19,14.75,1564,78,113901.4,129.0,110.8,132.2,4.32,6.13,14.05,33.3,35.77,DC,180,0.01059,0.00571,2934,89.0,77.22,276.0,932,High
EV000280,2026-01-04 23:30:00,388.82,44.78,17.41,24.97,19.18,10.21,877,473,67523.6,99.6,32.5,56.1,3.78,3.87,18.98,36.8,26.81,AC,43,0.0091,0.005,1521,63.4,82.28,101.4,1252,Medium
EV000116,2026-01-04 23:35:00,360.34,-81.8,-29.48,5.69,34.76,25.46,717,215,39224.7,28.9,73.4,105.5,0.26,6.55,21.23,47.76,40.5,AC,131,0.00537,0.00401,552,28.4,86.95,40.0,1522,Medium
EV000173,2026-01-04 23:40:00,378.65,105.31,39.88,89.02,17.99,4.71,943,146,87169.1,164.3,117.1,142.5,2.08,4.96,12.98,29.21,25.79,AC,102,0.00887,0.00443,3294,75.3,82.12,318.7,1205,Medium
EV000173,2026-01-04 23:45:00,402.86,-92.67,-37.33,12.75,18.69,1.16,938,504,61797.9,89.6,41.3,92.0,2.5,3.12,23.26,35.91,22.2,DC,20,0.0083,0.00461,955,32.0,83.33,59.3,1311,Medium
EV000122,2026-01-04 23:50:00,371.72,162.77,60.51,72.04,18.56,4.19,1059,282,80367.4,137.4,27.2,56.7,1.24,5.61,15.51,38.49,31.76,AC,170,0.00946,0.00588,2925,75.7,79.58,269.5,1097,High
EV000268,2026-01-04 23:55:00,357.11,-5.02,-1.79,13.19,15.47,10.86,976,14,26303.9,134.3,40.4,87.6,1.49,1.07,22.4,31.68,23.48,AC,96,0.00979,0.00514,1249,36.1,86.0,52.6,1417,Medium
EV000262,2026-01-05 00:00:00,399.47,-121.16,-48.4,66.89,15.16,-1.03,1286,98,70231.8,163.1,39.8,79.0,4.18,4.39,16.94,35.14,29.0,AC,173,0.00995,0.00595,2432,93.3,79.18,306.6,1076,High
EV000187,2026-01-05 00:05:00,391.13,94.64,37.01,78.26,41.31,36.46,1693,850,135890.3,86.9,87.3,112.5,2.01,3.36,13.64,54.38,44.75,DC,65,0.01165,0.00759,2419,86.5,65.55,246.6,268,High
EV000085,2026-01-05 00:10:00,389.23,196.67,76.55,70.53,15.0,-7.05,1265,578,53002.5,9.2,105.4,162.5,1.99,0.0,19.96,21.95,26.9,AC,18,0.00863,0.00534,1483,81.9,76.25,217.2,831,High
EV000270,2026-01-05 00:15:00,323.05,-185.86,-60.04,19.33,22.73,15.11,164,37,4177.8,144.1,70.7,93.6,3.28,1.09,18.81,39.92,28.23,DC,62,0.00393,0.00353,165,79.9,97.76,102.2,2001,Low
EV000021,2026-01-05 00:20:00,334.32,123.47,41.28,91.19,15.0,-0.76,1182,337,57676.7,141.8,52.0,95.0,3.08,5.52,21.32,23.41,19.09,DC,88,0.0104,0.00537,2714,84.8,77.22,356.6,894,High
EV000216,2026-01-05 00:25:00,383.65,-106.42,-40.83,32.2,15.0,-2.66,503,294,69156.0,240.4,39.1,49.8,1.42,3.52,23.89,33.35,18.91,DC,140,0.00635,0.00459,1602,21.5,87.84,119.5,1610,Medium
EV000056,2026-01-05 00:30:00,380.64,162.3,61.78,69.63,38.37,32.64,1621,512,100388.2,206.0,55.0,109.4,1.81,5.28,18.51,48.49,47.45,AC,154,0.01235,0.00635,1871,93.7,72.48,276.6,655,High
EV000170,2026-01-05 00:35:00,337.75,-125.54,-42.4,77.03,15.0,1.55,1086,154,67417.9,209.6,114.5,135.2,1.03,3.76,23.39,23.55,29.31,AC,95,0.0103,0.00518,1447,81.2,83.07,265.8,1335,Medium
EV000113,2026-01-05 00:40:00,330.4,-198.58,-65.61,77.17,54.19,38.85,1168,572,41742.5,150.9,106.6,135.4,2.9,4.13,21.79,71.83,59.19,AC,85,0.00912,0.00515,1045,87.9,77.92,277.2,928,High
EV000118,2026-01-05 00:45:00,334.53,-91.57,-30.63,93.65,15.0,-3.15,1716,215,122649.2,208.1,105.9,141.2,3.62,1.16,20.75,31.85,22.7,DC,53,0.00942,0.00664,1757,36.5,75.67,303.3,806,High
EV000279,2026-01-05 00:50:00,358.49,102.38,36.7,8.82,32.93,29.77,239,130,88550.7,237.0,104.1,148.4,1.02,2.42,12.16,40.16,36.81,DC,48,0.00539,0.00294,1331,49.8,94.36,45.8,1834,Low
EV000123,2026-01-05 00:55:00,377.18,13.43,5.07,5.0,40.07,33.28,613,362,50086.5,240.3,20.6,47.0,3.75,0.15,13.67,45.43,50.28,DC,81,0.00448,0.00505,1008,76.2,86.02,40.0,1416,Medium
EV000246,2026-01-05 01:00:00,333.12,-65.95,-21.97,93.27,15.0,-2.01,1174,436,142993.8,203.4,84.9,115.2,2.04,2.76,20.06,31.29,29.2,DC,22,0.0098,0.0063,2109,88.0,78.23,329.7,973,High
EV000270,2026-01-05 01:05:00,355.06,116.12,41.23,28.31,50.18,34.46,1738,832,43054.7,49.4,81.3,123.0,0.22,4.55,12.77,62.96,57.66,AC,119,0.01065,0.00665,691,59.1,67.22,80.2,424,High
EV000161,2026-01-05 01:10:00,323.2,31.31,10.12,19.03,31.38,27.26,1440,849,31308.6,221.1,114.3,143.0,1.04,6.56,12.88,43.36,36.85,AC,30,0.0083,0.00735,1330,44.4,72.5,52.5,678,High
EV000010,2026-01-05 01:15:00,381.53,-172.24,-65.72,78.44,15.0,1.47,52,1,105458.0,165.7,41.9,55.0,4.25,2.78,12.02,33.41,22.59,DC,113,0.00283,0.00212,1957,82.7,95.74,382.5,1894,Low
EV000241,2026-01-05 01:20:00,346.95,202.55,70.27,15.44,15.0,-0.85,135,75,3946.1,23.9,82.5,124.1,0.97,4.96,23.63,22.4,26.13,AC,105,0.00474,0.00367,71,38.1,96.68,53.2,1996,Low
EV000214,2026-01-05 01:25:00,372.89,136.1,50.75,32.74,40.84,29.18,372,19,68255.6,149.5,113.9,160.4,3.33,1.74,19.39,57.6,45.85,AC,62,0.00451,0.00299,1974,91.0,91.94,136.3,1761,Low
EV000083,2026-01-05 01:30:00,335.63,-28.94,-9.71,43.96,15.0,4.3,1373,278,89156.8,73.3,21.5,31.8,3.49,5.27,18.11,26.83,18.87,AC,30,0.01129,0.00593,1627,63.1,78.53,205.9,965,High
EV000249,2026-01-05 01:35:00,332.88,206.01,68.58,65.6,40.44,32.2,459,24,154152.5,180.3,37.2,68.0,1.29,0.09,18.19,54.88,53.98,DC,102,0.00757,0.00416,2084,51.8,89.94,269.1,1658,Medium
EV000153,2026-01-05 01:40:00,328.1,44.06,14.46,16.77,30.03,23.91,1194,704,54163.7,93.2,111.0,161.0,3.86,4.65,12.43,42.31,34.27,DC,24,0.00968,0.00573,1319,53.1,76.19,58.9,966,High
EV000165,2026-01-05 01:45:00,373.99,94.15,35.21,78.84,15.0,-0.29,1608,64,174372.4,38.6,40.1,86.4,2.13,2.14,18.76,20.13,23.33,AC,18,0.01035,0.00574,2733,92.8,75.92,293.1,853,High
EV000281,2026-01-05 01:50:00,385.59,20.23,7.8,61.77,15.0,-9.97,1430,505,148924.0,129.5,82.3,133.0,2.14,4.34,15.86,31.57,28.18,DC,137,0.00992,0.00601,3452,92.1,72.54,171.9,672,High
EV000223,2026-01-05 01:55:00,363.13,10.97,3.98,46.66,25.25,21.34,682,278,83109.7,89.3,102.2,153.6,3.34,1.2,13.68,33.71,34.62,DC,111,0.00863,0.00441,3594,88.0,84.34,168.7,1338,Medium
EV000006,2026-01-05 02:00:00,398.31,201.85,80.4,46.31,15.0,-3.48,898,147,155744.1,144.5,81.8,110.5,3.48,4.69,20.59,30.3,26.41,DC,73,0.0095,0.00409,1989,37.8,84.75,234.1,1292,Medium
EV000161,2026-01-05 02:05:00,329.03,156.82,51.6,55.04,20.62,5.21,254,146,111503.3,95.1,55.4,110.3,3.87,5.42,20.93,33.99,23.9,DC,52,0.00389,0.00367,2358,92.4,91.32,287.2,1721,Low
EV000040,2026-01-05 02:10:00,322.16,-186.02,-59.93,20.12,31.49,20.86,1067,524,20304.8,80.4,24.7,77.5,1.64,6.22,24.66,51.38,39.43,DC,140,0.00834,0.00624,634,93.9,82.0,73.8,1152,Medium
EV000046,2026-01-05 02:15:00,397.93,-6.93,-2.76,70.25,36.76,29.78,1045,473,122336.5,170.2,110.3,125.1,2.25,4.46,21.93,51.78,43.27,DC,139,0.00847,0.00486,1714,74.5,78.73,251.7,996,High
EV000200,2026-01-05 02:20:00,383.89,-132.42,-50.84,24.84,23.26,14.32,1110,618,16313.7,194.7,15.9,62.9,2.02,6.06,14.97,32.99,36.46,DC,159,0.00797,0.0057,232,83.6,80.28,88.8,1139,Medium
EV000132,2026-01-05 02:25:00,339.65,-91.49,-31.08,80.9,15.0,11.33,0,0,3133.4,38.9,62.9,84.0,2.05,2.03,13.24,24.98,22.68,DC,99,0.0021,0.00332,99,76.5,100.0,406.2,2196,Low
EV000126,2026-01-05 02:30:00,333.22,47.68,15.89,64.37,15.0,0.61,451,122,95040.8,150.1,70.3,120.5,1.05,0.33,22.14,28.36,25.76,DC,93,0.00539,0.00347,2433,38.3,90.7,348.1,1703,Low
EV000165,2026-01-05 02:35:00,361.7,-12.21,-4.41,89.91,38.52,29.47,677,130,187808.2,145.2,114.2,143.4,1.49,3.6,14.99,47.62,48.93,AC,67,0.00853,0.00368,2432,66.8,87.39,322.8,1438,Medium
EV000049,2026-01-05 02:40:00,363.96,152.98,55.68,65.9,18.01,14.0,1335,170,32288.7,29.6,34.4,81.1,3.63,5.91,16.86,28.45,29.21,AC,177,0.0108,0.00591,559,67.2,81.94,231.4,1170,Medium
EV000125,2026-01-05 02:45:00,369.33,119.82,44.25,55.21,22.28,18.52,827,473,56614.3,59.3,61.4,112.8,1.89,6.68,19.34,33.88,34.59,DC,134,0.00911,0.00494,1818,42.9,82.63,222.5,1213,Medium
EV000258,2026-01-05 02:50:00,408.59,23.41,9.56,31.39,15.0,-8.28,1694,540,123444.8,160.2,82.6,130.5,1.63,0.24,13.12,24.33,19.02,DC,89,0.01119,0.00643,1605,28.1,72.53,102.4,705,High
EV000016,2026-01-05 02:55:00,345.03,189.17,65.27,46.02,35.69,20.31,21,0,80174.4,205.0,86.2,128.9,1.04,4.75,23.75,53.73,40.21,AC,40,0.00521,0.00333,1166,40.5,97.17,173.3,2053,Low
EV000057,2026-01-05 03:00:00,349.93,173.05,60.56,10.73,52.01,41.68,1370,133,159285.0,159.2,110.6,128.0,3.27,1.37,20.71,69.44,61.61,DC,100,0.00928,0.00569,2658,42.5,77.55,48.9,990,High
EV000033,2026-01-05 03:05:00,392.84,-100.27,-39.39,24.32,15.0,-0.48,1795,865,9468.1,137.6,53.1,68.2,1.01,1.25,23.08,25.43,18.09,AC,17,0.01304,0.00749,154,29.7,68.64,65.6,508,High
EV000174,2026-01-05 03:10:00,383.37,-164.76,-63.16,97.95,44.12,26.42,748,139,88170.2,48.2,26.8,60.7,2.56,3.96,20.4,60.1,50.7,AC,61,0.00541,0.00502,3113,56.8,84.06,452.0,1270,Medium
EV000154,2026-01-05 03:15:00,395.23,124.36,49.15,74.85,36.74,31.19,972,297,32958.8,34.4,20.5,69.5,0.66,7.56,18.51,44.23,43.23,AC,161,0.00975,0.0054,493,29.2,83.32,226.3,1290,Medium
EV000015,2026-01-05 03:20:00,397.58,114.2,45.4,87.65,21.29,6.67,1712,437,41348.7,4.2,31.4,43.1,1.21,5.05,21.09,38.19,25.3,AC,26,0.01149,0.00601,1719,49.9,72.41,378.8,620,High
EV000168,2026-01-05 03:25:00,383.98,205.18,78.78,30.99,27.84,19.36,47,17,112735.3,118.1,79.3,109.8,3.75,3.48,19.87,47.36,37.35,DC,104,0.00363,0.00236,2921,24.5,95.43,121.1,1996,Low
EV000224,2026-01-05 03:30:00,386.39,-101.75,-39.32,34.06,15.0,3.18,255,86,265968.0,94.1,56.9,115.6,0.2,4.36,24.21,21.18,23.27,AC,154,0.00641,0.00264,3485,50.7,90.91,125.4,1724,Low
EV000078,2026-01-05 03:35:00,354.4,-153.34,-54.34,80.44,45.62,28.67,934,37,87489.8,16.3,66.5,117.5,1.43,4.45,23.59,56.36,50.5,AC,157,0.00729,0.00515,2501,35.2,83.43,360.0,1313,Medium
EV000080,2026-01-05 03:40:00,401.57,-10.38,-4.17,21.17,32.94,29.38,1193,650,17694.5,118.9,111.9,150.7,1.13,6.84,24.16,48.13,47.42,AC,94,0.01026,0.00609,283,87.5,78.43,84.2,1003,High
EV000006,2026-01-05 03:45:00,390.46,19.88,7.76,47.95,50.11,40.85,872,522,54117.8,248.0,36.4,54.0,2.2,6.62,12.88,69.32,53.34,AC,86,0.00904,0.00449,1063,61.8,81.79,206.4,1250,Medium
EV000128,2026-01-05 03:50:00,409.3,197.59,80.87,26.97,31.49,24.71,1287,85,9541.2,8.0,81.2,120.3,0.81,3.89,15.69,50.5,39.61,DC,165,0.00784,0.00521,454,28.7,84.03,109.2,1350,Medium
EV000050,2026-01-05 03:55:00,333.28,-186.4,-62.12,78.29,47.46,34.27,414,179,82307.6,22.1,37.1,86.6,3.97,5.05,15.32,65.02,51.4,AC,135,0.00407,0.004,1759,31.4,88.25,308.2,1494,Medium
EV000030,2026-01-05 04:00:00,332.23,14.19,4.71,10.1,15.0,-9.29,410,135,62956.6,172.6,87.5,114.0,1.82,1.16,13.89,31.02,25.42,DC,47,0.00669,0.00363,3017,71.4,89.97,53.4,1695,Medium
EV000055,2026-01-05 04:05:00,321.09,72.43,23.26,44.43,15.0,2.19,559,241,96774.2,236.5,17.0,34.5,0.55,7.32,17.49,20.44,22.98,DC,96,0.0044,0.00451,1568,46.2,88.28,234.6,1508,Medium
EV000064,2026-01-05 04:10:00,343.5,-195.37,-67.11,28.97,31.57,27.23,1573,541,54409.2,2.2,68.4,88.6,3.43,1.55,20.09,46.81,46.02,DC,157,0.01018,0.00637,857,62.2,73.31,91.9,657,High
EV000139,2026-01-05 04:15:00,390.63,195.85,76.51,72.07,15.0,-2.57,1039,351,19201.2,214.5,36.8,78.5,4.28,0.85,22.56,32.54,24.02,AC,131,0.00864,0.00523,255,42.3,84.23,294.2,1373,Medium
EV000078,2026-01-05 04:20:00,356.41,211.79,75.48,70.09,37.31,29.81,137,83,62773.9,239.3,115.4,143.7,3.12,7.4,17.76,43.41,47.77,DC,109,0.00506,0.00346,1392,72.2,95.32,276.9,1957,Low
EV000143,2026-01-05 04:25:00,328.47,-87.6,-28.77,82.08,15.0,3.14,1282,702,16206.7,210.2,65.3,123.0,2.13,0.16,12.14,25.12,24.45,DC,24,0.00966,0.00617,519,80.1,77.54,263.3,995,High
EV000031,2026-01-05 04:30:00,368.57,126.65,46.68,58.08,15.0,1.72,80,11,63532.7,91.7,60.2,74.4,0.81,5.74,21.26,31.35,26.2,AC,49,0.00611,0.00271,1523,23.8,96.46,230.1,1965,Low
EV000018,2026-01-05 04:35:00,400.96,-39.16,-15.7,24.68,17.03,7.19,653,161,45544.1,76.7,76.1,110.2,2.45,1.07,16.18,26.01,20.12,DC,162,0.00774,0.00377,896,40.1,89.22,126.0,1650,Medium
EV000128,2026-01-05 04:40:00,324.19,174.15,56.46,45.09,48.12,41.29,1131,384,89526.1,186.4,103.0,152.9,0.6,3.89,19.55,55.59,59.41,DC,174,0.0084,0.00544,2727,32.4,76.14,138.2,905,High
EV000166,2026-01-05 04:45:00,407.81,51.71,21.09,88.08,35.6,25.73,330,2,93981.4,80.4,46.5,82.3,2.72,1.74,13.39,44.32,45.99,AC,119,0.00656,0.00301,1349,63.3,94.02,458.1,1896,Low
EV000175,2026-01-05 04:50:00,324.61,-208.49,-67.68,65.89,15.0,-7.81,1401,338,193421.9,41.8,65.0,117.0,2.31,1.66,24.62,33.73,28.93,DC,34,0.01077,0.00639,2488,29.5,77.2,226.8,910,High
EV000268,2026-01-05 04:55:00,385.18,-53.5,-20.61,93.57,15.0,-4.62,1436,550,117947.5,176.4,50.1,101.0,3.5,0.7,21.75,33.6,24.64,DC,36,0.00944,0.00623,2191,82.5,72.91,384.4,728,High
EV000122,2026-01-05 05:00:00,329.42,158.39,52.18,15.59,45.96,34.86,422,165,144664.3,206.4,114.0,162.2,1.51,4.73,22.21,59.88,51.63,DC,124,0.00558,0.00309,2069,27.8,89.15,77.7,1593,Medium
EV000175,2026-01-05 05:05:00,322.1,-216.09,-69.6,33.33,25.7,12.11,1355,449,122412.9,76.3,47.5,94.4,2.57,1.99,17.2,41.39,31.34,DC,32,0.00865,0.00578,3264,66.5,75.37,146.2,912,High
EV000218,2026-01-05 05:10:00,387.16,-55.81,-21.61,67.05,39.7,32.78,287,121,8984.7,241.5,102.4,151.5,3.46,0.95,19.83,46.58,51.38,AC,123,0.0052,0.00422,182,77.6,93.73,337.8,1836,Low
EV000268,2026-01-05 05:15:00,390.25,152.25,59.42,85.51,23.36,9.05,578,323,195902.3,68.5,24.8,50.4,0.68,6.21,17.83,41.51,28.29,DC,102,0.00675,0.00366,2998,20.5,85.4,283.3,1421,Medium
EV000002,2026-01-05 05:20:00,345.15,86.16,29.74,55.66,17.13,13.07,1382,374,122439.5,234.4,100.9,118.1,3.34,3.43,16.98,30.95,26.79,DC,61,0.0079,0.00535,1573,28.7,77.63,208.5,1035,High
EV000116,2026-01-05 05:25:00,346.65,-111.8,-38.76,93.8,15.0,-7.83,1438,50,14715.2,180.5,102.1,132.8,2.25,0.74,22.36,33.97,29.27,AC,121,0.01129,0.00566,260,59.4,81.81,310.4,1213,Medium
EV000257,2026-01-05 05:30:00,349.04,-182.59,-63.73,43.06,55.24,39.4,476,12,51409.5,14.0,80.6,117.8,0.86,3.11,24.66,64.31,60.34,DC,175,0.0052,0.00394,993,21.0,90.52,137.6,1656,Low
EV000156,2026-01-05 05:35:00,361.11,5.3,1.91,39.38,15.0,-8.42,914,453,195081.4,21.6,37.4,84.6,4.05,4.77,18.21,28.47,26.14,AC,78,0.00582,0.00567,3473,64.2,79.18,125.1,1131,High
EV000181,2026-01-05 05:40:00,351.8,6.58,2.32,54.28,45.48,39.34,912,397,68722.5,3.7,110.7,168.9,1.27,2.51,24.51,60.69,54.7,AC,55,0.00939,0.00528,2331,59.6,80.05,216.0,1129,Medium
EV000091,2026-01-05 05:45:00,393.65,-167.91,-66.1,79.51,48.67,34.3,362,147,53178.9,188.8,23.3,55.5,3.89,7.55,20.79,53.72,53.99,AC,90,0.00384,0.00369,1274,62.6,91.41,364.2,1754,Low
EV000222,2026-01-05 05:50:00,328.58,-151.58,-49.81,5.28,16.32,1.38,540,68,101576.6,120.5,39.0,59.2,2.17,1.17,23.23,32.12,19.52,DC,170,0.00542,0.00429,2085,32.4,89.24,40.0,1618,Medium
EV000217,2026-01-05 05:55:00,409.4,216.14,88.49,63.4,31.43,20.56,1523,527,43002.7,84.3,103.6,126.8,2.09,0.25,17.05,37.98,37.43,AC,81,0.00913,0.00623,1768,92.9,74.57,229.7,742,High
EV000102,2026-01-05 06:00:00,341.49,125.77,42.95,44.0,19.82,12.78,239,65,148478.8,15.0,97.0,108.9,2.1,2.28,17.98,38.7,29.95,AC,111,0.00404,0.00391,3100,47.3,92.24,156.9,1812,Low
EV000230,2026-01-05 06:05:00,360.44,143.95,51.88,67.57,15.0,-2.28,636,277,202377.6,54.5,53.1,86.3,3.41,5.02,17.34,28.26,28.08,DC,36,0.00566,0.00388,3006,84.0,85.28,297.0,1397,Medium
EV000167,2026-01-05 06:10:00,337.39,-99.8,-33.67,9.45,15.0,-5.01,1096,627,65209.3,97.8,28.4,66.4,3.72,3.49,21.41,24.11,24.23,AC,51,0.00903,0.00623,1072,72.8,78.59,40.0,985,High
EV000073,2026-01-05 06:15:00,349.31,48.55,16.96,8.29,25.7,17.78,674,395,124281.5,55.9,30.9,82.8,2.87,7.38,24.25,41.94,30.64,AC,121,0.00812,0.0047,3120,92.1,83.07,40.0,1259,Medium
EV000073,2026-01-05 06:20:00,381.95,134.61,51.41,47.0,15.0,2.99,81,21,28281.9,26.4,114.2,128.2,3.12,7.82,13.08,25.1,27.35,DC,113,0.00488,0.00285,815,68.6,96.88,234.9,1959,Low
EV000189,2026-01-05 06:25:00,343.4,-63.85,-21.93,62.12,15.0,-3.94,1617,448,243844.5,172.0,93.6,115.3,4.27,5.39,17.7,24.86,19.05,DC,87,0.01014,0.00628,3374,75.5,71.31,209.8,631,High
EV000241,2026-01-05 06:30:00,339.21,-50.95,-17.28,94.78,46.7,29.87,345,25,58461.5,154.2,49.1,84.7,4.19,6.32,17.57,55.7,55.94,DC,22,0.00346,0.00328,1160,31.0,92.43,373.7,1782,Low
EV000272,2026-01-05 06:35:00,389.67,-68.88,-26.84,69.96,40.66,32.99,113,53,127694.4,207.8,43.5,69.1,3.26,6.1,12.57,50.43,53.72,AC,85,0.00445,0.00275,2898,22.1,91.78,333.4,1691,Low
EV000047,2026-01-05 06:40:00,408.23,-165.92,-67.73,43.22,24.83,11.26,721,156,248312.9,59.0,61.9,106.1,2.09,3.25,15.2,42.75,38.08,AC,154,0.00682,0.00504,3190,72.0,85.69,147.2,1477,Medium
EV000292,2026-01-05 06:45:00,322.52,64.17,20.7,37.39,31.64,25.44,1229,620,43174.7,226.1,42.7,93.8,2.0,6.69,20.26,41.41,45.11,AC,155,0.00948,0.00672,1047,82.0,78.53,145.9,1091,High
EV000114,2026-01-05 06:50:00,386.4,-213.47,-82.48,14.88,15.0,8.4,3,0,20058.9,209.1,91.4,123.4,2.88,0.02,23.2,28.92,21.18,AC,171,0.00383,0.00214,353,55.7,99.93,61.7,2214,Low
EV000206,2026-01-05 06:55:00,403.6,-13.04,-5.26,20.58,41.41,31.37,692,157,134816.3,185.3,28.6,74.0,0.47,2.37,14.77,61.2,46.93,DC,134,0.00578,0.00503,1897,73.7,86.29,98.7,1490,Medium
EV000196,2026-01-05 07:00:00,353.25,29.6,10.45,21.13,15.0,-1.36,537,260,89688.0,136.3,46.7,60.7,2.57,7.3,14.44,21.58,23.24,DC,125,0.00452,0.00401,3434,83.7,86.55,80.5,1417,Medium
EV000127,2026-01-05 07:05:00,325.36,33.76,10.99,52.57,15.0,-3.79,1383,340,128382.0,47.7,33.3,62.3,0.29,4.32,20.11,32.45,19.56,DC,168,0.00974,0.00564,2157,31.2,77.04,141.9,998,High
EV000015,2026-01-05 07:10:00,409.37,-182.59,-74.75,71.22,25.38,22.37,924,537,5843.3,41.4,16.0,64.8,4.06,1.55,22.0,39.35,38.03,DC,24,0.00753,0.00497,139,37.9,83.31,330.7,1286,Medium
EV000063,2026-01-05 07:15:00,381.47,156.44,59.68,11.33,28.71,25.59,866,264,113028.5,58.0,28.3,57.2,1.03,6.17,23.01,37.66,38.74,DC,133,0.00767,0.00434,1570,37.9,85.78,40.0,1455,Medium
EV000100,2026-01-05 07:20:00,389.01,144.13,56.07,86.81,39.38,34.86,323,97,18849.0,105.0,17.3,55.7,3.81,1.33,17.25,53.51,54.09,DC,28,0.00667,0.00374,411,52.3,93.1,444.7,1760,Low
EV000213,2026-01-05 07:25:00,364.48,109.64,39.96,40.29,15.0,3.27,1280,608,75712.3,32.5,97.2,155.9,2.33,1.43,13.43,21.11,19.91,DC,97,0.00986,0.00617,1204,53.6,77.5,158.5,1034,High
EV000076,2026-01-05 07:30:00,408.21,-2.57,-1.05,13.31,15.0,-6.22,1003,110,152132.3,224.8,31.3,51.5,3.37,4.29,13.76,23.52,18.39,AC,146,0.00775,0.00521,2268,20.9,83.06,61.1,1321,Medium
EV000118,2026-01-05 07:35:00,375.9,-211.53,-79.51,24.28,27.14,15.23,1169,292,120792.1,66.3,103.4,158.0,2.87,1.42,22.04,35.37,34.99,AC,31,0.00999,0.00581,1657,43.6,81.65,87.6,1210,Medium
EV000218,2026-01-05 07:40:00,348.21,-167.98,-58.49,62.51,28.36,15.7,484,80,76605.6,211.8,76.7,109.3,3.2,5.94,14.48,39.99,35.25,AC,143,0.00775,0.00337,1077,82.3,91.76,231.8,1680,Low
EV000126,2026-01-05 07:45:00,359.18,-86.2,-30.96,12.97,15.0,-3.92,1682,723,97405.3,28.3,32.2,64.9,3.91,2.24,21.33,27.93,20.59,AC,109,0.01209,0.00667,1794,30.2,69.45,40.0,443,High
EV000056,2026-01-05 07:50:00,397.15,55.24,21.94,36.48,37.8,31.32,1066,244,165759.5,176.7,37.2,77.9,1.3,0.94,15.19,44.02,44.73,AC,154,0.00681,0.00593,2207,55.0,81.02,132.7,1213,Medium
EV000277,2026-01-05 07:55:00,329.89,115.76,38.19,25.84,20.19,10.2,1549,489,86624.0,219.1,83.2,108.0,2.54,4.78,15.46,36.32,30.97,AC,75,0.01175,0.00573,3084,53.0,72.84,74.9,737,High
EV000220,2026-01-05 08:00:00,365.4,116.07,42.41,90.01,52.23,37.41,1591,69,178964.0,73.9,85.2,139.1,3.85,5.85,12.68,60.22,57.39,DC,46,0.00927,0.00579,2700,50.8,75.35,388.6,768,High
EV000237,2026-01-05 08:05:00,358.91,108.62,38.98,12.9,48.28,37.83,1687,231,102221.5,48.8,31.5,82.1,0.65,1.66,17.56,55.96,58.06,DC,173,0.01224,0.00601,2540,87.2,71.79,55.4,687,High
EV000274,2026-01-05 08:10:00,331.1,20.19,6.68,55.42,15.0,1.62,783,154,124528.3,81.2,22.2,42.0,1.97,2.41,17.04,23.2,19.31,DC,26,0.00711,0.00384,2020,77.3,86.23,264.4,1470,Medium
EV000282,2026-01-05 08:15:00,380.46,-87.8,-33.4,43.94,49.06,37.37,536,106,60984.3,227.6,24.6,65.7,4.34,0.94,23.02,58.79,55.24,DC,103,0.00466,0.00465,1711,76.8,87.94,170.1,1472,Medium
EV000240,2026-01-05 08:20:00,332.66,-13.35,-4.44,54.35,20.14,9.5,892,241,8259.0,230.1,114.6,124.9,0.26,3.77,24.73,27.66,30.29,DC,119,0.00561,0.00473,265,57.8,85.34,225.4,1394,Medium
EV000287,2026-01-05 08:25:00,369.07,-142.32,-52.52,83.4,15.0,2.5,539,317,73589.2,169.5,108.1,162.3,1.17,0.28,20.81,32.07,24.6,DC,49,0.00462,0.00352,3606,36.5,85.64,282.0,1485,Medium
EV000138,2026-01-05 08:30:00,389.07,42.53,16.55,37.15,29.86,20.85,795,413,16343.6,180.1,64.7,88.1,3.6,3.41,21.14,39.01,35.26,AC,154,0.00863,0.00493,286,59.9,86.01,130.0,1430,Medium
EV000197,2026-01-05 08:35:00,327.63,63.76,20.89,86.73,40.1,31.61,546,25,171415.7,53.8,36.5,89.1,3.63,3.56,15.43,51.87,43.39,DC,91,0.00717,0.00368,3027,37.0,88.35,282.6,1614,Medium
EV000193,2026-01-05 08:40:00,397.53,-50.41,-20.04,19.37,21.84,15.83,499,237,34910.9,200.1,33.9,52.7,3.1,7.54,17.51,35.38,31.41,DC,22,0.00696,0.00401,1223,74.3,90.7,69.4,1644,Low
EV000215,2026-01-05 08:45:00,391.11,162.89,63.71,74.62,48.36,34.95,1638,444,84516.6,32.0,41.5,63.8,0.93,4.29,24.59,63.82,58.63,DC,153,0.01075,0.0059,1653,92.4,71.13,214.2,551,High
EV000197,2026-01-05 08:50:00,363.69,-100.37,-36.5,37.18,35.86,25.5,293,79,42039.6,52.8,52.0,103.1,1.77,7.4,22.54,41.03,40.11,AC,52,0.00561,0.00337,1591,32.0,93.64,208.2,1807,Low
EV000019,2026-01-05 08:55:00,339.24,-211.99,-71.91,87.69,18.81,7.98,92,56,54427.8,91.0,22.8,69.6,0.96,0.39,22.1,37.92,27.4,DC,162,0.0049,0.00328,2055,63.7,94.21,384.6,1866,Low
EV000050,2026-01-05 09:00:00,373.09,190.15,70.94,90.88,24.83,8.34,891,267,208790.0,212.3,99.7,144.2,2.27,0.9,14.09,32.99,39.7,AC,105,0.00651,0.00424,3486,20.6,82.54,349.6,1298,Medium
EV000022,2026-01-05 09:05:00,372.23,-128.36,-47.78,90.28,40.19,23.13,1734,458,8465.1,187.5,94.9,137.2,3.27,7.36,16.75,48.89,52.56,AC,15,0.00937,0.00694,376,80.4,72.25,292.3,743,High
EV000081,2026-01-05 09:10:00,373.06,159.83,59.63,68.86,15.0,0.3,1488,382,96927.5,148.6,98.1,114.3,2.63,3.21,22.14,22.7,25.22,AC,122,0.00907,0.00572,2417,60.7,75.26,241.4,760,High
EV000081,2026-01-05 09:15:00,320.59,-71.97,-23.07,55.04,54.2,39.07,425,11,73242.1,45.4,53.7,104.8,3.38,7.01,12.25,67.39,67.38,AC,103,0.00383,0.00302,2261,48.7,88.55,259.3,1585,Medium
EV000073,2026-01-05 09:20:00,333.0,-30.14,-10.04,38.94,33.57,23.09,48,23,24518.8,144.6,105.5,128.9,2.2,7.55,18.17,53.35,42.67,DC,73,0.00291,0.00231,772,62.3,98.8,135.9,2103,Low
EV000160,2026-01-05 09:25:00,377.88,146.5,55.36,93.92,16.89,-0.27,254,8,233612.3,28.7,117.2,146.6,1.13,0.31,13.59,29.77,29.44,AC,79,0.00588,0.00281,3214,90.3,91.46,320.8,1688,Low
EV000037,2026-01-05 09:30:00,387.16,26.94,10.43,14.52,15.84,0.72,448,229,197297.7,65.3,53.2,94.2,3.85,3.39,20.59,20.94,24.55,DC,30,0.00773,0.00434,2669,77.6,87.25,55.9,1443,Medium
EV000179,2026-01-05 09:35:00,368.27,22.31,8.22,9.99,24.79,16.98,317,183,16019.6,159.4,61.5,102.0,3.3,4.59,19.27,32.88,37.12,DC,126,0.00428,0.00344,406,53.9,92.82,49.3,1768,Low
EV000046,2026-01-05 09:40:00,374.42,4.24,1.59,36.13,37.1,31.15,1750,71,190936.7,214.4,70.3,90.0,0.41,6.82,14.01,46.92,49.69,DC,101,0.0128,0.00702,3055,86.3,72.25,99.6,718,High
EV000214,2026-01-05 09:45:00,378.21,-172.01,-65.06,68.86,15.0,2.89,1005,357,100636.6,170.0,22.0,47.8,2.73,0.24,22.09,23.27,18.69,DC,98,0.0081,0.0059,2349,62.3,81.1,294.6,1191,Medium
EV000289,2026-01-05 09:50:00,393.11,120.51,47.38,27.47,43.4,30.5,427,7,195665.0,89.7,101.1,135.9,2.42,5.2,19.51,57.68,48.07,DC,144,0.00385,0.0041,3160,31.7,88.78,93.2,1551,Medium
EV000158,2026-01-05 09:55:00,384.21,-122.98,-47.25,20.03,24.84,7.14,368,176,38332.7,192.2,109.2,145.6,0.67,1.96,16.21,39.94,33.72,AC,70,0.0049,0.0031,845,33.2,93.2,111.3,1884,Low
EV000094,2026-01-05 10:00:00,408.9,-81.5,-33.32,15.19,29.28,11.52,992,588,128513.0,30.6,33.0,87.9,0.69,1.71,17.2,48.05,39.95,AC,178,0.00988,0.00611,2378,24.4,77.78,41.4,916,High
EV000203,2026-01-05 10:05:00,347.02,53.82,18.68,98.16,15.0,5.44,237,58,22596.4,129.5,74.4,131.8,1.14,7.59,13.43,25.99,22.93,AC,120,0.00634,0.00386,595,32.1,96.85,563.3,1953,Low
EV000074,2026-01-05 10:10:00,324.27,212.37,68.86,98.91,15.0,-0.51,665,256,133732.1,188.2,93.0,146.3,3.83,6.38,22.35,26.32,20.06,AC,129,0.00825,0.0042,2977,21.9,86.14,442.5,1433,Medium
EV000193,2026-01-05 10:15:00,393.86,-193.03,-76.03,9.73,18.63,8.98,953,539,191571.6,153.9,51.2,102.2,2.62,3.88,15.78,32.77,31.19,AC,17,0.00855,0.00563,2651,34.2,78.89,40.0,1082,High
EV000047,2026-01-05 10:20:00,405.32,41.61,16.87,44.57,29.6,26.24,1406,604,71123.6,120.8,101.7,125.1,3.33,3.12,19.34,35.86,43.48,AC,138,0.00955,0.00606,2304,57.5,73.58,157.9,824,High
EV000075,2026-01-05 10:25:00,341.01,37.24,12.7,21.11,15.0,-6.0,629,353,207637.9,93.7,26.1,43.1,2.61,2.57,19.76,20.84,19.68,DC,54,0.00831,0.00388,2799,66.8,83.75,86.2,1262,Medium
EV000298,2026-01-05 10:30:00,351.97,-147.74,-52.0,68.61,55.88,40.61,1038,117,108605.1,50.1,111.8,152.4,0.26,6.77,13.69,62.86,70.77,DC,110,0.00749,0.00502,2250,63.7,81.1,302.7,1143,Medium
EV000057,2026-01-05 10:35:00,396.87,174.91,69.42,68.54,18.04,6.98,718,20,93818.5,188.3,28.5,48.1,2.05,4.56,20.62,27.42,30.37,AC,153,0.0059,0.00396,2268,41.5,88.62,217.6,1547,Medium
EV000095,2026-01-05 10:40:00,389.69,0.11,0.04,14.47,15.0,-3.61,972,173,87523.6,248.5,17.4,29.5,1.91,0.56,23.81,32.38,23.92,DC,63,0.00888,0.00523,3346,54.8,82.06,57.4,1162,Medium
EV000223,2026-01-05 10:45:00,343.17,-132.04,-45.31,15.79,31.64,18.02,906,208,130930.6,13.3,99.9,142.6,3.46,2.63,16.9,44.56,45.92,AC,65,0.00858,0.00526,1844,43.2,84.87,78.6,1386,Medium
EV000032,2026-01-05 10:50:00,361.78,-5.82,-2.11,5.79,33.46,15.98,1324,469,39421.3,20.1,62.6,111.6,0.53,4.99,18.88,49.96,41.99,DC,19,0.01095,0.0056,1389,36.8,76.07,40.0,824,High
EV000255,2026-01-05 10:55:00,341.92,-105.37,-36.03,69.83,46.09,39.57,475,124,114338.0,30.4,37.4,59.0,1.99,2.34,18.22,54.51,60.28,AC,68,0.00726,0.00445,1463,21.1,88.78,239.5,1600,Medium
EV000121,2026-01-05 11:00:00,357.8,-186.86,-66.86,42.23,15.0,-5.52,333,90,122231.8,156.0,75.6,110.1,2.63,3.15,12.73,22.13,20.36,DC,88,0.0035,0.00311,1823,69.3,92.25,160.7,1741,Low
EV000019,2026-01-05 11:05:00,374.51,145.89,54.64,23.28,15.0,-6.25,219,89,38223.5,210.6,19.0,29.2,1.01,6.89,23.93,29.27,28.45,DC,50,0.00632,0.00256,1668,92.9,95.03,107.5,1924,Low
EV000098,2026-01-05 11:10:00,358.32,92.67,33.2,90.27,36.24,25.45,1525,348,194119.7,93.8,102.8,126.1,2.71,7.43,15.02,53.75,39.26,AC,120,0.01013,0.00692,2999,50.9,73.3,264.1,786,High
EV000090,2026-01-05 11:15:00,326.99,-125.64,-41.08,72.15,15.0,-5.9,491,49,81222.6,169.6,49.5,108.6,1.68,2.43,13.95,28.93,19.42,DC,157,0.00727,0.00393,3306,66.9,88.4,233.9,1591,Medium
EV000150,2026-01-05 11:20:00,400.09,-126.92,-50.78,53.73,58.48,40.72,1446,738,60153.3,133.6,59.5,83.3,3.07,4.17,12.7,71.96,63.08,DC,109,0.00903,0.00712,1205,39.0,71.95,204.5,642,High
EV000072,2026-01-05 11:25:00,376.55,-148.55,-55.94,18.37,50.16,35.11,730,174,17109.3,61.9,20.2,77.7,1.61,5.99,14.54,57.7,57.36,AC,151,0.00855,0.00495,257,92.6,86.99,77.8,1436,Medium
EV000282,2026-01-05 11:30:00,407.91,-49.94,-20.37,98.24,20.94,5.38,1540,654,53810.9,199.5,95.9,135.7,3.71,0.2,13.03,30.85,34.47,DC,37,0.01049,0.00593,2633,74.9,70.9,312.5,594,High
EV000045,2026-01-05 11:35:00,394.04,31.41,12.38,75.86,20.81,9.01,1220,209,93146.5,195.2,92.6,130.6,1.64,3.11,15.36,32.95,26.1,AC,27,0.01011,0.00592,1462,20.6,81.14,362.4,1241,Medium
EV000296,2026-01-05 11:40:00,323.74,-36.16,-11.71,18.16,29.54,18.84,773,95,98483.6,5.2,19.0,29.7,0.6,4.69,23.78,35.04,42.67,AC,20,0.0083,0.005,2064,94.3,86.03,58.1,1447,Medium
EV000194,2026-01-05 11:45:00,404.8,-107.66,-43.58,9.47,46.28,41.73,738,356,178594.0,22.4,81.6,125.2,3.43,3.36,13.79,56.9,54.01,DC,80,0.00614,0.00433,2875,82.2,81.9,40.0,1251,Medium
EV000012,2026-01-05 11:50:00,388.67,-167.34,-65.04,9.3,38.7,29.99,459,143,42671.3,7.1,106.7,157.9,3.92,4.76,20.01,52.46,48.97,AC,169,0.00535,0.00404,534,78.0,91.57,47.9,1736,Low
EV000192,2026-01-05 11:55:00,378.02,200.63,75.84,81.45,23.24,7.09,248,40,22426.6,40.5,111.1,149.6,2.98,7.79,13.49,38.93,33.8,AC,47,0.00552,0.00394,883,55.3,95.19,447.7,1861,Low
EV000099,2026-01-05 12:00:00,367.77,-39.43,-14.5,37.36,25.84,8.53,255,4,76215.8,42.8,53.6,92.6,3.58,7.74,23.65,34.04,29.18,AC,72,0.00441,0.00354,3629,83.6,91.87,139.1,1797,Low
EV000170,2026-01-05 12:05:00,397.0,125.89,49.98,25.43,26.68,21.28,662,143,15759.4,79.8,64.6,117.5,3.74,1.98,24.96,40.27,33.45,AC,172,0.00602,0.00459,388,93.9,89.58,104.5,1688,Medium
EV000111,2026-01-05 12:10:00,329.88,170.35,56.2,29.4,15.0,0.3,1233,622,20890.3,151.2,21.7,69.7,4.42,2.61,21.47,27.46,25.23,AC,110,0.00843,0.00587,299,92.7,79.12,130.6,1120,High
EV000001,2026-01-05 12:15:00,359.21,-136.04,-48.87,12.76,36.05,29.87,274,17,120656.4,84.9,36.0,54.7,0.63,7.58,17.33,45.9,43.24,DC,57,0.00645,0.00371,1919,81.2,92.0,49.5,1700,Low
EV000061,2026-01-05 12:20:00,399.18,97.3,38.84,60.74,51.16,39.79,495,56,170156.0,77.6,60.2,108.6,1.86,4.72,22.81,65.1,61.14,AC,79,0.00741,0.00415,2760,22.2,88.66,277.5,1631,Medium
EV000265,2026-01-05 12:25:00,352.78,-20.42,-7.2,52.93,32.7,27.11,539,41,132749.0,148.0,62.4,80.0,3.5,0.46,24.34,42.06,44.27,AC,166,0.00572,0.00462,1773,93.4,89.46,232.6,1605,Medium
EV000123,2026-01-05 12:30:00,403.08,46.66,18.81,66.88,15.0,7.21,503,70,130482.3,130.3,83.6,118.1,0.84,3.58,19.99,32.32,24.65,AC,22,0.00502,0.00339,2216,86.7,89.35,292.3,1570,Medium
EV000194,2026-01-05 12:35:00,366.6,-175.19,-64.23,67.38,40.34,35.78,217,128,96016.0,51.5,114.0,140.2,1.71,5.05,23.11,50.82,43.41,DC,103,0.00428,0.00337,1877,58.2,91.99,304.5,1723,Low
EV000047,2026-01-05 12:40:00,337.13,183.99,62.03,87.82,15.0,6.59,501,157,85016.8,16.5,35.9,71.7,1.66,3.84,22.93,30.08,22.49,DC,68,0.00798,0.00334,2513,90.0,88.45,344.4,1505,Medium
EV000125,2026-01-05 12:45:00,382.79,-111.0,-42.49,51.11,15.0,-9.87,348,122,101848.4,232.7,81.5,99.2,0.4,5.02,14.21,23.65,20.48,AC,167,0.00447,0.00395,3310,78.9,89.79,175.1,1586,Medium
EV000064,2026-01-05 12:50:00,370.3,63.01,23.33,12.21,37.89,30.41,1482,187,56345.5,186.9,101.5,135.2,3.35,0.25,23.88,46.39,42.52,DC,120,0.01087,0.00596,1092,33.5,77.58,44.5,923,High
EV000027,2026-01-05 12:55:00,368.33,-25.5,-9.39,37.45,28.78,17.12,27,16,37824.4,108.3,28.4,39.2,1.04,4.36,20.9,44.05,39.06,DC,44,0.00239,0.00357,997,37.4,97.62,131.2,2014,Low
EV000209,2026-01-05 13:00:00,355.56,-88.25,-31.38,70.82,47.24,41.92,1412,294,79093.2,104.3,104.5,118.4,2.14,7.85,17.67,60.15,53.92,DC,152,0.01095,0.00567,1271,63.3,77.07,322.9,945,High
EV000209,2026-01-05 13:05:00,400.81,-15.7,-6.29,11.72,23.33,10.61,389,49,9288.4,11.1,100.5,158.2,4.03,1.47,24.71,30.17,31.17,AC,136,0.0066,0.0043,269,35.5,94.32,40.0,1963,Low
EV000102,2026-01-05 13:10:00,326.98,-16.66,-5.45,45.08,44.94,41.01,1027,542,156630.4,45.3,97.7,146.4,2.55,4.17,18.94,53.48,51.03,DC,52,0.00865,0.0056,3152,81.7,77.0,126.6,995,High
EV000107,2026-01-05 13:15:00,355.38,78.49,27.89,12.42,15.0,7.09,56,29,137561.6,150.0,66.2,95.8,3.67,1.44,19.32,24.97,28.61,DC,123,0.00527,0.00338,1991,70.4,97.0,67.9,1960,Low
EV000084,2026-01-05 13:20:00,355.79,179.61,63.9,62.94,15.5,5.81,1040,216,32157.2,158.2,99.5,159.3,0.57,5.89,18.65,33.53,23.42,DC,85,0.00824,0.00482,597,82.4,83.78,308.5,1343,Medium
EV000252,2026-01-05 13:25:00,325.75,31.3,10.2,94.41,40.05,34.18,1721,86,119349.6,126.0,22.2,57.8,1.44,5.34,17.03,57.88,48.33,AC,140,0.01042,0.00671,3434,22.7,72.51,241.2,754,High
EV000079,2026-01-05 13:30:00,333.31,-152.79,-50.93,57.62,42.43,25.83,738,371,119725.3,21.6,18.4,39.6,3.26,6.09,25.0,53.43,49.61,AC,130,0.00859,0.0052,1582,84.5,83.88,243.6,1364,Medium
EV000009,2026-01-05 13:35:00,401.43,-167.21,-67.12,78.9,29.03,25.04,693,325,151847.6,198.9,113.3,147.8,2.28,7.46,15.38,37.46,43.18,AC,32,0.00804,0.0051,3343,67.2,83.04,271.9,1337,Medium
EV000109,2026-01-05 13:40:00,403.23,-180.4,-72.74,6.0,16.02,8.67,548,19,16758.4,48.3,65.3,122.8,3.15,4.67,19.52,29.64,20.77,AC,168,0.00649,0.00439,402,59.1,92.24,40.0,1737,Low
EV000023,2026-01-05 13:45:00,377.25,-198.22,-74.78,34.41,38.13,34.97,302,27,148256.4,74.4,105.9,120.4,4.49,1.24,24.38,48.94,42.46,AC,154,0.0047,0.00388,1987,32.5,93.35,130.9,1859,Low
EV000109,2026-01-05 13:50:00,381.48,118.15,45.07,42.37,15.0,-4.33,499,57,89728.5,25.7,91.6,127.1,1.51,7.63,14.59,27.18,22.09,DC,79,0.00511,0.00419,2950,54.5,90.15,138.3,1590,Low
EV000108,2026-01-05 13:55:00,325.84,-162.03,-52.8,81.16,32.85,22.0,1590,529,86206.3,143.7,77.5,97.2,1.98,2.15,18.78,50.13,38.04,DC,143,0.01005,0.00717,1462,21.9,73.55,219.9,699,High
EV000051,2026-01-05 14:00:00,395.1,-104.81,-41.41,19.75,21.53,13.92,8,2,4452.7,67.7,94.2,111.2,1.75,6.64,15.71,30.96,25.43,AC,55,0.00369,0.00284,84,92.9,99.22,93.6,2172,Low
EV000269,2026-01-05 14:05:00,381.82,-47.51,-18.14,67.61,40.47,26.42,904,152,19456.4,137.9,62.1,121.7,2.57,4.83,13.64,45.55,53.34,DC,115,0.00646,0.00531,493,77.3,87.08,228.0,1466,Medium
EV000021,2026-01-05 14:10:00,352.95,201.19,71.01,87.89,17.61,6.99,1158,213,122474.3,201.5,100.5,136.1,1.14,2.86,20.95,35.93,23.76,AC,163,0.00841,0.00554,2311,20.3,81.49,352.7,1142,Medium
EV000111,2026-01-05 14:15:00,353.01,-170.28,-60.11,70.05,15.57,-1.2,1114,404,81683.2,78.1,38.8,67.2,1.42,5.86,19.05,30.79,27.75,AC,105,0.00934,0.00551,1179,71.9,79.86,301.6,1075,High
EV000147,2026-01-05 14:20:00,386.53,-73.48,-28.4,72.34,19.89,7.09,348,150,104230.6,122.1,72.9,129.8,3.84,5.29,12.86,30.02,34.24,DC,43,0.00504,0.00387,2527,33.1,89.84,310.2,1582,Medium
EV000196,2026-01-05 14:25:00,390.33,41.98,16.38,7.41,41.9,24.83,389,10,130769.1,94.3,44.3,76.1,0.77,4.93,23.71,61.16,54.12,AC,145,0.00365,0.00394,2903,44.4,89.13,40.0,1615,Medium
EV000019,2026-01-05 14:30:00,350.34,-48.84,-17.11,37.53,18.3,5.51,484,146,116893.2,13.8,115.0,144.2,1.2,3.26,16.52,31.51,32.97,AC,68,0.00417,0.00455,1888,89.2,89.43,154.1,1539,Medium
EV000107,2026-01-05 14:35:00,334.19,-118.08,-39.46,62.71,50.23,35.53,326,115,24715.3,232.9,77.2,105.3,3.03,3.25,23.41,67.77,53.36,AC,77,0.00515,0.00355,324,80.0,92.57,207.0,1714,Low
EV000062,2026-01-05 14:40:00,357.62,-20.39,-7.29,78.23,55.4,37.49,816,458,193111.7,140.9,46.7,99.7,3.24,0.81,18.96,60.99,66.15,DC,86,0.00765,0.00552,2700,62.4,79.91,276.8,1024,High
EV000275,2026-01-05 14:45:00,328.31,169.15,55.53,42.64,15.0,9.59,1404,759,213181.8,220.4,78.6,104.8,4.43,1.15,13.72,33.07,21.17,AC,72,0.01046,0.0059,3178,75.3,71.06,165.1,590,High
EV000203,2026-01-05 14:50:00,320.26,-152.99,-49.0,90.62,15.0,0.27,299,76,144962.0,191.7,87.8,108.2,3.28,3.83,23.08,29.08,27.32,DC,138,0.00324,0.00396,2685,34.7,91.07,305.2,1767,Low
EV000195,2026-01-05 14:55:00,333.16,12.04,4.01,57.9,42.24,28.59,1305,759,6163.2,173.2,95.2,137.8,1.42,1.6,18.47,57.78,52.36,DC,75,0.00931,0.00626,124,30.3,76.24,211.9,915,High
EV000228,2026-01-05 15:00:00,364.48,-135.06,-49.23,65.71,28.99,17.95,952,43,222935.2,32.0,90.0,107.4,2.23,0.05,20.49,36.49,39.04,DC,45,0.00845,0.00446,2985,82.0,82.6,204.0,1316,Medium
EV000227,2026-01-05 15:05:00,370.03,136.48,50.5,47.38,53.85,37.43,562,240,133719.3,218.1,104.8,134.9,0.52,1.51,23.67,60.69,68.3,DC,24,0.00585,0.00426,1724,25.4,85.57,219.0,1480,Medium
EV000007,2026-01-05 15:10:00,383.26,203.16,77.86,53.9,15.0,1.49,1403,378,207368.8,85.2,84.7,130.3,0.8,6.49,17.14,20.44,20.25,DC,108,0.00811,0.00607,3049,57.6,75.32,233.8,822,High
EV000227,2026-01-05 15:15:00,323.74,-213.86,-69.24,80.8,37.89,27.38,851,359,41671.8,135.8,85.7,100.3,0.84,1.36,24.05,53.53,42.61,DC,58,0.00647,0.00479,768,61.2,84.64,368.6,1289,Medium
EV000183,2026-01-05 15:20:00,339.6,-113.99,-38.71,16.73,15.0,-3.51,318,70,22596.0,154.5,107.5,150.4,1.52,6.11,18.28,24.26,20.31,DC,101,0.00647,0.00379,555,49.8,94.39,86.0,1847,Low
EV000056,2026-01-05 15:25:00,368.49,189.76,69.92,95.32,39.73,33.72,199,71,87026.7,71.9,110.0,166.6,0.94,4.38,21.89,58.82,48.2,AC,92,0.00651,0.00306,1621,69.2,93.72,526.2,1906,Low
EV000020,2026-01-05 15:30:00,402.52,-114.76,-46.19,27.67,39.47,27.12,496,249,29749.7,161.0,95.1,110.9,3.49,4.19,13.56,48.01,48.64,DC,95,0.00572,0.00364,712,28.4,90.7,101.8,1625,Low
EV000204,2026-01-05 15:35:00,350.54,122.52,42.95,88.63,15.0,-6.89,822,473,1157.9,115.9,53.0,101.8,0.69,7.51,15.18,26.15,29.48,DC,77,0.00665,0.00453,57,35.4,85.87,354.0,1462,Medium
EV000001,2026-01-05 15:40:00,398.26,-171.26,-68.21,95.73,36.44,19.28,199,45,22479.2,108.5,22.8,72.3,1.71,1.2,18.48,51.6,40.1,DC,48,0.00677,0.00383,349,24.6,95.67,337.9,1980,Low
EV000048,2026-01-05 15:45:00,356.63,123.17,43.93,6.24,15.0,-1.17,201,105,46374.4,37.2,88.9,121.7,3.44,0.01,19.62,34.46,20.6,AC,109,0.00544,0.00377,669,69.4,95.64,40.0,1895,Low
EV000251,2026-01-05 15:50:00,389.72,-139.16,-54.23,8.4,38.94,22.41,409,241,81023.4,197.3,111.4,133.2,2.64,3.54,24.09,44.52,46.3,DC,144,0.00422,0.0034,1254,50.2,90.81,42.3,1694,Low
EV000018,2026-01-05 15:55:00,336.12,-1.45,-0.49,5.82,41.28,33.7,305,107,20205.5,59.7,51.1,88.8,0.58,1.01,24.13,57.97,46.29,AC,136,0.00617,0.00338,345,80.6,94.58,40.0,1898,Low
EV000041,2026-01-05 16:00:00,388.22,150.63,58.48,85.73,22.1,4.15,1251,720,218457.4,51.2,15.8,44.1,1.85,1.34,23.58,28.38,36.26,AC,132,0.00855,0.00666,3602,85.3,72.44,226.4,662,High
EV000122,2026-01-05 16:05:00,369.44,40.96,15.13,53.83,41.26,24.47,584,350,8860.8,39.1,91.0,106.6,3.68,6.84,22.15,54.89,56.04,AC,81,0.00808,0.00402,132,59.6,87.29,166.8,1458,Medium
EV000057,2026-01-05 16:10:00,358.2,157.03,56.25,39.51,52.42,36.64,400,197,94228.8,83.4,80.5,115.1,4.46,5.6,17.41,62.96,55.69,AC,177,0.00715,0.0042,2724,77.9,86.37,130.7,1399,Medium
EV000270,2026-01-05 16:15:00,340.08,171.63,58.37,76.32,51.74,39.06,1753,580,8730.5,91.9,15.9,45.3,0.84,0.18,14.05,64.26,56.59,DC,25,0.00908,0.00742,356,35.9,71.73,256.3,711,High
EV000230,2026-01-05 16:20:00,406.27,85.67,34.8,90.73,25.13,11.8,1545,766,176614.5,133.2,23.1,58.4,3.26,4.38,14.45,33.13,38.73,AC,163,0.01169,0.00647,2465,48.9,71.07,347.5,565,High
EV000126,2026-01-05 16:25:00,391.86,192.01,75.24,72.31,26.96,10.92,1656,717,121182.3,58.1,101.4,147.6,2.8,2.2,12.74,37.59,36.99,AC,75,0.01135,0.00726,2676,70.1,68.52,209.9,533,High
EV000127,2026-01-05 16:30:00,347.19,-164.42,-57.09,91.63,50.78,37.92,1402,747,200709.8,173.5,74.1,131.9,4.45,0.5,22.96,65.96,54.58,AC,121,0.0079,0.00666,3412,42.2,68.91,316.9,488,High
EV000009,2026-01-05 16:35:00,333.48,27.65,9.22,41.13,15.0,-2.39,1797,1020,182135.4,28.2,82.8,133.2,3.46,7.83,18.61,22.83,25.38,DC,26,0.0101,0.00804,2978,80.8,64.3,112.9,261,High
EV000166,2026-01-05 16:40:00,387.24,120.4,46.62,45.74,20.01,3.3,68,6,115451.9,136.8,71.6,82.2,2.41,3.19,22.87,26.1,32.34,DC,84,0.00593,0.00248,3332,38.1,94.17,187.6,1899,Low
EV000241,2026-01-05 16:45:00,393.01,-29.79,-11.71,87.17,22.13,15.38,1351,591,86964.9,165.0,108.8,147.1,3.68,4.56,20.44,36.6,32.83,AC,43,0.00808,0.00691,3588,35.0,72.41,298.9,748,High
EV000185,2026-01-05 16:50:00,390.02,193.33,75.4,87.23,15.0,-3.47,1229,415,101019.8,90.4,83.2,128.4,0.23,4.68,12.26,25.48,18.08,DC,37,0.0077,0.00601,1848,35.5,77.78,350.5,912,High
EV000002,2026-01-05 16:55:00,387.55,32.69,12.67,20.49,42.51,34.71,1338,726,11727.4,177.4,55.5,75.0,3.6,6.65,16.91,55.39,52.28,DC,37,0.01007,0.0058,579,26.5,73.65,71.2,747,High
EV000020,2026-01-05 17:00:00,324.16,199.45,64.66,92.65,52.11,34.53,923,416,72419.2,207.0,117.7,146.9,0.3,6.6,23.73,69.65,58.15,DC,47,0.00639,0.00474,2162,70.0,78.71,376.6,1064,High
EV000006,2026-01-05 17:05:00,386.48,204.87,79.18,61.86,15.0,-0.45,72,22,43212.9,19.7,106.8,146.7,3.07,0.34,18.13,25.58,25.76,AC,156,0.00571,0.00272,1941,39.6,95.36,254.0,1955,Low
EV000031,2026-01-05 17:10:00,327.37,201.38,65.93,58.9,15.0,0.75,714,423,42196.0,240.8,52.3,109.3,2.2,5.14,20.47,28.3,21.12,DC,23,0.00818,0.0043,1477,37.9,86.07,255.1,1510,Medium
EV000036,2026-01-05 17:15:00,387.77,-130.13,-50.46,19.12,54.06,39.4,893,95,84890.1,221.6,104.2,124.1,1.45,6.29,15.98,67.15,65.72,AC,172,0.00838,0.00476,3501,62.8,81.18,55.6,1092,Medium
EV000149,2026-01-05 17:20:00,340.99,-65.4,-22.3,87.22,15.0,-5.24,72,8,114989.2,59.1,35.6,62.6,2.83,7.3,20.09,31.06,28.28,DC,162,0.00442,0.00303,2611,66.4,95.93,363.2,1936,Low
EV000281,2026-01-05 17:25:00,374.69,152.73,57.23,15.56,23.79,12.72,448,263,106728.3,90.4,30.0,72.6,1.32,0.71,16.3,39.3,31.18,DC,51,0.00695,0.00442,1811,32.9,89.28,80.6,1625,Medium
EV000289,2026-01-05 17:30:00,367.12,51.52,18.92,50.0,35.8,25.86,169,37,28591.2,137.9,18.1,32.7,0.72,6.58,19.61,52.99,39.71,AC,120,0.0033,0.00385,765,87.6,96.65,169.9,2006,Low
EV000109,2026-01-05 17:35:00,382.91,82.13,31.45,71.98,25.06,13.4,1548,538,82756.4,32.7,76.1,131.5,3.74,6.01,18.22,38.29,32.41,AC,141,0.01124,0.00704,1853,28.8,73.11,229.7,680,High
EV000162,2026-01-05 17:40:00,387.02,72.91,28.22,7.08,29.98,19.99,169,13,76702.3,205.9,117.0,175.5,2.38,7.82,18.91,37.62,43.26,DC,169,0.00639,0.00338,1298,52.4,96.11,40.0,1918,Low
EV000001,2026-01-05 17:45:00,328.77,107.84,35.46,96.82,54.18,41.51,506,67,149180.0,245.8,27.3,38.7,3.56,0.17,21.7,65.8,59.69,AC,95,0.00693,0.00439,3073,20.9,87.18,440.6,1426,Medium
EV000159,2026-01-05 17:50:00,332.4,-34.03,-11.31,31.22,44.39,35.64,164,36,92496.2,141.0,67.0,111.3,3.79,0.83,24.44,59.69,49.21,DC,134,0.00568,0.00279,2471,51.7,92.39,101.0,1809,Low
EV000173,2026-01-05 17:55:00,379.37,-26.81,-10.17,65.53,15.0,-4.34,1767,573,12322.5,209.6,112.3,126.7,0.8,6.03,19.19,28.72,19.1,AC,141,0.01161,0.00718,160,90.1,72.45,195.2,612,High
EV000254,2026-01-05 18:00:00,404.38,-65.96,-26.67,89.6,46.27,38.39,468,156,63897.4,172.7,101.2,158.2,0.4,2.17,14.67,56.68,60.14,DC,136,0.00403,0.0035,900,21.0,89.89,447.0,1636,Medium
EV000203,2026-01-05 18:05:00,344.97,-163.2,-56.3,74.26,15.18,-2.44,1429,580,77493.5,230.9,74.8,101.1,3.06,5.52,20.21,22.32,25.32,AC,100,0.01031,0.00697,1255,50.4,75.97,314.9,833,High
EV000157,2026-01-05 18:10:00,384.91,-210.22,-80.91,45.06,34.24,17.28,372,43,83655.3,216.3,24.0,68.1,1.83,4.15,17.94,46.76,39.86,DC,67,0.005,0.00408,2983,63.5,90.25,175.3,1642,Low
EV000121,2026-01-05 18:15:00,325.25,-11.86,-3.86,81.28,57.13,39.67,1087,398,63926.4,61.9,79.7,112.0,1.95,0.9,19.89,75.7,65.87,AC,96,0.00892,0.00608,1122,42.4,78.27,267.2,1002,High
EV000212,2026-01-05 18:20:00,344.36,6.28,2.16,32.42,35.23,30.97,1023,482,103420.7,147.1,74.6,103.2,0.78,3.09,16.61,40.59,44.21,AC,83,0.00836,0.00532,2678,87.8,79.24,114.6,1083,High
EV000024,2026-01-05 18:25:00,353.69,136.51,48.28,63.73,19.95,7.07,854,59,259923.0,8.4,78.1,126.4,0.41,5.52,14.14,36.93,25.13,DC,125,0.00804,0.00418,3423,42.0,83.82,228.8,1358,Medium
EV000200,2026-01-05 18:30:00,396.69,-48.3,-19.16,22.88,49.91,32.06,1720,398,178138.9,154.2,58.8,92.9,3.42,5.87,15.61,61.45,63.2,AC,113,0.01271,0.00599,3337,82.5,67.71,84.1,424,High
EV000216,2026-01-05 18:35:00,354.8,139.8,49.6,70.39,28.26,21.47,909,309,44189.9,212.7,39.9,67.1,4.22,1.47,12.21,37.09,33.35,DC,154,0.00624,0.00524,1469,34.9,83.43,340.6,1242,Medium
EV000286,2026-01-05 18:40:00,371.03,11.12,4.13,61.67,45.51,29.25,959,108,76256.6,152.5,16.2,72.5,1.37,5.41,23.05,56.36,58.45,DC,149,0.00916,0.00452,3057,34.9,82.75,249.8,1298,Medium
EV000237,2026-01-05 18:45:00,327.43,45.47,14.89,93.46,15.48,9.9,754,107,90392.5,198.8,114.6,157.3,4.11,3.62,22.4,25.26,18.67,DC,130,0.00855,0.00409,1263,23.4,88.92,348.6,1572,Medium
EV000224,2026-01-05 18:50:00,365.52,81.87,29.92,50.35,15.0,5.32,226,28,31816.2,6.3,17.7,59.9,0.38,0.03,22.78,33.77,20.99,DC,59,0.00632,0.00373,687,80.2,96.78,204.5,2017,Low
EV000264,2026-01-05 18:55:00,346.7,91.55,31.74,58.93,30.5,21.64,1124,162,154219.4,23.5,71.0,115.4,4.4,3.0,15.37,42.3,44.63,DC,105,0.00921,0.00566,2152,73.3,80.97,217.0,1171,Medium
EV000117,2026-01-05 19:00:00,405.81,84.82,34.42,38.57,21.23,4.78,142,38,126917.3,33.0,111.0,121.8,2.36,6.01,14.18,38.99,25.16,AC,15,0.00616,0.00372,1687,43.4,95.37,149.2,2005,Low
EV000035,2026-01-05 19:05:00,320.2,-160.96,-51.54,23.75,46.15,35.85,1047,134,95736.5,113.4,24.3,54.7,1.13,3.5,22.1,56.26,50.25,AC,24,0.00728,0.00575,1468,69.6,83.27,97.8,1241,Medium
EV000175,2026-01-05 19:10:00,331.1,-101.85,-33.72,67.5,23.84,8.07,1613,752,85798.5,192.7,19.2,78.1,2.55,5.99,21.44,35.09,31.12,AC,36,0.01069,0.00656,1766,63.3,70.45,213.7,629,High
EV000184,2026-01-05 19:15:00,353.5,38.93,13.76,26.72,37.37,23.49,1404,49,231582.9,56.5,114.7,136.6,3.98,3.66,17.27,49.53,44.49,AC,21,0.00966,0.00497,3016,46.4,78.24,91.9,1047,High
EV000271,2026-01-05 19:20:00,378.02,112.76,42.62,92.37,31.02,14.96,1427,368,245837.9,249.3,53.3,106.0,3.47,7.98,19.83,38.07,41.9,AC,79,0.01149,0.00659,3297,27.8,75.24,405.1,912,High
EV000261,2026-01-05 19:25:00,341.68,198.52,67.83,28.56,22.11,12.1,1799,50,142911.1,180.6,109.0,137.3,0.51,1.09,20.76,40.78,29.57,AC,89,0.01102,0.00609,1969,62.2,74.29,87.5,789,High
EV000026,2026-01-05 19:30:00,334.54,27.59,9.23,70.81,32.56,20.41,1077,396,3693.0,235.7,65.9,124.7,2.03,4.84,13.51,42.5,41.55,DC,51,0.00897,0.00554,58,26.0,83.34,333.5,1241,Medium
EV000085,2026-01-05 19:35:00,356.45,73.68,26.26,68.63,16.41,5.75,1584,810,61532.0,194.9,73.4,107.3,3.04,3.59,22.52,21.79,23.2,DC,103,0.01035,0.00755,3031,56.5,69.52,265.5,567,High
EV000022,2026-01-05 19:40:00,373.1,-74.35,-27.74,6.55,42.19,29.36,574,343,62902.7,116.5,101.9,146.5,1.36,7.46,21.1,54.24,50.81,AC,125,0.00554,0.00451,3118,67.6,83.06,40.0,1332,Medium
EV000092,2026-01-05 19:45:00,322.12,-81.73,-26.33,17.19,15.0,-6.55,91,20,152744.4,57.9,79.2,95.2,3.62,4.21,22.97,23.08,28.59,DC,151,0.00615,0.00295,2712,23.0,94.58,95.9,1927,Low
EV000188,2026-01-05 19:50:00,382.63,135.45,51.83,30.16,52.94,40.5,1247,506,126368.9,177.8,40.0,65.6,3.47,5.55,17.2,71.6,56.6,DC,128,0.01025,0.00654,1740,52.1,75.61,105.3,846,High
EV000027,2026-01-05 19:55:00,351.35,-117.28,-41.21,88.58,20.9,12.03,157,69,217200.9,159.5,62.8,116.2,4.07,6.69,24.16,36.08,27.75,DC,41,0.00526,0.0036,3107,80.0,93.42,464.4,1827,Low
EV000146,2026-01-05 20:00:00,382.51,-111.24,-42.55,63.45,26.34,18.39,1709,639,8500.9,40.3,66.1,107.3,4.21,2.35,23.72,38.74,32.13,AC,73,0.01126,0.00728,210,51.2,71.78,271.1,652,High
EV000044,2026-01-05 20:05:00,402.56,168.14,67.69,34.72,20.88,7.79,352,87,43968.4,132.9,94.4,121.2,0.84,5.2,21.14,38.41,28.18,DC,151,0.00503,0.0034,784,76.0,94.52,122.9,1942,Low
EV000188,2026-01-05 20:10:00,347.9,177.2,61.65,30.42,44.69,38.53,405,202,175250.6,90.7,93.5,144.0,2.75,7.89,24.67,53.25,58.37,DC,19,0.00591,0.00322,3211,36.3,87.63,140.8,1449,Medium
EV000127,2026-01-05 20:15:00,356.66,-103.87,-37.04,63.17,22.68,15.71,1263,402,73896.4,73.7,35.8,58.1,1.7,0.48,23.65,37.09,37.0,AC,167,0.00839,0.00504,2975,24.0,76.69,201.4,907,High
EV000274,2026-01-05 20:20:00,345.75,-26.61,-9.2,62.04,25.13,21.01,148,7,112213.1,237.7,69.1,106.4,4.16,6.77,14.35,39.36,36.71,DC,49,0.00416,0.00356,1655,68.1,94.96,264.8,1851,Low
EV000141,2026-01-05 20:25:00,335.01,-181.12,-60.68,86.03,35.06,22.31,1432,69,35934.3,239.7,90.8,127.7,1.94,6.7,16.31,41.75,41.56,AC,76,0.0094,0.00531,1764,83.8,78.8,317.7,1039,High
EV000151,2026-01-05 20:30:00,377.76,-167.2,-63.16,70.41,21.82,7.82,486,77,40929.5,202.1,24.2,77.5,1.4,5.84,18.03,37.27,32.58,AC,39,0.00625,0.00341,1392,69.2,92.45,383.2,1762,Low
EV000067,2026-01-05 20:35:00,383.82,-5.02,-1.93,76.09,28.48,15.17,491,100,113192.2,231.2,38.1,49.8,4.44,0.33,17.97,37.48,41.2,DC,79,0.00725,0.00354,3398,91.9,87.24,376.7,1571,Medium
EV000067,2026-01-05 20:40:00,402.35,83.17,33.47,75.1,15.0,2.19,767,165,48231.3,226.0,50.5,69.8,2.84,3.76,23.88,21.25,27.04,AC,139,0.00587,0.00425,1353,69.5,87.24,291.2,1431,Medium
EV000296,2026-01-05 20:45:00,340.87,64.09,21.85,46.12,21.82,10.88,541,49,229738.6,142.4,31.1,79.2,3.54,5.75,19.82,27.35,26.68,AC,47,0.00587,0.00378,3311,90.6,87.25,238.3,1424,Medium
EV000031,2026-01-05 20:50:00,380.09,116.43,44.25,35.08,33.82,22.39,876,90,143420.5,83.0,34.1,77.7,1.2,0.41,23.46,47.62,40.96,DC,131,0.00863,0.00483,2285,57.8,84.06,111.0,1386,Medium
EV000042,2026-01-05 20:55:00,345.08,-119.46,-41.22,64.0,26.08,16.89,1211,514,66103.6,199.4,119.1,141.2,3.61,0.65,13.84,40.8,37.11,DC,147,0.00786,0.00578,1019,38.4,79.0,230.1,1061,High
EV000123,2026-01-05 21:00:00,359.2,57.53,20.66,87.22,55.68,39.91,947,99,83932.3,128.6,100.8,145.3,4.04,5.7,17.56,64.88,63.73,AC,169,0.00823,0.005,2201,46.2,83.4,257.3,1294,Medium
EV000142,2026-01-05 21:05:00,332.87,-195.71,-65.15,32.46,15.0,-5.22,1759,22,217848.3,68.3,30.1,81.1,0.79,6.04,24.72,30.6,20.66,AC,95,0.0111,0.00639,3211,69.8,72.8,100.2,710,High
EV000067,2026-01-05 21:10:00,362.47,-23.32,-8.45,28.48,15.0,-0.24,564,251,10327.2,50.6,113.4,154.9,3.23,2.63,14.96,33.91,24.79,DC,17,0.0062,0.00427,191,39.1,89.28,147.6,1535,Medium
EV000032,2026-01-05 21:15:00,337.0,-197.14,-66.44,16.17,15.0,-5.67,153,41,107985.7,185.1,61.4,89.8,2.14,6.39,19.83,33.26,28.11,AC,48,0.00292,0.00283,3043,65.1,93.77,72.5,1867,Low
EV000100,2026-01-05 21:20:00,341.75,82.96,28.35,91.09,15.0,0.01,720,398,169062.5,18.1,100.0,134.7,1.25,7.9,24.31,28.32,28.39,AC,152,0.00575,0.00414,3392,88.6,83.24,436.7,1299,Medium
EV000175,2026-01-05 21:25:00,358.23,-212.11,-75.98,55.72,18.79,7.9,627,272,36611.8,181.6,17.9,61.5,2.14,3.58,15.61,28.6,23.62,DC,65,0.00825,0.00391,861,32.7,88.6,245.5,1632,Medium
EV000139,2026-01-05 21:30:00,355.8,93.88,33.4,57.46,40.7,28.73,738,269,115018.2,62.4,34.1,88.7,3.58,4.62,15.59,49.5,51.06,DC,116,0.00577,0.00507,3505,43.4,82.37,209.3,1232,Medium
EV000111,2026-01-05 21:35:00,332.04,-155.66,-51.68,60.83,26.35,10.37,258,72,109613.5,19.6,71.6,88.2,4.34,7.01,20.37,31.59,34.52,AC,131,0.0046,0.00395,2995,43.2,92.81,250.9,1780,Low
EV000251,2026-01-05 21:40:00,397.61,31.4,12.48,8.76,15.0,-3.92,5,1,140231.3,81.4,57.1,112.5,0.35,4.8,13.11,29.34,23.43,DC,98,0.00547,0.00303,3628,33.0,95.3,40.0,1886,Low
EV000172,2026-01-05 21:45:00,359.64,95.08,34.2,95.36,41.36,24.48,523,150,166396.8,108.4,21.3,43.1,1.41,5.11,20.44,56.68,55.09,DC,80,0.00546,0.00411,2835,52.9,87.69,337.7,1447,Medium
EV000133,2026-01-05 21:50:00,322.17,-153.04,-49.31,37.58,15.0,-6.33,477,117,54433.8,29.7,117.5,157.4,1.02,7.68,19.62,27.81,24.68,DC,146,0.00428,0.00381,1972,44.9,89.16,128.5,1639,Medium
EV000087,2026-01-05 21:55:00,386.69,105.49,40.79,19.11,45.51,33.37,1361,679,57844.2,141.5,90.3,126.2,0.65,6.83,13.15,57.66,56.26,AC,57,0.00772,0.00626,1758,51.4,73.18,75.2,721,High
EV000113,2026-01-05 22:00:00,374.19,-174.56,-65.32,14.96,22.98,17.21,1614,828,190639.9,25.4,33.4,67.6,2.7,4.95,16.9,40.15,36.51,AC,155,0.00899,0.00749,2820,90.0,68.63,58.3,407,High
EV000158,2026-01-05 22:05:00,382.74,121.79,46.61,43.31,15.0,-1.77,716,283,50478.5,219.2,87.1,134.9,1.96,6.48,12.98,27.65,23.9,DC,58,0.00723,0.0039,1122,39.0,87.68,133.3,1536,Medium
EV000089,2026-01-05 22:10:00,340.0,6.94,2.36,95.73,23.91,19.68,1708,869,157625.0,118.8,84.6,132.4,2.88,3.6,20.63,33.37,28.94,DC,76,0.0102,0.00798,2132,33.2,68.02,355.1,512,High
EV000081,2026-01-05 22:15:00,332.48,153.31,50.97,32.79,15.0,2.16,1617,303,75023.5,229.0,67.2,123.7,3.08,6.81,19.17,28.2,20.92,DC,167,0.01002,0.00697,1070,58.3,76.94,121.0,994,High
EV000033,2026-01-05 22:20:00,325.73,-20.26,-6.6,91.82,53.44,37.76,1620,241,39264.7,72.9,36.0,83.6,0.26,5.19,16.82,69.24,64.28,DC,26,0.01052,0.00561,1270,59.8,74.21,258.2,853,High
EV000079,2026-01-05 22:25:00,393.0,-125.78,-49.43,23.53,34.69,29.51,486,278,153992.4,167.8,119.0,168.4,3.35,7.85,16.71,41.58,40.48,DC,132,0.00697,0.00459,3251,52.0,86.89,74.8,1515,Medium
EV000017,2026-01-05 22:30:00,366.01,-133.44,-48.84,91.58,15.16,3.31,1398,725,50917.9,4.5,77.4,118.8,2.94,6.66,22.9,30.88,27.02,AC,16,0.01054,0.00586,713,86.0,74.49,351.6,831,High
EV000041,2026-01-05 22:35:00,366.86,-69.58,-25.53,65.17,34.95,18.85,180,32,30541.5,236.6,119.2,135.4,4.02,6.55,20.1,54.85,48.64,AC,110,0.00364,0.00252,1202,41.5,96.26,346.9,1927,Low
EV000206,2026-01-05 22:40:00,335.34,77.78,26.08,42.13,40.34,25.8,32,15,35216.8,74.6,92.7,123.7,2.34,3.01,13.78,53.06,52.07,AC,20,0.00354,0.0022,717,77.8,98.13,191.3,2038,Low
EV000167,2026-01-05 22:45:00,322.7,90.12,29.08,45.99,17.44,7.03,633,236,112409.3,206.2,52.4,85.5,3.07,3.76,19.43,25.72,24.98,AC,110,0.00665,0.00418,2376,52.9,86.59,186.1,1418,Medium
EV000251,2026-01-05 22:50:00,351.6,48.18,16.94,67.06,15.0,-5.0,325,133,61611.6,18.7,88.2,105.7,4.1,2.22,23.59,31.28,18.77,DC,79,0.00499,0.00361,1559,83.5,91.33,323.9,1751,Low
EV000270,2026-01-05 22:55:00,327.99,94.93,31.14,30.61,18.11,4.66,1027,536,58643.1,193.2,16.7,44.0,4.28,6.28,23.67,24.08,25.76,AC,177,0.00857,0.00533,2912,80.2,77.01,83.1,962,High
EV000273,2026-01-05 23:00:00,402.79,167.33,67.4,50.49,27.37,9.86,606,181,147309.9,5.5,20.2,63.0,4.46,5.71,17.27,40.54,34.71,DC,83,0.00483,0.00434,3631,30.9,84.68,246.2,1410,Medium
EV000233,2026-01-05 23:05:00,398.23,21.01,8.37,90.03,20.46,16.98,158,42,60224.2,149.6,113.6,152.4,3.94,6.74,24.15,39.44,32.13,AC,163,0.00563,0.00309,1272,71.3,96.6,365.0,2050,Low
EV000125,2026-01-05 23:10:00,384.92,25.34,9.75,96.77,53.26,39.37,600,304,96132.4,157.6,57.1,69.7,0.66,7.03,20.95,70.91,58.03,AC,95,0.00581,0.00485,2495,20.0,84.02,330.7,1353,Medium
EV000182,2026-01-05 23:15:00,370.32,8.41,3.11,37.33,30.12,23.44,576,342,20801.2,91.8,109.6,167.3,2.88,0.13,20.07,49.48,35.67,AC,179,0.00435,0.00436,628,82.9,88.29,138.2,1625,Medium
EV000288,2026-01-05 23:20:00,331.4,-117.75,-39.02,45.67,21.99,11.72,1145,93,17302.8,144.6,81.5,138.4,1.99,5.32,17.13,39.4,29.52,DC,24,0.00961,0.00531,504,24.0,85.52,168.9,1468,Medium
EV000091,2026-01-05 23:25:00,392.25,-168.28,-66.01,11.05,36.29,28.84,1196,383,51682.0,71.6,114.3,137.0,2.78,1.01,16.47,41.81,40.94,AC,41,0.01043,0.00531,1607,70.9,78.04,40.0,939,High
EV000148,2026-01-05 23:30:00,349.4,-76.08,-26.58,67.82,15.0,0.77,445,122,6079.6,84.7,49.0,78.5,0.55,1.56,21.15,28.56,20.83,DC,120,0.00502,0.00315,282,90.1,93.66,293.6,1845,Low
EV000101,2026-01-05 23:35:00,333.24,196.38,65.44,51.58,23.19,6.63,1421,384,28249.7,213.0,58.1,68.3,0.43,4.19,19.12,28.51,32.04,DC,121,0.00849,0.00598,758,33.6,78.21,223.4,945,High
EV000092,2026-01-05 23:40:00,349.99,36.89,12.91,11.66,15.0,-0.27,123,14,97786.8,134.2,26.3,74.0,3.45,4.86,20.71,30.08,25.8,DC,89,0.00252,0.00238,1694,63.0,96.35,66.4,2002,Low
EV000082,2026-01-05 23:45:00,359.84,131.26,47.23,26.61,17.53,11.94,433,4,62857.6,156.4,70.8,114.5,1.03,3.53,22.87,33.3,27.69,AC,96,0.0075,0.00345,1493,80.0,91.92,134.9,1675,Low
EV000161,2026-01-05 23:50:00,353.38,117.8,41.63,41.95,32.71,18.79,553,26,179337.1,136.3,111.3,143.1,2.85,6.95,19.59,40.1,44.46,DC,76,0.00591,0.00403,3219,27.1,88.28,196.9,1578,Medium
EV000051,2026-01-05 23:55:00,376.47,131.59,49.54,76.9,34.69,17.39,1703,724,75329.9,110.3,113.4,141.3,0.45,5.15,24.57,47.69,39.79,AC,160,0.00949,0.00703,1280,48.0,70.29,239.8,613,High
EV000213,2026-01-06 00:00:00,398.45,-191.07,-76.13,37.48,15.0,-2.23,667,99,68478.8,117.3,30.8,60.9,4.35,6.03,24.0,33.8,18.96,DC,169,0.00607,0.00484,2143,74.5,86.62,187.7,1522,Medium
EV000182,2026-01-06 00:05:00,407.38,149.64,60.96,31.0,15.0,4.44,218,10,86903.0,4.1,112.7,143.5,3.13,2.71,17.49,33.65,18.49,AC,141,0.00557,0.00257,3171,28.6,91.37,126.1,1731,Low
EV000136,2026-01-06 00:10:00,409.65,63.93,26.19,35.67,23.89,10.79,318,23,29828.9,9.5,30.8,50.0,3.53,2.83,18.96,31.55,27.94,DC,34,0.00486,0.0038,452,85.3,95.7,161.3,1984,Low
EV000261,2026-01-06 00:15:00,391.12,-34.79,-13.61,14.38,15.0,-0.29,1653,207,207860.9,71.6,34.6,56.3,3.55,6.63,18.41,20.54,20.9,DC,99,0.00904,0.00577,2816,78.8,73.21,42.4,655,High
EV000024,2026-01-06 00:20:00,363.14,200.71,72.89,53.96,29.52,11.92,1087,29,2186.7,27.5,47.9,92.6,1.65,7.52,19.14,49.2,38.92,DC,51,0.00822,0.00566,106,54.0,86.49,203.8,1436,Medium
EV000165,2026-01-06 00:25:00,378.16,139.51,52.76,66.4,46.74,35.96,1689,697,17525.6,69.3,83.1,107.6,2.29,1.23,16.61,66.2,57.58,AC,50,0.00946,0.00718,280,39.0,70.47,254.0,501,High
EV000267,2026-01-06 00:30:00,379.44,60.61,23.0,7.34,39.91,31.7,382,18,45079.2,56.3,107.3,128.2,0.38,1.03,18.46,47.16,53.06,AC,175,0.00663,0.00315,807,60.0,93.29,40.0,1852,Low
EV000207,2026-01-06 00:35:00,390.94,-7.73,-3.02,63.46,23.19,16.32,183,58,65380.0,200.9,113.8,157.1,3.09,1.04,24.79,31.57,30.49,DC,75,0.006,0.00319,2665,46.6,92.31,251.2,1836,Low
EV000220,2026-01-06 00:40:00,390.35,116.76,45.58,67.89,15.0,-4.15,378,93,85656.6,158.4,117.2,144.1,2.95,0.02,17.51,24.17,19.12,DC,140,0.00439,0.00291,2367,83.6,92.11,306.8,1730,Low
EV000264,2026-01-06 00:45:00,324.53,122.08,39.62,89.61,40.79,28.93,777,163,135535.7,225.5,35.6,56.4,1.32,4.82,13.67,53.92,46.34,AC,119,0.00528,0.00466,3490,69.0,82.58,291.9,1274,Medium
EV000019,2026-01-06 00:50:00,354.58,53.75,19.06,7.58,19.77,6.86,986,234,149112.1,247.2,35.4,54.6,0.99,7.41,12.54,33.22,34.47,AC,121,0.00936,0.00566,2164,89.2,82.65,40.0,1228,Medium
EV000151,2026-01-06 00:55:00,370.63,-196.03,-72.65,38.8,41.81,25.57,457,170,41000.7,82.4,112.3,129.2,2.18,3.99,16.39,47.42,45.69,DC,39,0.00582,0.00385,692,50.6,90.46,148.8,1670,Low
EV000205,2026-01-06 01:00:00,349.23,206.6,72.15,23.93,26.41,19.37,301,124,80343.6,145.6,53.5,79.1,3.14,4.26,13.7,45.0,34.56,AC,29,0.00352,0.00287,1127,90.6,92.6,105.7,1831,Low
EV000022,2026-01-06 01:05:00,398.52,-1.58,-0.63,45.19,34.83,28.32,1233,365,53614.9,83.2,101.0,142.4,1.73,4.56,21.78,43.67,44.67,DC,86,0.00729,0.00636,1084,23.2,80.41,214.4,1151,Medium
EV000073,2026-01-06 01:10:00,333.98,-156.53,-52.28,59.81,15.0,2.47,1454,269,69424.5,156.5,22.3,52.8,4.4,7.76,13.96,29.3,20.15,AC,68,0.01042,0.00618,875,48.3,79.25,263.3,978,High
EV000242,2026-01-06 01:15:00,334.48,-120.84,-40.42,85.02,18.44,10.81,235,106,103769.9,44.3,70.4,117.0,3.24,6.35,16.55,34.38,26.93,AC,40,0.00558,0.00312,2381,80.3,92.96,326.7,1737,Low
EV000123,2026-01-06 01:20:00,384.22,-159.7,-61.36,5.66,15.0,-5.96,291,88,59406.9,2.8,56.7,74.0,2.01,1.03,15.75,28.63,19.39,AC,20,0.0051,0.0041,749,82.4,95.6,40.0,1880,Low
EV000038,2026-01-06 01:25:00,391.07,63.94,25.0,28.64,34.22,17.28,1492,382,82232.8,150.1,74.6,128.6,1.23,0.65,24.72,39.68,38.41,AC,179,0.00801,0.00621,1919,74.1,74.36,82.7,796,High
EV000235,2026-01-06 01:30:00,405.0,-50.89,-20.61,66.42,27.64,18.55,1281,715,10052.7,88.0,27.0,61.0,0.96,2.77,18.63,46.76,34.13,AC,148,0.01041,0.00646,339,53.2,77.11,226.1,1012,High
EV000197,2026-01-06 01:35:00,373.37,74.84,27.94,26.79,15.0,7.04,593,211,88110.9,115.1,97.4,110.6,3.11,2.45,13.36,24.65,28.64,AC,33,0.00661,0.00352,2487,33.5,86.11,81.9,1489,Medium
EV000165,2026-01-06 01:40:00,401.78,-50.14,-20.14,48.95,15.0,-9.94,1064,161,21505.1,20.3,36.4,60.6,0.43,6.23,19.2,21.47,23.4,DC,168,0.00963,0.00519,852,55.1,85.41,193.5,1392,Medium
EV000232,2026-01-06 01:45:00,369.58,-10.13,-3.74,21.65,56.41,38.86,1647,184,106879.4,93.2,84.2,126.2,2.29,0.2,16.19,65.17,61.94,DC,28,0.01199,0.00694,2144,81.9,73.87,72.7,783,High
EV000166,2026-01-06 01:50:00,346.51,-61.75,-21.4,78.11,27.98,13.83,1441,517,65768.4,201.9,73.4,122.8,2.09,4.07,23.7,38.28,42.63,DC,108,0.00837,0.00579,1442,63.7,75.48,217.2,889,High
EV000078,2026-01-06 01:55:00,379.16,47.59,18.04,38.35,15.0,-8.8,1390,826,104679.2,236.6,93.0,106.7,3.61,2.75,14.12,26.4,25.57,AC,55,0.01091,0.00624,2112,74.4,72.98,110.1,653,High
EV000115,2026-01-06 02:00:00,329.09,-102.83,-33.84,99.49,36.79,32.08,1391,277,82648.1,168.3,103.7,127.7,4.37,4.01,14.26,47.12,40.05,AC,63,0.00807,0.00656,2786,20.2,76.13,435.6,833,High
EV000281,2026-01-06 02:05:00,386.78,166.14,64.26,21.27,21.55,16.09,1398,137,100759.4,208.5,87.9,121.1,3.74,2.11,22.05,33.31,33.48,AC,23,0.00872,0.00634,3410,43.6,77.65,93.0,983,High
EV000081,2026-01-06 02:10:00,387.06,-54.13,-20.95,81.64,24.77,10.62,1514,74,73050.6,85.3,72.5,87.3,3.97,1.27,12.7,33.95,33.99,DC,97,0.00817,0.00648,2369,58.1,76.79,374.4,934,High
EV000028,2026-01-06 02:15:00,402.2,-177.4,-71.35,25.67,30.5,27.07,1247,700,48583.4,105.0,54.0,90.0,3.63,7.62,21.76,48.09,43.72,AC,77,0.00998,0.00622,2428,57.7,74.0,77.0,739,High
EV000153,2026-01-06 02:20:00,389.85,-123.59,-48.18,65.27,35.97,22.94,1169,250,101371.9,117.1,60.6,91.5,1.11,1.37,18.62,44.0,41.57,AC,82,0.01008,0.00578,2079,94.9,80.86,232.0,1076,Medium
EV000090,2026-01-06 02:25:00,376.6,-177.32,-66.78,47.33,46.26,35.14,589,353,96773.0,208.2,28.3,40.9,3.93,1.12,18.55,63.57,50.46,AC,16,0.00603,0.00485,1219,84.9,85.22,184.6,1309,Medium
EV000161,2026-01-06 02:30:00,408.84,-65.83,-26.92,12.64,42.97,34.64,1367,233,39507.3,235.6,68.6,119.7,3.38,5.29,18.47,54.88,53.75,DC,101,0.00785,0.0062,1638,45.8,77.5,58.4,937,High
EV000092,2026-01-06 02:35:00,406.7,-193.43,-78.67,39.52,40.02,28.36,175,83,139125.9,165.8,70.4,100.3,2.5,5.84,16.75,49.35,46.73,AC,74,0.00308,0.003,3109,31.6,91.35,134.8,1781,Low
EV000173,2026-01-06 02:40:00,330.26,146.84,48.5,33.75,33.74,30.28,751,374,183644.1,172.2,63.6,89.1,1.42,0.89,17.9,46.84,37.12,DC,93,0.00607,0.00534,3140,80.5,82.15,111.6,1163,Medium
EV000087,2026-01-06 02:45:00,408.33,-101.02,-41.25,32.42,15.0,-1.81,755,103,85851.3,74.3,76.3,107.6,1.17,2.77,17.07,31.42,18.97,DC,163,0.0068,0.00485,1871,85.2,86.99,103.7,1405,Medium
EV000078,2026-01-06 02:50:00,375.51,102.51,38.49,90.47,53.51,41.0,894,445,34698.2,243.5,65.0,76.3,1.47,5.33,12.05,64.63,58.72,AC,44,0.00714,0.0054,1717,47.0,80.26,387.1,1083,Medium
EV000078,2026-01-06 02:55:00,359.55,-117.13,-42.11,58.12,15.0,-2.03,370,183,104242.5,57.7,81.1,96.9,0.94,5.7,17.0,21.86,18.12,DC,24,0.00609,0.00331,3082,46.8,88.39,182.1,1615,Medium
EV000140,2026-01-06 03:00:00,347.68,17.54,6.1,86.7,48.83,33.87,1397,485,89455.6,66.6,91.6,106.5,0.75,3.42,14.95,60.59,52.62,AC,162,0.00975,0.0056,2776,33.6,73.88,326.9,749,High
EV000266,2026-01-06 03:05:00,367.25,31.17,11.45,80.28,15.0,-1.02,1559,501,87839.1,3.0,23.4,80.6,0.68,5.01,19.57,30.41,25.97,DC,58,0.01147,0.00692,2096,74.4,72.1,254.0,591,High
EV000179,2026-01-06 03:10:00,356.23,3.77,1.34,61.93,28.44,20.29,263,96,196869.7,121.1,25.8,79.1,3.36,0.93,16.19,43.95,38.67,AC,130,0.00525,0.00369,2800,83.8,92.56,318.4,1812,Low
EV000052,2026-01-06 03:15:00,338.73,-19.2,-6.5,57.79,25.33,10.34,38,0,188950.4,58.2,117.1,131.7,0.22,0.92,16.77,32.28,40.12,AC,22,0.00307,0.0026,2859,36.0,94.07,258.8,1842,Low
EV000039,2026-01-06 03:20:00,400.77,-162.84,-65.26,60.88,30.67,21.99,1016,483,109583.4,129.0,25.5,45.1,0.4,1.59,13.23,38.64,40.69,AC,134,0.00957,0.00598,2314,86.6,79.95,275.5,1061,High
EV000274,2026-01-06 03:25:00,321.27,195.28,62.74,76.39,43.16,39.52,1216,152,91944.9,110.8,115.2,173.4,0.29,4.84,12.71,48.48,48.19,DC,51,0.00784,0.0055,2105,77.7,78.96,323.7,987,High
EV000044,2026-01-06 03:30:00,349.01,-47.64,-16.63,12.17,20.31,11.66,1491,510,196082.9,219.1,75.4,121.9,4.06,1.58,16.17,29.17,35.09,DC,67,0.00873,0.0071,3350,59.9,72.82,40.0,763,High
EV000066,2026-01-06 03:35:00,361.58,103.76,37.52,87.23,15.0,-4.42,1334,257,16451.3,121.1,71.8,120.8,1.33,0.01,17.28,29.84,25.83,DC,85,0.00893,0.00583,232,93.2,82.02,367.7,1149,Medium
EV000035,2026-01-06 03:40:00,320.57,199.23,63.87,17.49,16.68,13.36,1191,69,88118.7,86.2,48.0,99.0,4.12,0.12,13.11,29.4,30.66,DC,53,0.00933,0.00579,2328,33.3,80.8,67.4,1094,Medium
EV000177,2026-01-06 03:45:00,353.25,93.51,33.03,13.03,53.31,40.67,1772,521,102072.8,4.9,86.4,106.8,1.18,6.05,20.21,71.45,66.14,DC,99,0.01041,0.00713,1428,75.7,69.95,40.0,533,High
EV000202,2026-01-06 03:50:00,396.59,215.46,85.45,41.23,22.21,4.85,339,19,45981.8,95.7,75.1,125.1,3.65,5.25,19.6,27.81,29.46,AC,132,0.00599,0.00408,729,82.1,93.83,169.2,1817,Low
EV000054,2026-01-06 03:55:00,361.71,-169.97,-61.48,44.54,23.14,14.23,10,5,63639.3,113.8,35.8,89.3,1.0,3.76,18.62,36.08,38.04,DC,78,0.00483,0.00216,937,60.8,98.34,218.6,2065,Low
EV000079,2026-01-06 04:00:00,388.42,-188.31,-73.14,44.32,15.0,-5.04,983,223,41219.6,159.1,45.1,69.8,2.64,6.83,21.6,28.85,28.98,AC,95,0.00819,0.00495,776,21.3,85.71,184.5,1456,Medium
EV000289,2026-01-06 04:05:00,405.51,176.9,71.73,35.37,49.4,41.8,767,261,136113.1,190.2,53.8,79.1,0.3,1.31,17.12,62.58,52.83,DC,82,0.0087,0.004,1802,59.8,84.05,121.7,1253,Medium
EV000223,2026-01-06 04:10:00,347.58,169.73,59.0,7.96,15.0,-1.65,1106,95,24158.0,16.4,70.1,107.8,3.83,1.21,15.79,25.14,27.59,DC,139,0.00713,0.00562,489,28.5,85.73,40.0,1390,Medium
EV000276,2026-01-06 04:15:00,370.81,-163.22,-60.52,91.73,15.0,-2.76,1318,110,214947.3,50.9,46.0,61.0,3.32,6.43,12.61,32.36,20.89,AC,72,0.00783,0.00515,3043,36.3,78.42,292.1,1068,High
EV000039,2026-01-06 04:20:00,375.76,192.54,72.35,83.9,23.02,7.76,556,310,37746.2,23.4,85.4,115.1,0.35,3.45,24.53,34.23,26.06,DC,146,0.00593,0.00455,880,40.2,88.82,366.0,1573,Medium
EV000104,2026-01-06 04:25:00,347.52,43.38,15.07,66.5,15.0,-8.91,1506,353,107846.4,2.1,31.1,58.5,2.99,1.18,14.42,32.96,28.34,DC,153,0.01058,0.00617,2076,67.6,76.38,195.5,970,High
EV000131,2026-01-06 04:30:00,382.75,-44.84,-17.16,46.53,15.0,-5.2,1460,391,115509.3,161.1,88.7,117.3,0.71,1.35,19.3,26.47,23.13,AC,163,0.00973,0.006,3396,66.9,73.88,124.9,766,High
EV000193,2026-01-06 04:35:00,395.67,-182.32,-72.14,55.12,44.06,37.92,599,247,49015.6,22.4,72.8,99.5,0.64,4.06,15.11,52.0,53.98,AC,122,0.00714,0.00416,1365,28.8,86.74,209.9,1530,Medium
EV000108,2026-01-06 04:40:00,358.38,81.99,29.38,65.81,45.14,38.27,1052,448,87628.2,11.3,88.5,140.1,2.88,3.14,19.88,61.0,56.88,AC,69,0.00978,0.0058,1809,93.9,78.28,241.5,1032,High
EV000228,2026-01-06 04:45:00,363.39,-175.87,-63.91,7.2,41.99,25.31,1672,655,46839.5,161.8,23.2,46.9,0.83,2.58,23.13,50.97,45.55,AC,76,0.00934,0.00723,650,72.2,70.69,40.0,597,High
EV000074,2026-01-06 04:50:00,366.55,66.26,24.29,41.97,15.58,0.93,956,112,135317.6,76.3,41.7,61.6,0.67,2.7,20.71,28.5,26.56,AC,121,0.00607,0.00419,1847,65.0,85.48,152.8,1326,Medium
EV000287,2026-01-06 04:55:00,404.97,130.93,53.02,40.66,15.0,-8.83,1647,638,138014.4,22.0,66.1,90.5,2.32,2.84,17.68,24.78,27.16,AC,163,0.01238,0.00668,3470,75.6,67.78,133.4,373,High
EV000084,2026-01-06 05:00:00,372.85,152.7,56.94,49.14,48.34,36.72,332,54,190432.7,146.9,32.9,69.5,2.23,5.26,16.16,62.14,58.79,AC,113,0.00456,0.00384,2443,69.9,90.64,223.4,1687,Low
EV000207,2026-01-06 05:05:00,349.83,-172.26,-60.26,64.32,37.0,32.9,151,47,28996.4,55.2,39.4,65.1,4.08,7.84,23.17,48.08,47.72,DC,168,0.00409,0.00293,485,48.6,96.21,230.2,1975,Low
EV000007,2026-01-06 05:10:00,367.79,-137.11,-50.43,19.2,27.44,12.01,139,59,230960.6,209.4,47.8,101.6,2.26,4.41,22.7,35.36,35.49,DC,97,0.00627,0.00381,3014,84.0,92.46,90.7,1735,Low
EV000240,2026-01-06 05:15:00,375.69,211.61,79.5,87.98,40.95,28.34,1249,315,213224.6,100.9,40.9,53.3,3.38,7.54,16.0,46.28,50.39,DC,26,0.00853,0.00609,2952,54.7,76.5,334.9,950,High
EV000173,2026-01-06 05:20:00,342.11,-158.57,-54.25,54.33,41.07,36.89,1253,169,50439.9,246.0,70.8,93.4,3.53,7.57,17.27,58.41,53.96,DC,146,0.01002,0.00487,640,69.5,80.67,173.1,1193,Medium
EV000239,2026-01-06 05:25:00,328.47,82.15,26.98,34.78,15.0,-7.82,901,202,159276.5,16.2,106.3,118.7,1.38,5.66,20.71,29.49,27.98,DC,82,0.00598,0.00441,2538,45.5,84.26,171.5,1292,Medium
EV000216,2026-01-06 05:30:00,399.29,51.98,20.75,41.82,15.0,-4.16,989,490,108980.2,190.5,114.8,153.3,3.88,2.27,22.78,31.45,25.71,AC,175,0.00784,0.0051,2415,63.1,80.74,139.5,1111,Medium
EV000160,2026-01-06 05:35:00,404.18,-79.07,-31.96,64.66,54.92,39.66,793,350,36512.0,95.7,15.8,51.8,4.06,0.02,20.56,62.24,58.87,AC,70,0.00576,0.00497,1015,66.5,83.33,321.0,1293,Medium
EV000054,2026-01-06 05:40:00,385.07,-63.26,-24.36,78.98,15.0,-4.71,1755,9,119541.2,3.5,48.9,81.3,3.1,0.08,17.51,31.24,27.95,DC,157,0.0112,0.00668,2726,48.2,73.79,262.5,714,High
EV000291,2026-01-06 05:45:00,324.37,-36.27,-11.76,72.01,29.74,17.91,428,85,138340.8,32.2,83.3,138.6,3.58,1.9,23.29,37.57,33.87,DC,27,0.00511,0.00339,2679,87.8,90.89,367.1,1638,Low
EV000276,2026-01-06 05:50:00,399.05,-126.6,-50.52,51.86,36.16,27.66,317,27,92302.2,176.7,70.4,99.1,2.83,2.63,20.84,43.66,42.41,AC,31,0.00495,0.00302,3133,49.5,91.61,193.5,1752,Low
EV000191,2026-01-06 05:55:00,361.8,184.68,66.82,68.88,43.19,30.31,958,92,50588.0,248.8,103.0,140.5,1.02,3.85,21.31,51.12,47.49,AC,121,0.00743,0.00472,1958,83.6,83.37,306.6,1218,Medium
EV000157,2026-01-06 06:00:00,321.59,204.61,65.8,61.33,15.0,2.46,1608,285,104648.8,83.0,59.5,113.3,0.55,3.08,13.37,22.65,24.63,DC,48,0.01111,0.00662,1721,67.8,75.79,269.0,803,High
EV000184,2026-01-06 06:05:00,337.52,-36.34,-12.27,24.82,15.0,4.16,1492,497,111028.3,127.4,27.7,82.6,0.25,0.67,20.33,32.54,21.37,AC,52,0.00994,0.00679,1471,70.4,74.97,77.5,762,High
EV000215,2026-01-06 06:10:00,404.23,128.33,51.87,98.37,15.0,-0.63,1055,186,129206.5,188.3,29.4,71.9,4.04,2.31,14.56,33.91,28.54,DC,118,0.0065,0.00501,1931,23.5,82.16,470.1,1146,Medium
EV000260,2026-01-06 06:15:00,330.47,20.73,6.85,30.86,37.51,22.43,770,408,79348.9,12.3,100.3,128.5,4.4,5.47,23.93,42.79,42.56,AC,84,0.00787,0.00529,1320,43.7,83.91,97.7,1244,Medium
EV000292,2026-01-06 06:20:00,405.4,190.86,77.37,46.29,15.0,-0.5,639,314,211303.4,59.3,82.8,93.9,1.39,7.88,20.8,20.19,24.07,AC,175,0.00801,0.00442,2657,39.2,85.34,227.3,1339,Medium
EV000004,2026-01-06 06:25:00,363.18,53.45,19.41,80.77,32.79,23.36,1552,864,104039.6,159.6,118.3,175.1,4.41,0.27,23.22,38.87,45.4,AC,126,0.00953,0.00742,1961,45.0,70.03,260.9,524,High
EV000182,2026-01-06 06:30:00,356.86,99.49,35.5,60.39,34.37,25.18,1751,446,62427.3,71.8,38.4,87.8,2.81,4.91,22.1,45.95,38.1,AC,105,0.0104,0.00753,1657,29.0,72.52,177.4,637,High
EV000023,2026-01-06 06:35:00,321.88,145.04,46.68,34.43,15.04,9.22,593,71,152770.9,217.1,105.3,138.1,4.46,2.59,23.09,21.52,29.91,DC,77,0.00478,0.00358,3028,58.9,86.56,163.3,1425,Medium
EV000078,2026-01-06 06:40:00,331.74,165.42,54.88,11.92,29.8,13.26,890,4,39564.5,4.3,76.4,135.3,3.34,4.26,16.68,49.42,41.06,DC,163,0.00803,0.00439,1954,33.0,86.12,40.0,1392,Medium
EV000276,2026-01-06 06:45:00,382.35,-160.38,-61.32,26.47,23.14,18.16,1004,115,52380.4,191.6,43.8,86.5,1.68,0.15,20.27,38.6,26.3,AC,63,0.00984,0.00465,1939,42.3,84.68,96.9,1393,Medium
EV000141,2026-01-06 06:50:00,377.21,-148.95,-56.19,13.98,30.36,12.42,321,87,142710.5,196.4,48.1,71.6,1.21,0.62,17.6,49.54,36.67,DC,67,0.00442,0.00415,2572,90.8,90.23,74.3,1609,Low
EV000252,2026-01-06 06:55:00,331.66,-16.3,-5.4,24.21,15.0,-5.41,420,19,37565.9,133.1,91.1,129.1,3.82,7.31,13.52,26.37,20.96,DC,167,0.00721,0.00304,1540,84.3,92.27,80.0,1697,Low
EV000100,2026-01-06 07:00:00,352.55,-117.54,-41.44,9.81,15.0,5.05,322,7,163204.2,27.9,71.9,128.3,0.61,0.76,13.61,34.99,27.25,DC,106,0.00365,0.00291,2800,61.0,91.69,40.0,1759,Low
EV000030,2026-01-06 07:05:00,373.69,-108.84,-40.67,16.4,15.0,7.88,692,75,40421.1,95.4,103.7,125.4,4.11,1.53,13.61,33.86,26.64,AC,49,0.00673,0.0038,1294,37.4,89.96,87.9,1593,Medium
EV000188,2026-01-06 07:10:00,337.33,-184.13,-62.11,88.13,15.0,2.92,54,19,114971.6,56.9,111.5,148.2,2.07,7.59,13.02,26.79,28.49,AC,144,0.00496,0.00286,1569,78.1,97.84,475.4,2157,Low
EV000051,2026-01-06 07:15:00,351.23,83.85,29.45,46.81,17.92,6.31,57,12,268461.9,215.8,115.7,138.2,1.81,5.82,20.41,34.46,29.19,DC,48,0.0042,0.00275,3456,47.4,94.23,240.1,1864,Low
EV000126,2026-01-06 07:20:00,322.3,175.07,56.43,60.56,33.64,28.78,885,521,117234.7,147.8,26.9,63.0,4.27,3.25,12.79,52.98,38.4,DC,95,0.0061,0.0052,1543,56.6,80.41,184.9,1175,Medium
EV000108,2026-01-06 07:25:00,362.81,-176.88,-64.18,22.56,29.72,19.59,26,13,27022.3,176.3,116.2,161.2,1.13,7.72,20.58,35.79,38.46,DC,25,0.0023,0.00347,609,52.3,98.1,92.5,2103,Low
EV000028,2026-01-06 07:30:00,395.49,163.49,64.66,99.79,35.25,25.03,1213,148,61969.0,228.8,110.2,126.1,0.42,3.28,14.04,54.62,45.74,AC,29,0.0073,0.006,1148,76.9,82.6,449.4,1316,Medium
EV000063,2026-01-06 07:35:00,342.38,-101.67,-34.81,24.24,23.75,17.04,1033,616,227193.7,164.7,114.7,141.7,1.17,3.91,22.98,29.56,29.38,AC,63,0.00905,0.00502,3411,24.5,75.25,82.3,763,High
EV000261,2026-01-06 07:40:00,362.16,-148.17,-53.66,91.09,15.0,-5.59,937,448,118240.6,120.3,70.3,108.7,3.61,4.66,19.65,28.85,19.34,DC,89,0.00843,0.00518,1695,23.8,81.32,400.1,1217,Medium
EV000001,2026-01-06 07:45:00,337.28,-175.74,-59.27,24.55,15.0,-2.83,1286,264,65631.6,237.2,54.4,104.1,4.04,1.97,14.36,21.74,22.97,DC,41,0.00975,0.00596,1067,78.5,81.46,113.4,1129,Medium
EV000036,2026-01-06 07:50:00,398.43,-77.54,-30.89,83.9,40.07,30.61,1289,512,42017.6,29.7,88.9,103.6,4.09,5.48,14.14,59.4,49.94,DC,57,0.00774,0.00624,1510,85.4,77.17,335.2,931,High
EV000147,2026-01-06 07:55:00,377.88,47.63,18.0,68.61,41.56,30.32,194,21,278457.5,220.7,100.4,160.3,4.13,5.75,21.1,61.46,49.06,DC,72,0.00313,0.00329,3606,78.7,91.1,315.0,1728,Low
EV000186,2026-01-06 08:00:00,362.53,-189.16,-68.58,23.84,54.46,37.75,448,15,183533.4,127.8,52.3,93.8,1.62,1.37,14.5,71.11,58.82,AC,152,0.00472,0.00374,3357,27.3,87.4,124.9,1463,Medium
EV000276,2026-01-06 08:05:00,375.53,89.46,33.59,18.46,38.34,26.4,989,544,50823.9,188.5,29.2,72.5,3.48,6.98,17.53,54.06,49.75,AC,24,0.00765,0.00485,1300,84.1,80.62,65.5,1122,Medium
EV000269,2026-01-06 08:10:00,364.33,102.35,37.29,68.1,31.58,19.72,336,4,66267.8,216.3,111.3,163.7,3.63,4.12,16.42,46.58,42.39,DC,127,0.00383,0.00409,1318,46.3,94.07,359.1,1804,Low
EV000229,2026-01-06 08:15:00,350.1,-20.65,-7.23,62.37,15.0,-6.78,1404,89,132214.5,30.2,16.6,73.2,4.38,3.17,19.48,29.03,23.86,DC,141,0.00941,0.0057,1755,37.1,79.39,260.0,1048,High
EV000053,2026-01-06 08:20:00,347.1,-60.35,-20.95,57.05,15.0,-7.16,47,13,116226.8,129.6,18.3,41.2,2.11,5.75,23.05,26.25,29.4,AC,53,0.00424,0.00215,3526,47.0,94.01,247.0,1865,Low
EV000263,2026-01-06 08:25:00,403.99,-78.5,-31.71,9.0,45.94,40.5,1385,305,58587.8,42.5,80.5,107.9,3.06,5.19,18.67,52.37,59.05,AC,75,0.00841,0.00605,878,73.2,78.03,40.0,1061,High
EV000298,2026-01-06 08:30:00,376.28,-63.17,-23.77,77.77,46.21,40.44,1038,349,9136.3,224.1,108.3,150.7,4.15,6.86,20.91,58.19,54.71,DC,139,0.00985,0.00527,185,27.2,82.96,359.3,1332,Medium
EV000119,2026-01-06 08:35:00,342.44,202.4,69.31,77.42,15.0,2.48,321,119,12291.5,159.6,15.6,27.5,1.41,1.24,12.34,21.85,25.29,DC,171,0.0044,0.0037,171,93.8,95.47,433.8,1897,Low
EV000260,2026-01-06 08:40:00,379.28,24.93,9.46,19.82,44.04,34.55,773,32,165972.6,171.0,103.4,158.7,1.06,4.56,14.17,53.75,47.22,AC,123,0.00743,0.00454,3190,67.4,85.45,64.8,1430,Medium
EV000180,2026-01-06 08:45:00,339.43,127.8,43.38,16.86,16.41,1.53,861,229,7579.3,36.3,72.8,107.7,0.53,5.96,17.46,30.07,31.33,AC,113,0.00847,0.00421,118,91.9,87.68,72.3,1461,Medium
EV000240,2026-01-06 08:50:00,349.87,146.9,51.4,53.35,15.0,-4.22,276,103,45216.8,129.6,98.7,140.5,3.14,3.94,22.75,21.47,22.75,AC,79,0.00608,0.00344,1772,52.1,93.73,298.8,1810,Low
EV000060,2026-01-06 08:55:00,375.41,-84.84,-31.85,27.9,28.18,17.61,1360,32,3975.6,168.3,28.1,63.0,1.42,3.79,13.12,34.98,34.98,AC,127,0.01077,0.00552,56,45.2,82.69,102.8,1185,Medium
EV000286,2026-01-06 09:00:00,347.84,-208.29,-72.45,92.05,50.8,34.8,835,181,41712.2,3.9,118.1,128.7,2.82,0.96,15.42,57.44,55.6,DC,28,0.00839,0.0044,1863,90.4,82.93,444.7,1194,Medium
EV000013,2026-01-06 09:05:00,369.38,-140.64,-51.95,62.75,44.43,34.68,1558,720,133397.0,91.3,58.4,91.2,3.51,6.84,15.44,51.34,50.95,AC,93,0.00916,0.00688,2251,30.7,69.08,213.2,480,High
EV000056,2026-01-06 09:10:00,353.14,-214.93,-75.9,20.29,15.0,-5.18,110,54,4979.1,162.1,76.4,87.6,1.82,3.79,23.75,28.3,25.45,AC,37,0.00358,0.00321,77,56.9,97.37,90.3,2012,Low
EV000108,2026-01-06 09:15:00,328.99,36.38,11.97,88.08,50.02,41.33,1281,739,81678.0,100.2,57.1,106.3,1.9,6.36,16.94,57.16,53.79,DC,167,0.00832,0.00623,2271,75.0,72.14,347.7,689,High
EV000044,2026-01-06 09:20:00,358.8,194.26,69.7,20.26,19.85,16.46,1480,23,7911.1,133.1,68.2,89.8,1.12,2.32,12.15,32.18,26.25,DC,154,0.00877,0.00567,202,50.8,81.87,69.3,1266,Medium
EV000171,2026-01-06 09:25:00,357.17,139.9,49.97,33.92,15.0,-7.01,245,147,56684.0,7.0,86.8,142.7,4.11,6.58,20.78,20.06,23.09,AC,79,0.00466,0.00387,1840,72.0,92.87,161.3,1729,Low
EV000162,2026-01-06 09:30:00,394.92,-109.44,-43.22,70.15,15.0,-9.65,497,17,115415.5,7.5,97.2,142.2,3.48,5.05,13.79,34.62,29.92,AC,53,0.00695,0.00447,2079,73.7,90.11,360.4,1697,Low
EV000290,2026-01-06 09:35:00,393.85,39.85,15.7,10.15,33.65,24.26,181,11,153401.4,64.5,65.5,100.3,3.68,6.86,17.68,42.42,38.36,DC,152,0.00473,0.00255,2950,34.2,92.84,40.0,1750,Low
EV000170,2026-01-06 09:40:00,388.77,165.18,64.22,6.41,15.0,-8.83,1057,423,263629.9,200.9,102.5,133.5,1.85,1.68,20.56,24.84,21.92,AC,82,0.00825,0.00526,3410,65.8,78.43,40.0,956,High
EV000004,2026-01-06 09:45:00,329.06,148.37,48.82,69.59,15.0,-5.85,828,202,103797.1,154.9,51.5,68.2,2.73,6.47,15.36,23.82,28.19,DC,69,0.00581,0.00467,2297,66.7,84.68,262.2,1320,Medium
EV000095,2026-01-06 09:50:00,365.52,-101.34,-37.04,13.06,15.0,-8.81,391,100,96650.8,29.4,49.8,85.6,1.19,3.64,12.97,22.15,29.69,AC,92,0.00643,0.00361,3317,43.8,89.42,42.8,1647,Medium
EV000004,2026-01-06 09:55:00,383.74,102.69,39.41,15.05,38.03,32.58,1210,675,163121.7,194.8,48.6,93.1,2.71,3.08,21.71,44.58,48.3,DC,140,0.00949,0.00661,2827,27.7,74.94,59.1,895,High
EV000111,2026-01-06 10:00:00,376.68,-46.47,-17.51,75.52,25.8,9.97,1207,379,36702.8,171.9,36.9,81.2,0.84,4.65,19.51,32.05,39.93,AC,141,0.00964,0.0054,592,69.4,80.04,270.6,1031,Medium
EV000188,2026-01-06 10:05:00,400.48,-120.26,-48.16,95.62,38.03,29.05,1769,790,88391.5,236.7,44.0,84.5,4.4,0.35,22.65,55.19,46.69,DC,61,0.0129,0.00745,2694,51.1,66.77,244.7,383,High
EV000185,2026-01-06 10:10:00,328.77,214.2,70.42,74.28,41.09,31.67,16,9,4233.3,83.0,63.3,74.7,3.48,7.67,23.03,51.0,55.35,DC,127,0.00509,0.00249,54,22.4,98.02,410.0,2131,Low
EV000016,2026-01-06 10:15:00,401.16,215.71,86.54,93.62,40.31,36.03,405,219,89956.8,200.0,118.9,137.6,0.47,7.21,14.66,55.23,44.87,DC,177,0.00585,0.00368,2822,79.2,87.35,478.5,1559,Medium
EV000085,2026-01-06 10:20:00,392.37,162.06,63.59,16.6,23.66,11.43,1115,410,73666.7,225.4,24.3,61.5,1.48,2.36,15.98,30.95,37.2,AC,26,0.00657,0.00477,3419,76.0,76.9,65.9,862,High
EV000219,2026-01-06 10:25:00,393.23,-215.05,-84.56,56.08,48.53,36.06,949,542,71474.7,128.3,101.4,138.8,0.93,2.05,14.1,61.97,60.6,DC,123,0.00587,0.00604,2763,30.3,76.94,211.4,914,High
EV000198,2026-01-06 10:30:00,358.18,155.39,55.66,45.01,56.55,40.0,405,77,196605.0,23.4,102.4,161.7,4.15,5.92,15.43,65.47,68.66,AC,50,0.00398,0.00404,3404,78.4,87.74,167.6,1578,Medium
EV000254,2026-01-06 10:35:00,392.04,47.48,18.61,59.54,20.74,7.41,1041,143,42281.2,145.5,102.0,119.2,2.46,6.89,12.95,26.98,33.93,DC,98,0.01,0.00561,807,31.6,85.35,271.3,1472,Medium
EV000017,2026-01-06 10:40:00,332.4,122.08,40.58,16.36,26.51,16.95,1379,614,136881.0,249.0,51.4,85.1,1.06,3.3,24.19,39.96,29.56,AC,103,0.00834,0.00693,1986,73.0,74.89,46.6,898,High
EV000119,2026-01-06 10:45:00,350.73,-106.44,-37.33,11.95,24.04,14.72,665,209,17713.5,125.3,60.6,75.1,4.0,4.34,17.32,38.57,34.54,DC,46,0.00754,0.00477,413,36.2,88.26,49.7,1521,Medium
EV000266,2026-01-06 10:50:00,339.6,-55.47,-18.84,8.81,51.35,40.39,346,4,53810.8,145.9,97.5,132.3,4.13,6.19,13.46,56.53,65.24,DC,156,0.00593,0.0038,2486,46.9,89.81,44.7,1568,Medium
EV000207,2026-01-06 10:55:00,399.8,86.1,34.42,68.22,15.0,0.24,1288,312,183968.6,34.8,87.6,111.2,2.97,4.71,20.94,22.93,24.49,AC,92,0.0106,0.00564,2972,45.3,77.38,271.5,980,High
EV000081,2026-01-06 11:00:00,386.87,182.13,70.46,22.85,48.79,34.92,370,195,48929.8,203.1,77.7,108.7,1.82,3.67,19.99,59.24,53.35,AC,168,0.00593,0.00338,1161,43.0,89.97,115.7,1572,Medium
EV000070,2026-01-06 11:05:00,395.91,91.06,36.05,32.53,15.0,-7.21,594,290,159772.6,192.6,89.2,126.7,4.11,3.1,18.96,21.94,19.28,AC,42,0.00485,0.00356,2575,28.0,86.08,100.5,1475,Medium
EV000010,2026-01-06 11:10:00,397.07,108.45,43.06,85.32,15.0,4.94,856,23,120871.7,82.0,33.4,72.1,0.81,2.78,24.48,31.96,29.5,AC,72,0.00687,0.00406,2033,59.7,85.71,406.9,1365,Medium
EV000191,2026-01-06 11:15:00,325.74,-97.42,-31.73,32.8,33.57,17.48,524,1,52950.8,131.7,36.2,85.5,1.09,1.87,16.26,52.65,47.2,AC,128,0.00423,0.00337,2410,40.8,90.13,115.6,1619,Low
EV000076,2026-01-06 11:20:00,367.07,-123.67,-45.4,87.91,39.93,30.32,16,9,12796.3,60.6,92.5,111.3,4.48,2.15,16.33,46.3,53.62,AC,125,0.00507,0.00326,374,28.5,99.05,437.5,2188,Low
EV000174,2026-01-06 11:25:00,397.22,193.26,76.76,69.04,27.05,16.04,166,54,136763.8,79.3,100.1,138.2,2.6,7.78,20.75,45.32,39.76,AC,85,0.00605,0.00361,2602,66.0,94.45,335.8,1941,Low
EV000270,2026-01-06 11:30:00,338.94,-170.23,-57.7,67.13,15.0,-7.12,1197,41,223574.1,82.5,102.8,124.9,2.48,7.93,16.09,23.14,25.68,AC,26,0.00959,0.0047,2956,94.0,81.42,241.8,1248,Medium
EV000102,2026-01-06 11:35:00,373.65,141.34,52.81,16.25,22.09,8.37,967,574,67380.7,86.0,103.3,148.5,1.13,7.05,14.04,40.27,26.07,DC,28,0.00744,0.00585,875,50.7,82.09,55.4,1273,Medium
EV000195,2026-01-06 11:40:00,396.75,72.68,28.84,27.44,17.33,0.75,1430,408,22055.3,236.9,52.6,79.8,1.38,6.09,12.62,25.56,24.28,AC,104,0.0082,0.00625,509,75.0,77.39,114.7,1006,High
EV000125,2026-01-06 11:45:00,357.12,-9.88,-3.53,53.0,36.64,27.04,756,20,145104.8,103.2,117.3,151.4,2.24,2.24,17.16,53.36,47.4,AC,38,0.00592,0.00454,2073,70.8,86.94,228.7,1438,Medium
EV000156,2026-01-06 11:50:00,363.4,196.82,71.52,87.49,33.86,25.65,1475,301,42131.0,1.2,34.9,83.1,0.59,4.1,16.62,43.43,44.05,DC,35,0.00894,0.00663,1630,63.6,77.06,279.3,867,High
EV000085,2026-01-06 11:55:00,364.88,31.23,11.4,95.75,46.75,38.13,1260,207,71096.3,197.4,44.8,61.5,4.15,0.08,13.75,65.75,54.3,AC,73,0.01075,0.00484,2130,91.0,78.46,286.0,966,High
EV000273,2026-01-06 12:00:00,374.16,21.9,8.19,17.88,25.58,20.47,598,92,99158.8,243.7,39.8,66.7,1.69,5.49,15.66,34.47,31.82,DC,110,0.00478,0.00357,1837,46.8,89.15,94.5,1584,Medium
EV000059,2026-01-06 12:05:00,387.87,-79.54,-30.85,53.1,44.28,36.9,1208,119,72142.9,211.8,111.3,129.7,3.34,7.77,15.93,51.77,54.71,DC,152,0.00777,0.00547,1701,21.1,81.42,251.5,1241,Medium
EV000085,2026-01-06 12:10:00,393.55,79.11,31.13,39.11,40.37,24.03,1285,188,106825.9,12.6,54.6,111.2,2.34,1.73,17.14,56.94,44.19,DC,61,0.00832,0.00546,1836,80.6,80.01,141.4,1174,Medium
EV000167,2026-01-06 12:15:00,397.83,-110.19,-43.84,10.95,32.54,24.01,1577,945,31666.8,242.0,111.0,145.6,0.53,7.65,14.2,39.73,40.24,AC,178,0.00849,0.00694,458,56.3,70.2,40.0,557,High
EV000084,2026-01-06 12:20:00,361.72,57.19,20.69,45.84,16.08,3.39,324,188,236222.0,195.2,68.0,79.6,1.36,2.19,23.21,32.74,28.2,AC,168,0.00571,0.00352,3455,93.0,87.96,180.0,1466,Medium
EV000073,2026-01-06 12:25:00,320.59,-70.6,-22.63,55.0,38.3,28.68,1720,973,64201.1,122.5,111.4,122.4,1.57,4.21,22.29,48.32,50.34,DC,19,0.01133,0.00685,930,61.6,68.45,136.8,393,High
EV000007,2026-01-06 12:30:00,388.88,-38.3,-14.89,91.41,22.94,5.39,65,21,77658.8,4.6,30.5,59.1,2.15,2.11,21.22,35.46,36.3,DC,117,0.00329,0.00308,1069,73.4,98.55,456.6,2097,Low
EV000017,2026-01-06 12:35:00,351.81,54.1,19.03,69.96,15.0,-6.27,1705,502,81182.3,127.0,53.7,77.4,3.45,0.84,15.42,24.19,23.48,AC,123,0.01041,0.00652,2015,24.2,70.83,286.5,638,High
EV000174,2026-01-06 12:40:00,380.82,119.28,45.43,64.4,35.98,27.57,520,180,132134.3,177.4,104.4,157.1,3.79,1.62,13.68,53.55,43.94,DC,75,0.00546,0.00441,2104,94.9,88.73,322.8,1643,Medium
EV000002,2026-01-06 12:45:00,378.78,-126.54,-47.93,47.04,36.6,26.27,462,60,162278.9,179.8,109.0,154.2,1.51,6.42,17.87,42.03,40.95,DC,47,0.00421,0.00448,2487,65.6,89.42,251.4,1631,Medium
EV000292,2026-01-06 12:50:00,378.74,26.79,10.15,93.35,48.35,35.36,1601,754,38435.2,249.4,109.0,166.0,0.68,2.26,16.04,60.34,58.16,AC,91,0.01214,0.0068,823,58.2,69.78,264.9,480,High
EV000039,2026-01-06 12:55:00,327.97,120.36,39.47,49.64,15.0,3.91,1540,425,19984.8,172.7,38.7,85.2,1.79,4.12,23.63,20.29,19.84,AC,74,0.0115,0.00704,907,55.0,75.63,210.0,852,High
EV000243,2026-01-06 13:00:00,353.89,125.87,44.54,13.63,19.67,4.27,63,25,92235.9,156.7,45.9,77.2,1.38,5.16,15.81,30.17,32.47,DC,137,0.00462,0.00279,1314,83.1,97.3,47.5,2058,Low
EV000164,2026-01-06 13:05:00,361.86,152.15,55.06,86.0,17.3,1.05,1748,334,127937.1,220.3,96.4,129.4,2.25,6.75,20.36,26.01,26.33,DC,76,0.01049,0.00631,2938,39.3,72.05,218.1,691,High
EV000175,2026-01-06 13:10:00,328.49,-85.19,-27.98,86.85,51.06,38.66,1244,319,197805.7,204.0,60.5,111.0,2.45,1.87,13.83,69.49,59.23,DC,87,0.01008,0.00632,3349,43.5,74.07,241.5,800,High
EV000098,2026-01-06 13:15:00,404.56,-108.56,-43.92,68.63,43.89,40.6,1728,539,28628.4,60.6,101.4,151.3,1.41,2.58,14.62,53.27,55.59,AC,16,0.00912,0.00652,578,54.8,71.72,266.3,601,High
EV000198,2026-01-06 13:20:00,353.86,-151.96,-53.77,81.11,33.02,25.92,777,314,148426.2,54.9,86.5,97.1,3.57,1.28,17.67,39.56,46.33,DC,65,0.0066,0.00483,1899,81.5,84.5,315.0,1309,Medium
EV000299,2026-01-06 13:25:00,344.21,-96.96,-33.37,85.21,17.79,10.54,1009,359,68792.7,147.5,70.9,96.7,4.21,5.96,22.71,26.27,22.53,AC,124,0.00856,0.00467,1222,79.0,81.51,306.4,1194,Medium
EV000121,2026-01-06 13:30:00,345.59,194.7,67.29,7.78,29.04,25.03,1167,620,75328.2,235.9,112.2,147.1,4.19,5.24,14.89,37.17,34.42,DC,159,0.00909,0.00562,1057,52.8,77.13,40.0,918,High
EV000109,2026-01-06 13:35:00,322.12,-107.58,-34.65,15.72,49.04,35.95,783,365,139240.0,200.6,37.7,78.1,0.52,0.74,19.71,64.62,54.65,DC,163,0.00541,0.00417,1991,83.6,81.5,71.0,1203,Medium
EV000167,2026-01-06 13:40:00,327.06,-142.74,-46.69,54.93,15.0,-6.66,209,33,59568.6,208.8,39.5,78.1,2.8,1.27,13.11,27.1,25.7,DC,53,0.00569,0.00313,1213,23.5,96.0,300.5,2056,Low
EV000059,2026-01-06 13:45:00,337.31,96.54,32.56,35.63,15.0,3.57,1258,751,177654.7,149.7,102.2,143.4,1.16,4.64,13.04,26.23,23.74,AC,113,0.00853,0.00572,3204,33.1,73.41,154.1,718,High
EV000257,2026-01-06 13:50:00,334.65,-85.13,-28.49,33.23,15.0,8.24,311,170,35208.6,73.6,94.1,153.8,2.24,5.27,18.94,29.75,18.46,AC,22,0.00389,0.0042,861,34.9,92.68,137.1,1760,Low
EV000163,2026-01-06 13:55:00,389.83,29.17,11.37,86.09,23.47,6.34,1174,148,216386.7,45.3,84.1,97.1,1.37,2.64,19.85,40.41,32.99,AC,61,0.00996,0.00475,3266,78.5,79.13,305.0,1009,High
EV000006,2026-01-06 14:00:00,364.3,-25.63,-9.34,80.05,20.47,17.4,901,443,141498.6,168.6,72.5,118.5,0.61,3.28,23.54,37.58,26.89,AC,87,0.00601,0.00545,2980,50.5,81.43,266.0,1229,Medium
EV000048,2026-01-06 14:05:00,324.4,-160.41,-52.04,41.37,30.35,23.73,840,289,104059.1,150.5,39.6,76.8,1.1,0.45,21.02,45.63,35.79,AC,134,0.00537,0.00445,2716,83.2,83.1,175.1,1350,Medium
EV000037,2026-01-06 14:10:00,340.85,-107.67,-36.7,99.84,26.48,19.62,1795,444,67983.8,32.8,99.2,154.4,3.57,1.78,22.1,33.35,35.93,DC,150,0.01001,0.00678,962,86.2,71.74,410.0,610,High
EV000020,2026-01-06 14:15:00,366.18,-33.77,-12.37,15.39,30.3,21.45,462,13,166810.0,229.7,35.0,56.7,0.48,1.91,17.95,38.12,41.68,AC,25,0.0061,0.0031,2170,74.6,91.77,72.6,1764,Low
EV000266,2026-01-06 14:20:00,385.29,7.69,2.96,81.55,26.07,17.0,199,40,107153.3,90.1,70.0,106.3,3.83,5.1,17.27,45.61,37.91,DC,86,0.00561,0.00349,2744,91.9,93.77,282.7,1886,Low
EV000085,2026-01-06 14:25:00,325.35,-3.9,-1.27,70.42,46.07,33.05,1595,851,98144.5,208.2,114.2,132.2,3.18,5.08,14.37,62.11,60.83,AC,76,0.01047,0.00772,2425,52.3,68.62,239.5,407,High
EV000013,2026-01-06 14:30:00,339.29,-122.0,-41.39,98.61,15.0,-5.71,430,244,146340.8,81.5,118.2,130.6,1.01,3.78,14.21,28.06,19.31,AC,158,0.00564,0.00336,2203,81.2,89.61,366.2,1604,Medium
EV000159,2026-01-06 14:35:00,364.83,211.12,77.02,51.53,19.51,5.32,327,96,231448.3,81.8,110.2,151.0,4.36,4.56,22.02,35.76,25.1,DC,36,0.00381,0.00399,3117,74.5,89.51,274.1,1610,Medium
EV000159,2026-01-06 14:40:00,325.01,75.37,24.5,59.86,43.95,33.39,348,102,34705.7,20.2,22.6,60.0,3.28,5.11,23.13,59.61,58.93,DC,32,0.00602,0.00288,1285,48.2,90.9,295.1,1632,Low
EV000173,2026-01-06 14:45:00,407.54,-33.35,-13.59,97.42,48.07,38.32,1351,649,167923.5,56.7,92.4,141.7,1.19,1.98,12.54,62.8,55.9,DC,40,0.00877,0.00639,2772,59.2,71.87,362.1,701,High
EV000287,2026-01-06 14:50:00,390.43,159.61,62.32,25.22,24.08,12.26,555,131,255773.0,59.2,38.8,91.0,3.71,1.65,12.3,32.95,38.95,AC,119,0.00486,0.00445,3543,50.7,85.9,95.0,1412,Medium
EV000136,2026-01-06 14:55:00,353.69,-9.92,-3.51,65.65,21.94,17.01,499,39,36881.2,223.3,57.0,90.2,2.88,3.47,15.58,38.93,36.42,DC,38,0.00715,0.00342,758,86.1,92.66,352.5,1858,Low
EV000009,2026-01-06 15:00:00,408.81,-116.29,-47.54,6.6,15.0,4.99,1435,586,22907.2,62.4,115.8,163.4,3.26,2.04,15.59,21.29,26.62,AC,37,0.00908,0.00668,720,65.3,76.27,40.0,838,High
EV000140,2026-01-06 15:05:00,328.57,-42.51,-13.97,37.52,38.78,31.93,323,169,54065.3,189.3,41.1,74.3,4.33,4.92,15.45,54.67,42.41,DC,142,0.00678,0.00318,1260,94.5,92.85,174.4,1753,Low
EV000278,2026-01-06 15:10:00,359.51,-113.35,-40.75,46.58,53.42,40.95,644,131,109093.7,114.0,86.8,135.5,2.9,5.59,16.54,63.8,66.0,AC,88,0.00785,0.00403,3529,44.3,84.93,212.6,1432,Medium
EV000161,2026-01-06 15:15:00,379.19,115.67,43.86,45.6,26.73,9.85,1146,366,20671.0,109.8,96.8,127.4,2.36,2.12,14.32,34.5,39.63,AC,83,0.00952,0.00583,770,21.0,81.92,187.7,1185,Medium
EV000134,2026-01-06 15:20:00,399.56,181.7,72.6,32.68,39.12,21.99,57,2,220525.4,68.9,48.0,60.7,1.81,7.51,13.84,56.38,48.41,AC,31,0.00566,0.00299,3261,58.6,94.32,109.9,1830,Low
EV000267,2026-01-06 15:25:00,327.47,-32.41,-10.61,10.75,34.28,17.66,1556,876,177906.4,227.8,94.0,116.5,3.72,0.93,23.3,46.12,46.1,DC,158,0.01028,0.00753,3472,58.2,66.25,40.0,288,High
EV000229,2026-01-06 15:30:00,334.13,73.02,24.4,5.94,27.64,23.02,1704,262,114030.2,243.9,29.9,47.0,0.74,7.75,21.94,46.12,35.59,DC,165,0.00995,0.00703,2423,85.4,74.23,40.0,761,High
EV000271,2026-01-06 15:35:00,342.17,-96.75,-33.1,22.03,15.0,-2.81,867,3,41739.8,242.7,29.2,50.5,1.93,2.27,22.22,30.0,25.39,AC,30,0.00636,0.00505,1733,52.4,88.03,113.6,1557,Medium
EV000115,2026-01-06 15:40:00,351.25,-120.22,-42.23,40.41,15.0,-0.15,1627,471,59581.4,132.8,69.4,112.0,1.21,7.34,18.28,30.19,26.85,AC,84,0.01203,0.00649,1836,36.9,73.54,146.9,786,High
EV000120,2026-01-06 15:45:00,354.31,-174.72,-61.9,82.03,39.82,23.86,1222,60,125362.0,176.4,32.2,45.0,3.29,2.12,21.61,59.81,52.04,AC,54,0.00828,0.00542,2293,39.8,80.62,365.4,1169,Medium
EV000054,2026-01-06 15:50:00,383.93,-211.12,-81.06,20.26,42.35,28.33,1096,80,39097.6,16.4,57.5,76.8,1.92,1.24,17.31,48.5,50.73,AC,142,0.00954,0.0049,502,50.1,85.43,89.6,1432,Medium
EV000052,2026-01-06 15:55:00,363.13,58.09,21.09,70.79,38.25,23.51,1069,54,101600.4,115.3,74.4,119.4,0.86,2.62,20.52,43.41,41.98,DC,37,0.00987,0.00503,1802,25.5,83.49,308.3,1243,Medium
EV000099,2026-01-06 16:00:00,407.93,-92.76,-37.84,58.68,28.52,19.84,1276,472,148253.0,57.6,63.3,95.3,1.05,1.05,23.04,35.99,36.34,AC,138,0.00953,0.00619,3642,35.1,73.68,190.6,764,High
EV000296,2026-01-06 16:05:00,349.32,-106.32,-37.14,20.69,26.12,11.23,1734,212,170206.3,107.6,78.6,91.0,3.08,7.55,24.45,33.54,29.64,AC,126,0.01006,0.00606,2167,69.4,74.73,90.3,825,High
EV000163,2026-01-06 16:10:00,409.55,37.47,15.35,84.13,40.43,27.94,674,274,91246.3,86.4,64.1,79.3,1.19,3.04,21.16,47.16,45.09,AC,33,0.00839,0.00392,2097,72.9,85.85,377.0,1459,Medium
EV000087,2026-01-06 16:15:00,380.05,-94.82,-36.03,40.14,32.39,18.09,741,404,16477.4,145.9,33.3,65.6,3.29,1.12,20.58,42.84,35.85,AC,35,0.00803,0.0042,530,37.3,85.46,124.2,1340,Medium
EV000143,2026-01-06 16:20:00,378.81,-69.04,-26.15,92.21,46.45,29.16,1323,416,46180.0,74.7,91.3,140.8,4.5,0.85,15.01,61.07,51.11,AC,146,0.00811,0.0063,1149,75.2,77.12,260.3,1013,High
EV000188,2026-01-06 16:25:00,372.3,-41.83,-15.57,38.31,52.83,35.42,272,146,98939.8,86.3,114.2,156.2,1.45,0.36,21.37,69.37,61.07,AC,169,0.00499,0.00357,2226,65.8,89.29,160.1,1645,Medium
EV000230,2026-01-06 16:30:00,326.26,-181.97,-59.37,33.87,20.6,15.22,1218,365,37448.0,130.3,17.6,27.9,4.32,2.11,23.47,27.55,26.44,AC,30,0.00725,0.00543,613,44.7,80.19,121.1,1111,Medium
EV000219,2026-01-06 16:35:00,330.42,-143.2,-47.32,46.79,22.1,11.53,176,0,189987.5,41.1,109.0,131.2,3.98,0.56,24.98,29.07,27.88,AC,62,0.00602,0.00278,2502,39.9,94.37,225.8,1942,Low
EV000140,2026-01-06 16:40:00,377.37,157.42,59.4,94.35,15.0,-9.06,588,330,230182.5,75.4,72.0,103.3,3.45,2.37,14.65,26.71,26.06,AC,150,0.00685,0.00395,3328,34.2,85.64,324.1,1379,Medium
EV000191,2026-01-06 16:45:00,395.63,-205.86,-81.45,18.16,35.34,30.63,1029,368,198393.4,185.4,69.0,83.3,0.39,5.4,22.65,52.86,49.62,DC,48,0.00784,0.00576,3390,28.4,77.51,67.1,981,High
EV000074,2026-01-06 16:50:00,390.78,97.14,37.96,54.36,18.6,9.17,1263,586,122145.7,194.1,116.0,131.0,3.1,3.67,16.81,29.63,23.89,DC,20,0.01025,0.00541,3236,38.0,73.52,193.8,713,High
EV000273,2026-01-06 16:55:00,332.05,-205.99,-68.4,97.31,21.31,16.34,1639,753,238421.4,174.8,60.1,81.6,1.51,6.88,23.17,27.59,29.95,DC,76,0.00899,0.00703,3465,59.4,67.88,238.1,467,High
EV000027,2026-01-06 17:00:00,398.82,129.59,51.68,49.09,15.0,-9.86,810,460,62119.5,157.3,88.0,119.1,4.04,0.5,17.1,24.21,24.28,AC,71,0.00534,0.00552,2079,67.3,82.5,224.9,1191,Medium
EV000273,2026-01-06 17:05:00,329.48,-212.69,-70.08,12.44,28.4,10.71,772,197,69022.4,80.9,104.9,127.0,0.53,5.24,24.74,46.96,36.41,AC,42,0.00592,0.00424,1899,38.9,84.82,56.6,1423,Medium
EV000145,2026-01-06 17:10:00,388.0,-177.94,-69.04,98.7,54.07,41.46,1376,139,5700.9,74.0,83.5,95.2,4.19,6.13,14.2,65.25,57.77,DC,123,0.00895,0.00578,130,45.1,78.83,308.4,1041,High
EV000174,2026-01-06 17:15:00,380.16,114.38,43.48,43.87,49.56,37.43,927,129,61137.7,94.0,20.0,44.1,1.06,6.47,14.95,58.37,54.23,AC,127,0.00601,0.00425,1826,62.9,83.76,172.5,1294,Medium
EV000087,2026-01-06 17:20:00,364.6,28.09,10.24,78.69,15.0,1.36,1510,442,181447.9,48.2,59.4,97.2,2.59,0.25,12.86,21.09,20.1,AC,71,0.00808,0.00664,2468,34.7,72.89,206.7,746,High
EV000230,2026-01-06 17:25:00,388.1,61.41,23.83,77.24,15.0,-1.61,1531,588,28012.9,26.1,96.2,120.1,1.96,5.9,17.12,25.75,23.51,AC,47,0.00906,0.00593,896,54.0,73.71,255.6,692,High
EV000230,2026-01-06 17:30:00,407.4,134.48,54.79,78.83,15.0,-5.91,485,268,53565.8,60.1,45.8,84.2,1.01,7.45,18.84,33.29,22.91,AC,27,0.00656,0.0045,1547,61.5,88.64,288.8,1653,Medium
EV000221,2026-01-06 17:35:00,331.67,-144.37,-47.88,98.42,44.26,38.11,4,3,114103.8,170.4,107.8,149.6,1.69,5.51,13.93,58.27,51.19,AC,39,0.00288,0.00217,1649,61.7,95.2,543.5,1871,Low
EV000219,2026-01-06 17:40:00,388.01,-79.31,-30.77,40.72,15.0,-2.09,666,127,160954.3,60.7,87.5,141.4,3.25,7.2,15.6,20.46,29.17,AC,161,0.00576,0.00497,2412,24.4,88.02,176.2,1595,Medium
EV000111,2026-01-06 17:45:00,391.38,-88.15,-34.5,85.31,44.02,36.46,487,205,14531.3,69.0,66.3,113.2,0.2,1.28,24.38,60.54,52.51,DC,95,0.00657,0.00399,239,28.9,91.16,409.1,1741,Low
EV000119,2026-01-06 17:50:00,372.11,199.63,74.28,90.71,24.43,17.85,1731,942,200515.9,171.1,117.0,163.8,0.22,3.95,20.53,33.55,31.8,DC,54,0.01276,0.00775,2811,90.4,64.69,235.0,183,High
EV000086,2026-01-06 17:55:00,352.62,155.48,54.83,53.79,15.0,11.37,1086,367,88251.6,131.6,93.4,137.2,1.07,6.98,17.62,27.21,26.17,DC,113,0.00957,0.0058,1139,79.7,82.09,250.1,1270,Medium
EV000296,2026-01-06 18:00:00,366.6,-100.65,-36.9,75.7,54.77,40.55,1081,56,52540.3,155.2,98.3,123.2,0.73,6.73,24.84,59.8,61.49,AC,123,0.00714,0.00476,1188,73.6,82.95,252.6,1258,Medium
EV000214,2026-01-06 18:05:00,400.19,-47.09,-18.84,57.48,52.39,35.67,1093,389,101874.4,135.9,69.5,95.1,1.7,1.74,23.01,67.92,58.34,DC,23,0.00676,0.00495,3073,30.5,77.18,241.1,909,High
EV000221,2026-01-06 18:10:00,383.56,-65.05,-24.95,59.8,15.0,-9.03,179,33,80323.8,20.2,58.8,106.8,2.11,6.94,14.21,30.52,18.75,DC,108,0.00529,0.00294,1368,34.6,94.84,322.5,1904,Low
EV000151,2026-01-06 18:15:00,332.99,12.34,4.11,62.93,15.0,-5.6,916,264,62400.4,180.6,81.2,127.7,3.59,6.93,24.36,25.59,24.5,DC,31,0.00714,0.00523,2223,65.2,83.47,269.2,1228,Medium
EV000129,2026-01-06 18:20:00,406.58,161.39,65.62,63.19,43.83,37.43,39,14,90080.5,231.1,69.7,81.3,2.28,0.34,23.0,61.05,50.81,DC,104,0.00335,0.00312,1752,87.5,94.71,352.8,1865,Low
EV000232,2026-01-06 18:25:00,409.05,-88.69,-36.28,97.35,33.08,27.3,1314,652,43924.2,50.0,81.9,102.0,2.73,3.38,15.06,51.2,43.08,AC,123,0.01005,0.00668,931,69.2,75.87,303.3,830,High
EV000283,2026-01-06 18:30:00,378.26,139.92,52.92,30.85,25.51,14.92,475,131,216168.6,231.3,104.3,149.5,1.62,3.36,13.47,44.31,35.29,AC,123,0.0064,0.00414,3015,79.3,87.87,116.5,1541,Medium
EV000166,2026-01-06 18:35:00,354.3,5.26,1.86,66.83,15.0,3.28,1469,429,31315.6,147.0,54.4,84.3,4.06,3.81,22.61,31.4,27.4,AC,98,0.0097,0.00576,457,66.2,76.46,295.2,838,High
EV000134,2026-01-06 18:40:00,330.88,77.48,25.64,58.67,15.0,7.23,1221,321,2813.1,195.6,111.3,135.6,4.09,7.24,12.02,31.74,21.1,AC,106,0.0076,0.00539,54,33.6,81.77,216.2,1231,Medium
EV000118,2026-01-06 18:45:00,350.58,-56.23,-19.71,60.34,53.86,41.64,1202,390,161270.6,25.9,33.6,56.7,2.09,7.75,16.05,58.96,65.53,DC,172,0.00779,0.00518,2313,40.5,75.98,200.0,935,High
EV000047,2026-01-06 18:50:00,394.69,115.56,45.61,8.89,15.0,-4.21,1310,53,54010.4,225.1,71.3,114.5,2.68,6.5,22.84,26.34,18.57,AC,158,0.00755,0.00573,1410,22.9,82.22,40.0,1271,Medium
EV000206,2026-01-06 18:55:00,390.92,163.26,63.82,73.79,31.95,24.11,890,273,69951.7,225.1,71.6,83.4,4.37,6.91,20.01,45.26,46.63,AC,119,0.00888,0.00494,1127,21.4,84.97,285.0,1343,Medium
EV000160,2026-01-06 19:00:00,393.54,155.21,61.08,97.86,15.0,-6.87,1336,305,141071.9,104.0,41.8,90.7,2.05,6.66,13.98,26.82,25.29,AC,54,0.00911,0.00526,2164,60.1,78.3,449.3,940,High
EV000238,2026-01-06 19:05:00,338.82,208.37,70.6,6.83,29.87,13.09,1641,248,51519.5,47.0,42.5,56.6,2.13,2.89,14.4,36.53,38.79,DC,15,0.01203,0.00625,996,54.2,75.96,40.0,843,High
EV000294,2026-01-06 19:10:00,362.01,-170.5,-61.72,15.33,34.89,26.49,74,3,225595.2,237.9,61.0,87.6,1.12,1.24,12.24,48.83,38.33,DC,171,0.00484,0.00264,3412,68.8,93.51,57.3,1866,Low
EV000281,2026-01-06 19:15:00,376.86,-7.94,-2.99,28.74,23.44,11.35,1590,200,52363.9,157.9,75.1,105.2,3.34,5.21,12.42,28.55,31.0,DC,80,0.00936,0.00548,976,36.5,78.54,83.0,1034,High
EV000036,2026-01-06 19:20:00,359.22,-165.87,-59.58,74.71,40.18,30.15,1548,440,138166.0,149.4,24.5,79.3,1.73,7.53,18.69,45.87,43.77,AC,94,0.01122,0.00617,3062,61.6,71.72,272.0,637,High
EV000208,2026-01-06 19:25:00,349.92,-212.18,-74.25,24.88,20.88,16.93,1084,515,31318.9,12.0,60.8,113.2,3.58,5.6,18.5,36.41,24.42,AC,63,0.00635,0.00566,1145,70.0,78.95,69.7,975,High
EV000108,2026-01-06 19:30:00,344.89,101.18,34.9,98.4,15.0,-9.47,345,147,7377.3,145.1,35.8,53.7,1.34,3.55,14.69,31.08,20.34,AC,146,0.00587,0.0038,157,82.7,92.97,485.9,1836,Low
EV000241,2026-01-06 19:35:00,376.25,11.35,4.27,46.99,17.3,11.11,1156,71,214925.8,133.1,53.0,73.4,4.04,3.53,13.48,22.69,26.37,AC,76,0.00747,0.00532,3640,29.4,79.63,204.0,1155,High
EV000216,2026-01-06 19:40:00,353.79,-185.47,-65.62,74.32,42.13,27.01,156,7,135228.2,94.6,67.2,112.8,2.16,7.57,20.11,59.79,50.28,AC,117,0.00291,0.00316,3101,93.6,93.43,338.3,1854,Low
EV000177,2026-01-06 19:45:00,396.93,31.22,12.39,91.39,38.52,26.36,398,56,1587.4,222.0,56.4,91.5,0.36,0.98,16.83,55.19,50.13,DC,147,0.00754,0.00322,34,36.5,93.75,312.1,1831,Low
EV000236,2026-01-06 19:50:00,340.81,-156.69,-53.4,24.84,33.01,20.6,1757,1041,120924.2,148.0,93.0,129.8,4.21,1.32,24.54,42.89,42.38,DC,147,0.01272,0.00754,1631,70.6,66.81,71.5,321,High
EV000074,2026-01-06 19:55:00,376.93,59.05,22.26,27.37,19.31,14.86,1162,88,80328.1,28.7,42.4,68.0,0.51,0.5,21.02,35.8,22.88,DC,138,0.01036,0.00554,3402,42.9,80.27,130.0,1178,Medium
EV000255,2026-01-06 20:00:00,392.69,-19.08,-7.49,12.85,47.32,33.15,1334,667,8772.2,63.7,114.0,171.6,4.44,7.86,21.24,63.59,58.46,AC,88,0.00743,0.00625,143,92.6,74.86,40.0,780,High
EV000072,2026-01-06 20:05:00,387.13,-17.51,-6.78,83.49,39.87,35.7,154,58,124604.4,177.9,64.8,80.1,3.95,0.63,14.23,49.7,51.44,DC,38,0.0036,0.00331,2743,81.9,91.65,374.2,1782,Low
EV000246,2026-01-06 20:10:00,340.04,66.7,22.68,89.2,15.0,-7.38,359,4,191823.4,77.4,44.0,74.6,2.28,3.2,24.26,22.71,18.91,DC,88,0.00584,0.00335,3644,41.2,89.04,326.5,1605,Medium
EV000215,2026-01-06 20:15:00,367.89,-66.42,-24.43,37.96,18.08,12.95,696,118,222471.9,238.9,74.6,131.8,2.57,2.38,19.28,36.23,29.53,AC,77,0.00824,0.00396,3308,66.3,84.81,177.1,1327,Medium
EV000021,2026-01-06 20:20:00,322.42,203.41,65.58,13.06,41.17,38.17,760,15,23783.3,112.8,76.5,125.8,2.32,2.66,13.37,55.28,45.1,DC,39,0.00763,0.00431,1070,93.8,87.82,53.8,1599,Medium
EV000153,2026-01-06 20:25:00,405.17,100.91,40.88,11.52,15.0,-3.02,1268,0,69787.0,179.8,67.3,102.8,1.76,2.7,15.7,31.48,21.58,DC,109,0.00861,0.00526,1467,35.2,83.27,40.0,1288,Medium
EV000106,2026-01-06 20:30:00,395.49,201.77,79.8,72.67,31.87,25.71,1145,266,147581.8,187.4,44.3,104.1,3.27,7.79,24.24,45.91,35.65,AC,162,0.00903,0.00592,2539,94.7,80.18,289.0,1030,Medium
EV000167,2026-01-06 20:35:00,354.49,-147.3,-52.22,6.56,15.0,7.01,1147,283,241307.0,30.2,25.1,39.6,4.28,1.16,12.51,27.12,27.16,AC,139,0.00869,0.00552,3428,58.6,77.18,40.0,969,High
EV000018,2026-01-06 20:40:00,386.27,-217.84,-84.15,93.06,54.71,38.35,472,129,40317.3,7.5,52.2,100.0,1.08,4.69,21.3,63.76,67.63,DC,50,0.0046,0.00444,717,55.4,89.8,321.7,1632,Medium
EV000221,2026-01-06 20:45:00,330.4,173.09,57.19,21.78,32.78,28.43,183,48,42718.6,19.6,38.7,54.0,0.86,4.01,12.43,51.35,42.18,AC,128,0.00517,0.0031,1264,92.3,95.79,94.3,1897,Low
EV000134,2026-01-06 20:50:00,349.64,-43.94,-15.36,51.31,15.0,-7.73,1301,663,158226.6,19.0,117.5,163.1,1.12,7.37,18.93,32.07,28.53,DC,17,0.00732,0.00603,2514,79.5,73.5,174.3,750,High
EV000299,2026-01-06 20:55:00,380.43,-67.88,-25.82,71.56,47.16,38.84,1560,369,73974.1,9.7,51.8,82.6,3.54,6.25,12.46,54.76,56.01,DC,96,0.00886,0.00701,1002,79.7,74.23,256.7,852,High
EV000211,2026-01-06 21:00:00,383.12,-142.15,-54.46,85.5,15.51,2.55,528,289,51638.1,128.8,17.4,28.7,1.1,1.54,21.15,31.26,30.22,AC,149,0.00779,0.00381,696,57.7,90.09,299.8,1701,Low
EV000040,2026-01-06 21:05:00,367.03,61.36,22.52,21.6,32.43,16.24,643,148,61145.9,185.6,26.3,36.4,1.98,4.98,19.49,39.75,44.58,DC,128,0.00759,0.00409,1557,86.9,87.71,93.7,1476,Medium
EV000052,2026-01-06 21:10:00,341.65,51.02,17.43,65.73,39.54,29.54,626,175,188558.8,131.8,118.5,141.2,1.12,1.12,22.31,56.34,51.92,DC,156,0.00818,0.0042,3342,24.4,83.88,327.0,1247,Medium
EV000124,2026-01-06 21:15:00,356.54,130.66,46.58,98.34,51.82,38.41,862,378,176023.7,9.1,74.1,102.9,4.33,1.94,24.49,67.91,55.5,AC,58,0.0091,0.00467,2256,21.6,80.08,334.6,1073,Medium
EV000046,2026-01-06 21:20:00,396.55,-50.56,-20.05,62.38,41.66,31.2,2,1,66866.4,140.7,97.9,135.8,3.35,6.43,22.29,54.32,48.35,AC,20,0.00283,0.00273,1599,84.4,97.22,304.1,2032,Low
EV000051,2026-01-06 21:25:00,395.66,-195.0,-77.16,95.6,15.0,-6.85,942,81,16127.9,99.3,116.9,130.5,1.1,4.05,12.37,24.12,24.74,AC,125,0.009,0.00499,321,34.7,88.52,373.9,1531,Medium
EV000200,2026-01-06 21:30:00,370.33,194.44,72.01,71.69,15.0,1.45,202,44,181756.6,32.4,35.9,63.0,1.85,2.31,21.04,34.47,23.57,DC,54,0.00409,0.00375,3528,22.8,91.02,314.5,1706,Low
EV000279,2026-01-06 21:35:00,358.59,-57.54,-20.63,25.24,45.06,31.57,64,29,17270.1,68.3,71.1,97.2,3.9,5.07,22.31,56.0,55.39,DC,15,0.00571,0.00295,426,73.9,96.24,98.4,1952,Low
EV000056,2026-01-06 21:40:00,373.11,85.53,31.91,89.06,19.9,9.28,418,113,12310.8,37.5,70.6,98.1,0.94,1.3,12.57,29.11,27.08,AC,55,0.0062,0.00335,258,23.7,93.66,423.7,1819,Low
EV000033,2026-01-06 21:45:00,385.46,213.8,82.41,17.35,19.83,3.23,64,0,58335.1,1.3,32.3,76.8,3.06,5.35,20.62,29.25,32.73,DC,89,0.00323,0.00266,1816,66.7,96.94,82.8,1976,Low
EV000270,2026-01-06 21:50:00,323.95,-59.22,-19.18,9.21,35.98,29.46,1073,218,232243.5,221.4,44.8,74.8,4.11,3.69,15.91,45.17,40.74,DC,48,0.00923,0.00501,3539,46.4,78.42,40.0,1008,High
EV000097,2026-01-06 21:55:00,351.27,161.5,56.73,56.04,20.62,15.03,1086,612,62283.4,17.9,28.2,58.0,2.66,5.09,24.13,32.31,28.77,DC,107,0.00873,0.00521,1144,77.9,78.83,238.3,958,High
EV000199,2026-01-06 22:00:00,329.67,-5.27,-1.74,48.02,27.65,18.89,604,311,153143.9,160.4,110.8,135.5,2.23,4.57,18.79,39.11,41.22,AC,37,0.00819,0.00466,2010,22.0,85.95,173.4,1370,Medium
EV000021,2026-01-06 22:05:00,402.96,-87.27,-35.17,26.89,38.72,21.86,101,55,140644.4,79.8,104.5,148.6,2.77,5.35,17.2,57.13,46.17,DC,98,0.0064,0.00302,3130,64.2,93.02,140.4,1847,Low
EV000179,2026-01-06 22:10:00,331.92,-44.62,-14.81,49.63,29.01,16.11,80,25,88779.7,71.0,36.6,47.8,3.03,3.9,13.43,45.14,40.43,AC,151,0.00471,0.00327,1261,86.1,95.81,200.2,1999,Low
EV000152,2026-01-06 22:15:00,396.98,30.18,11.98,76.18,31.2,26.4,1147,611,39822.7,238.3,117.0,169.8,2.06,2.75,16.6,40.3,34.42,AC,150,0.00916,0.00617,932,73.7,78.06,270.0,1066,High
EV000034,2026-01-06 22:20:00,354.43,17.88,6.34,45.31,35.58,20.82,851,465,52220.2,83.5,77.1,122.4,4.04,1.07,20.57,45.4,45.44,AC,175,0.00582,0.00578,1735,20.4,82.72,175.8,1301,Medium
EV000080,2026-01-06 22:25:00,388.97,-174.63,-67.92,67.53,49.7,37.93,666,6,84812.7,38.9,103.2,150.1,3.82,4.47,22.4,57.06,60.38,AC,129,0.00746,0.00345,1779,77.1,88.8,238.6,1613,Medium
EV000065,2026-01-06 22:30:00,396.9,40.53,16.08,53.36,46.12,32.71,1179,264,143478.5,206.0,62.1,88.8,3.97,1.93,23.78,64.86,58.88,AC,40,0.00763,0.00477,2218,42.3,78.41,193.7,1067,High
EV000086,2026-01-06 22:35:00,371.06,114.0,42.3,21.11,22.64,19.49,546,51,133737.6,188.6,35.3,57.0,1.86,6.95,22.29,34.1,27.3,DC,69,0.00797,0.00332,3567,94.2,87.25,78.5,1509,Medium
EV000154,2026-01-06 22:40:00,362.21,-16.57,-6.0,64.93,29.04,25.38,405,148,173280.0,192.7,113.7,146.7,2.13,4.05,17.06,36.18,34.97,AC,108,0.00428,0.00419,3306,49.9,87.95,261.5,1601,Medium
EV000163,2026-01-06 22:45:00,356.48,11.64,4.15,51.94,35.52,30.28,57,7,66874.9,173.4,97.6,122.1,3.72,6.54,24.04,49.51,39.57,AC,143,0.00519,0.00237,1643,49.9,97.17,254.2,2015,Low
EV000034,2026-01-06 22:50:00,390.91,169.41,66.22,82.63,27.64,13.6,1548,804,83363.2,244.5,105.9,132.1,3.49,5.72,21.01,32.86,37.63,AC,178,0.00961,0.00667,1374,70.6,71.84,342.2,607,High
EV000142,2026-01-06 22:55:00,353.05,203.7,71.92,8.32,40.48,28.34,1261,638,212277.4,222.0,109.0,135.7,4.37,0.49,20.04,52.63,53.76,DC,65,0.00899,0.00555,2708,45.7,74.24,40.0,769,High
EV000110,2026-01-06 23:00:00,358.64,-178.02,-63.85,16.2,15.15,7.1,1695,118,22539.4,177.4,29.9,78.6,0.65,3.67,16.38,33.01,20.49,AC,138,0.01205,0.00602,287,88.6,77.2,63.0,922,High
EV000190,2026-01-06 23:05:00,390.83,32.57,12.73,97.53,20.42,12.77,522,314,85646.5,63.3,89.9,122.8,1.71,2.22,20.65,33.18,34.33,DC,62,0.00709,0.00383,3283,60.2,85.25,342.8,1412,Medium
EV000262,2026-01-06 23:10:00,382.58,132.57,50.72,54.22,15.0,-5.59,1164,319,171909.3,47.3,25.2,62.5,0.47,1.82,12.63,21.2,23.07,DC,171,0.00799,0.00497,2595,39.9,79.5,217.8,1012,High
EV000143,2026-01-06 23:15:00,357.1,138.05,49.3,21.02,41.67,29.38,858,41,172882.2,151.4,71.4,99.0,3.91,5.05,14.78,49.64,48.91,AC,146,0.00672,0.00517,3262,67.6,83.04,78.1,1267,Medium
EV000051,2026-01-06 23:20:00,371.63,-0.71,-0.26,15.54,15.0,-6.62,128,23,10486.1,216.9,51.2,76.4,4.21,4.31,21.39,28.77,19.08,AC,32,0.00279,0.00243,188,90.7,96.78,81.6,1967,Low
EV000279,2026-01-06 23:25:00,336.75,-137.49,-46.3,75.39,18.31,3.31,1485,667,55105.7,125.6,32.0,75.8,2.43,1.1,22.49,29.42,22.17,DC,106,0.01181,0.00587,2217,53.1,72.89,306.2,670,High
EV000209,2026-01-06 23:30:00,366.98,202.42,74.29,37.4,26.85,22.58,598,76,62689.4,185.2,72.3,104.0,4.29,2.28,18.43,39.16,32.1,DC,86,0.00726,0.00369,1060,86.8,91.37,190.1,1758,Low
EV000091,2026-01-06 23:35:00,320.29,54.75,17.54,66.81,17.31,8.35,340,89,30593.9,188.5,75.7,121.1,3.73,6.14,21.66,33.28,24.25,DC,18,0.00632,0.00344,442,38.0,94.58,269.1,1903,Low
EV000224,2026-01-06 23:40:00,379.34,94.0,35.66,10.6,42.99,32.59,1650,23,40132.4,30.3,85.5,118.5,2.7,3.83,23.01,52.67,57.76,AC,21,0.01236,0.00643,1503,37.4,77.39,48.2,878,High
EV000205,2026-01-06 23:45:00,350.59,-70.26,-24.63,74.79,18.94,1.48,568,255,59994.4,50.4,41.6,96.5,4.2,1.31,21.35,25.59,27.23,AC,93,0.00576,0.00465,1055,78.9,89.68,392.4,1693,Medium
EV000197,2026-01-06 23:50:00,396.95,94.78,37.62,59.85,15.0,-0.98,15,8,61139.9,92.2,80.7,111.1,1.71,7.01,22.98,23.74,25.56,AC,37,0.00478,0.00325,1093,41.2,97.91,339.0,2032,Low
EV000251,2026-01-06 23:55:00,408.75,164.71,67.32,87.24,25.07,16.43,33,16,116491.6,88.6,111.7,128.5,1.33,0.16,19.51,35.98,31.02,AC,144,0.00414,0.00275,2482,80.4,94.79,443.0,1949,Low
EV000198,2026-01-07 00:00:00,378.51,-149.01,-56.4,90.55,34.17,27.71,453,242,84587.5,13.9,87.1,102.1,2.92,5.28,14.06,52.47,39.7,DC,105,0.00399,0.00463,2364,68.2,87.85,324.7,1554,Medium
EV000198,2026-01-07 00:05:00,320.85,158.38,50.82,49.7,48.14,40.63,960,147,78918.3,158.2,119.0,156.7,0.34,0.95,18.2,53.84,59.02,AC,174,0.00614,0.00462,2515,66.7,81.47,202.4,1214,Medium
EV000254,2026-01-07 00:10:00,380.03,-144.64,-54.97,90.67,15.0,-9.7,8,1,98945.1,63.7,22.9,48.2,1.2,1.04,18.0,20.47,27.52,AC,70,0.00387,0.00332,2048,80.6,97.98,369.8,2036,Low
EV000080,2026-01-07 00:15:00,340.62,199.56,67.97,84.57,24.6,11.69,706,94,58081.8,65.1,44.4,56.1,1.02,4.91,24.42,31.68,31.62,DC,63,0.00699,0.00474,2271,44.9,86.32,276.0,1496,Medium
EV000025,2026-01-07 00:20:00,334.11,-148.85,-49.73,53.8,15.57,7.32,327,113,60494.2,168.2,44.6,68.2,4.1,2.82,22.23,33.27,29.55,AC,74,0.00602,0.0039,2178,22.4,91.16,246.8,1792,Low
EV000260,2026-01-07 00:25:00,341.53,-99.59,-34.01,41.85,39.22,34.2,396,162,114955.0,192.1,85.2,140.7,0.74,6.22,15.45,54.32,44.99,AC,125,0.00372,0.00341,2990,58.8,88.53,213.9,1569,Medium
EV000135,2026-01-07 00:30:00,400.59,-89.65,-35.91,30.09,26.09,15.49,806,14,64634.2,193.7,34.3,49.2,0.79,6.25,16.76,31.93,31.87,DC,88,0.0055,0.00403,945,50.7,89.8,161.7,1578,Medium
EV000055,2026-01-07 00:35:00,347.9,68.35,23.78,74.97,31.8,28.76,454,33,166309.3,164.0,60.9,94.9,2.48,6.69,17.82,45.16,36.11,AC,177,0.0056,0.00311,3367,65.5,88.99,325.5,1591,Medium
EV000235,2026-01-07 00:40:00,343.18,-59.49,-20.41,18.41,40.65,36.19,1764,948,217610.9,157.2,66.2,124.5,0.46,5.26,20.15,58.44,53.61,AC,132,0.01149,0.00796,3249,38.9,64.36,68.3,186,High
EV000271,2026-01-07 00:45:00,337.91,214.34,72.43,54.05,20.13,6.55,933,420,28032.5,176.7,79.0,89.8,3.28,5.24,17.84,36.03,30.36,DC,142,0.00769,0.00567,492,54.1,82.95,212.8,1212,Medium
EV000003,2026-01-07 00:50:00,379.81,-20.92,-7.95,86.99,25.67,21.06,1249,185,167899.1,75.7,109.6,161.8,1.1,3.52,15.95,43.65,34.41,DC,132,0.00944,0.00527,2278,53.5,80.5,351.7,1116,Medium
EV000002,2026-01-07 00:55:00,395.94,162.78,64.45,48.69,53.03,37.39,660,386,118442.0,48.8,93.7,150.2,4.22,0.71,14.84,70.86,62.13,AC,92,0.00781,0.00512,2933,55.8,82.4,231.5,1168,Medium
EV000167,2026-01-07 01:00:00,380.79,145.25,55.31,64.97,15.0,-2.54,1402,274,31295.0,94.8,105.1,131.8,3.17,6.31,17.04,29.82,19.15,AC,60,0.01103,0.00584,1303,39.4,77.78,299.7,1043,High
EV000139,2026-01-07 01:05:00,388.45,-93.73,-36.41,12.36,15.0,-4.15,465,202,102989.0,81.5,37.2,58.5,2.99,2.48,15.7,26.9,26.54,DC,144,0.00405,0.00404,1968,50.2,89.08,53.4,1669,Medium
EV000174,2026-01-07 01:10:00,335.6,-35.49,-11.91,72.29,24.39,8.92,89,5,71165.7,35.7,25.7,37.3,1.52,3.28,15.66,34.04,31.77,DC,153,0.00389,0.0022,1154,29.6,97.76,358.3,2037,Low
EV000181,2026-01-07 01:15:00,379.9,173.05,65.74,42.74,37.62,29.27,991,20,149650.2,125.8,51.3,103.4,0.76,7.15,22.77,49.98,49.96,DC,16,0.00791,0.00444,1974,36.3,84.26,170.4,1350,Medium
EV000183,2026-01-07 01:20:00,359.05,-101.08,-36.29,83.98,34.37,16.85,1105,83,56883.2,187.8,70.5,125.1,2.53,2.72,16.68,53.05,38.53,DC,156,0.0084,0.00498,991,79.2,84.01,305.0,1328,Medium
EV000069,2026-01-07 01:25:00,406.81,79.64,32.4,88.22,19.65,6.59,164,5,50997.1,157.5,76.2,99.9,2.96,4.0,15.08,28.58,33.86,AC,92,0.00365,0.00276,727,74.8,97.98,347.8,2044,Low
EV000208,2026-01-07 01:30:00,333.42,45.37,15.13,60.5,15.0,1.48,1560,712,150023.3,196.8,52.1,110.0,1.17,1.98,17.17,25.94,19.89,AC,64,0.00896,0.0074,2070,36.3,70.09,233.4,510,High
EV000238,2026-01-07 01:35:00,371.48,114.38,42.49,86.9,43.78,32.16,220,60,16682.6,70.3,54.6,86.9,3.99,0.63,17.88,53.1,58.04,AC,148,0.0052,0.00263,268,38.8,96.38,340.6,1976,Low
EV000037,2026-01-07 01:40:00,356.66,146.38,52.21,98.9,22.78,7.24,95,46,151392.7,65.8,108.3,167.5,1.52,7.69,23.44,41.78,36.73,AC,72,0.00281,0.00355,2665,40.1,95.55,371.1,1922,Low
EV000235,2026-01-07 01:45:00,399.75,214.54,85.76,61.33,15.0,-2.87,826,215,109333.3,247.8,88.9,141.5,1.64,8.0,19.59,21.28,18.84,AC,179,0.00586,0.00434,1395,67.4,86.37,295.6,1383,Medium
EV000251,2026-01-07 01:50:00,371.37,-70.25,-26.09,84.49,29.07,13.95,1589,47,4073.4,7.7,116.3,129.3,0.81,3.86,15.75,39.01,33.4,DC,73,0.00856,0.00545,175,43.4,79.95,299.8,1119,High
EV000289,2026-01-07 01:55:00,378.54,42.86,16.23,99.48,49.73,33.38,1710,14,45319.3,74.0,65.3,108.3,1.95,5.16,20.46,67.26,53.29,AC,42,0.0124,0.00578,2184,71.2,74.81,286.9,885,High
EV000033,2026-01-07 02:00:00,381.11,79.56,30.32,15.13,29.86,22.73,1359,520,87348.0,36.4,67.1,103.0,0.53,1.47,12.44,35.35,40.85,AC,157,0.00868,0.0065,1116,83.3,76.89,46.0,985,High
EV000032,2026-01-07 02:05:00,392.43,94.53,37.1,38.67,15.0,-7.99,1788,552,70253.8,73.5,77.5,132.6,2.37,3.08,19.39,27.83,19.38,DC,122,0.01088,0.00648,2115,34.0,70.5,147.3,579,High
EV000226,2026-01-07 02:10:00,326.5,-81.42,-26.58,19.66,15.0,2.35,595,335,30940.0,194.5,91.8,113.3,0.39,1.44,13.36,25.97,24.22,DC,57,0.00736,0.00506,1252,56.1,88.13,102.4,1482,Medium
EV000052,2026-01-07 02:15:00,360.37,-56.24,-20.27,49.3,15.0,0.12,560,269,150480.7,11.8,31.3,85.5,3.3,0.17,21.13,29.19,22.33,DC,107,0.0063,0.00351,3161,92.5,85.9,188.6,1451,Medium
EV000151,2026-01-07 02:20:00,356.4,-142.83,-50.9,68.3,21.74,15.9,327,30,115433.5,158.7,115.3,153.5,3.99,4.81,22.52,28.65,36.38,AC,164,0.00673,0.00365,3197,55.9,91.55,356.3,1716,Low
EV000220,2026-01-07 02:25:00,345.28,-99.23,-34.26,25.89,27.85,13.35,0,0,78092.3,1.1,100.8,132.4,4.13,2.85,17.72,36.97,42.21,AC,122,0.00251,0.00263,1371,42.0,98.81,113.6,2070,Low
EV000276,2026-01-07 02:30:00,384.5,64.02,24.62,9.61,23.77,14.97,184,32,3790.5,220.9,56.9,74.0,3.81,0.69,16.63,30.11,30.58,DC,61,0.00293,0.00368,54,84.5,98.3,46.0,2096,Low
EV000171,2026-01-07 02:35:00,390.45,92.62,36.17,44.77,28.23,23.06,509,245,117012.3,119.6,118.8,132.6,3.81,3.05,15.3,45.9,31.76,AC,69,0.00761,0.00393,2514,93.3,87.01,152.1,1523,Medium
EV000259,2026-01-07 02:40:00,400.41,102.02,40.85,29.48,34.48,30.29,966,113,25154.4,22.5,117.6,161.3,3.01,5.61,23.22,49.75,48.11,DC,178,0.00802,0.00432,1088,31.6,85.44,141.9,1470,Medium
EV000220,2026-01-07 02:45:00,358.79,208.34,74.75,97.7,15.0,-0.94,228,17,199152.2,232.4,61.2,87.5,1.46,5.93,14.73,31.8,22.29,DC,147,0.00665,0.00357,2759,44.7,92.42,477.5,1854,Low
EV000045,2026-01-07 02:50:00,400.77,141.9,56.87,84.92,33.03,15.93,355,0,26943.3,184.8,116.1,156.3,3.07,1.87,19.85,42.94,44.11,DC,105,0.00412,0.00273,656,66.7,95.17,366.3,1921,Low
EV000262,2026-01-07 02:55:00,370.01,114.82,42.48,13.59,15.0,-1.48,223,100,56506.9,107.0,61.6,119.6,3.98,5.53,16.89,20.12,25.63,AC,81,0.00491,0.00363,1972,56.9,93.02,68.6,1790,Low
EV000278,2026-01-07 03:00:00,358.35,94.73,33.95,13.9,45.08,27.94,1285,311,48633.7,231.9,43.0,93.0,4.14,7.72,18.54,61.46,54.22,AC,107,0.00874,0.00519,743,33.0,78.5,54.1,999,High
EV000199,2026-01-07 03:05:00,322.51,75.39,24.32,97.74,15.0,-2.58,1671,12,103816.5,240.4,51.1,97.6,0.8,7.73,16.11,26.33,19.08,AC,38,0.01192,0.00566,3442,70.1,75.5,433.8,865,High
EV000123,2026-01-07 03:10:00,391.16,-121.5,-47.53,32.33,25.62,21.81,657,381,95685.0,15.7,72.7,86.3,1.27,0.75,19.11,35.18,29.93,DC,67,0.00717,0.00428,1719,47.0,84.73,145.1,1398,Medium
EV000275,2026-01-07 03:15:00,332.17,123.83,41.13,40.45,52.39,41.88,946,212,140138.8,193.3,53.0,111.6,2.32,6.27,23.59,61.71,55.49,AC,116,0.0074,0.00545,3115,57.0,80.26,190.5,1123,Medium
EV000175,2026-01-07 03:20:00,323.86,-102.11,-33.07,77.04,34.42,26.1,179,44,141308.3,244.8,51.1,82.5,2.6,5.06,22.39,49.97,43.8,AC,64,0.00357,0.00265,1793,68.8,95.55,306.9,1946,Low
EV000234,2026-01-07 03:25:00,347.79,84.04,29.23,41.87,15.01,-0.68,1517,901,51771.3,130.9,68.9,120.5,1.65,2.88,12.89,27.39,25.92,AC,146,0.00818,0.00675,855,59.6,71.38,159.7,653,High
EV000257,2026-01-07 03:30:00,391.71,-109.59,-42.93,45.17,35.5,19.26,237,10,94840.9,83.4,106.9,136.8,0.75,0.57,14.54,41.59,49.82,DC,130,0.0042,0.00333,2236,66.0,93.05,229.2,1746,Low
EV000235,2026-01-07 03:35:00,326.31,85.89,28.03,54.46,48.24,41.63,340,143,17743.4,171.9,26.5,45.8,3.62,5.3,18.8,57.66,53.87,DC,19,0.00633,0.0038,229,71.5,92.95,230.5,1747,Low
EV000052,2026-01-07 03:40:00,375.96,82.53,31.03,49.94,15.0,-3.79,1790,1014,30121.3,239.2,76.1,108.3,3.72,1.6,24.43,30.13,20.37,AC,146,0.00975,0.00822,550,73.0,68.31,189.1,500,High
EV000170,2026-01-07 03:45:00,378.08,195.57,73.94,10.43,15.0,-9.05,748,205,12840.7,223.3,56.1,85.5,4.14,5.4,12.49,23.98,28.99,AC,74,0.00729,0.00444,245,48.5,89.68,49.5,1653,Medium
EV000267,2026-01-07 03:50:00,383.58,64.5,24.74,78.59,35.39,18.01,1525,515,239602.4,201.3,113.6,154.3,3.83,1.84,19.8,41.16,46.29,DC,136,0.00883,0.00674,3571,72.0,69.6,314.3,457,High
EV000203,2026-01-07 03:55:00,339.75,121.86,41.4,64.33,21.52,5.19,1626,863,180139.4,244.2,35.4,51.2,3.65,0.34,23.84,32.32,26.03,DC,129,0.00915,0.00747,3280,69.6,67.61,163.3,433,High
EV000150,2026-01-07 04:00:00,333.62,-165.69,-55.28,12.98,30.59,27.03,898,255,60160.9,242.9,64.8,108.2,0.31,2.65,21.63,37.0,34.18,AC,124,0.0087,0.00535,1643,63.2,84.47,51.7,1365,Medium
EV000027,2026-01-07 04:05:00,329.14,-152.48,-50.19,17.6,15.0,4.23,513,174,73476.8,123.4,114.0,136.2,1.96,5.69,19.46,25.88,24.62,DC,94,0.00747,0.00472,3234,69.3,88.38,80.1,1632,Medium
EV000060,2026-01-07 04:10:00,385.2,84.96,32.73,13.29,16.0,5.05,939,69,74532.5,225.2,57.2,86.1,4.28,7.41,19.38,28.56,30.79,AC,143,0.00594,0.00508,3171,43.7,82.25,48.7,1178,Medium
EV000186,2026-01-07 04:15:00,374.16,201.97,75.57,31.94,27.99,16.95,291,26,30601.2,145.4,90.3,136.8,1.68,5.67,16.04,40.6,35.6,DC,150,0.00317,0.00399,660,50.7,95.55,158.7,2027,Low
EV000050,2026-01-07 04:20:00,346.54,-114.26,-39.6,9.58,45.46,34.83,1429,839,12046.6,51.1,108.1,141.1,0.44,3.13,24.7,65.33,53.22,AC,29,0.00937,0.00619,271,70.7,72.34,40.0,633,High
EV000132,2026-01-07 04:25:00,374.28,-213.9,-80.06,97.53,15.0,-8.52,495,256,86660.4,5.3,111.0,143.9,2.24,7.67,16.19,33.71,25.63,AC,141,0.00479,0.00441,1128,81.6,90.87,457.3,1634,Low
EV000263,2026-01-07 04:30:00,346.79,153.14,53.11,96.73,15.0,-6.14,317,159,149359.2,32.4,86.4,126.2,3.47,5.63,19.27,24.31,21.15,AC,26,0.00372,0.00418,3341,36.9,89.45,478.9,1614,Medium
EV000053,2026-01-07 04:35:00,354.87,69.15,24.54,70.62,42.51,30.36,30,2,13376.8,175.9,70.0,91.8,1.76,5.6,13.54,58.9,50.03,AC,95,0.00518,0.00313,246,37.1,97.56,294.1,1997,Low
EV000192,2026-01-07 04:40:00,402.32,180.65,72.68,41.59,26.73,18.63,683,21,154994.9,202.1,67.2,80.2,1.7,5.7,15.94,43.96,34.71,AC,16,0.00502,0.0034,3125,55.5,87.06,131.3,1447,Medium
EV000067,2026-01-07 04:45:00,382.43,82.59,31.59,67.87,19.65,2.69,1516,693,3989.4,235.5,112.6,146.7,3.45,4.6,18.93,38.69,24.62,DC,178,0.00921,0.00629,72,75.9,74.87,188.4,745,High
EV000290,2026-01-07 04:50:00,380.94,-213.93,-81.49,10.64,15.0,-5.7,627,8,221183.2,59.5,60.4,100.2,2.1,7.66,16.23,29.18,28.66,DC,88,0.00527,0.00393,3490,75.6,86.32,40.0,1522,Medium
EV000190,2026-01-07 04:55:00,394.05,-117.23,-46.19,16.56,18.76,3.15,1469,782,12110.4,95.4,90.4,120.7,3.06,2.7,17.16,25.37,33.66,AC,24,0.01072,0.00705,173,29.4,73.56,48.2,674,High
EV000169,2026-01-07 05:00:00,380.35,-79.24,-30.14,66.15,38.29,25.68,794,257,115213.4,56.6,109.6,165.5,3.54,5.47,17.97,50.33,52.94,DC,97,0.00674,0.00541,1485,91.2,85.05,256.5,1421,Medium
EV000130,2026-01-07 05:05:00,357.74,-65.08,-23.28,86.35,35.08,22.91,1047,378,102163.0,25.3,84.7,109.1,1.69,4.56,24.37,49.0,49.29,DC,16,0.00954,0.00504,2600,79.4,79.5,266.5,1071,High
EV000288,2026-01-07 05:10:00,353.23,-192.59,-68.03,76.13,15.0,3.34,486,275,95831.2,212.8,103.6,140.3,1.53,3.17,17.59,25.51,25.73,DC,33,0.00723,0.00397,1371,80.7,89.46,250.5,1655,Medium
EV000017,2026-01-07 05:15:00,390.58,76.65,29.94,78.18,43.63,26.62,1382,623,87496.1,205.1,104.8,127.4,0.75,1.71,16.16,63.01,51.33,AC,96,0.00915,0.00567,1704,34.9,73.68,267.9,711,High
EV000144,2026-01-07 05:20:00,327.34,-63.18,-20.68,59.18,15.0,-9.8,806,53,187337.9,125.4,101.1,144.4,1.36,1.12,13.02,34.95,18.89,DC,163,0.00608,0.00436,2512,62.4,84.86,274.1,1326,Medium
EV000082,2026-01-07 05:25:00,408.83,12.29,5.02,6.74,15.0,-6.57,1404,606,48618.5,175.6,104.2,148.6,0.41,3.49,15.51,32.01,22.61,DC,117,0.0082,0.0059,845,57.1,76.33,40.0,831,High
EV000172,2026-01-07 05:30:00,409.6,-211.55,-86.65,11.05,33.35,26.45,1227,364,168437.5,189.4,25.8,43.7,0.71,4.36,18.72,48.69,44.16,AC,102,0.00714,0.00611,2125,51.8,78.84,45.5,1041,High
EV000078,2026-01-07 05:35:00,354.75,-105.15,-37.3,40.18,15.0,-4.03,1674,736,23621.2,89.6,25.1,43.9,3.66,4.47,24.12,28.41,29.35,DC,167,0.01159,0.00745,594,90.4,70.52,143.0,535,High
EV000079,2026-01-07 05:40:00,323.72,136.84,44.3,30.99,56.85,41.89,413,159,60958.2,234.5,19.2,55.1,3.61,3.54,13.6,71.34,68.03,DC,20,0.0069,0.0045,774,74.6,91.28,157.8,1784,Low
EV000177,2026-01-07 05:45:00,363.24,-77.81,-28.26,88.35,21.13,12.98,1795,729,140560.5,37.7,63.8,88.5,0.24,3.24,23.61,32.32,27.39,DC,101,0.01201,0.00721,2298,53.1,66.74,328.2,449,High
EV000060,2026-01-07 05:50:00,385.6,-197.59,-76.19,29.22,23.82,16.47,1542,5,168910.7,74.0,50.4,62.9,2.87,3.4,24.61,40.78,36.82,AC,32,0.00952,0.00539,2124,79.8,77.37,84.8,885,High
EV000002,2026-01-07 05:55:00,332.19,-133.59,-44.38,17.02,41.41,25.33,587,39,150573.5,90.1,69.4,112.6,3.18,5.89,23.13,47.99,53.43,DC,106,0.00608,0.00347,3406,56.7,85.77,54.8,1476,Medium
EV000159,2026-01-07 06:00:00,407.86,18.02,7.35,15.55,40.66,26.23,570,242,89990.9,217.7,61.0,98.6,1.9,5.72,19.81,52.44,44.1,DC,72,0.00811,0.00361,2283,40.4,87.44,77.6,1466,Medium
EV000066,2026-01-07 06:05:00,395.06,150.57,59.48,76.43,48.59,39.17,1705,186,83350.6,196.1,71.0,119.9,3.85,0.14,21.83,64.09,56.04,AC,83,0.01089,0.00658,1620,39.7,74.01,296.3,849,High
EV000002,2026-01-07 06:10:00,372.07,-21.68,-8.07,38.31,15.12,2.85,1047,232,286292.0,214.7,112.1,158.8,3.01,6.41,15.85,23.2,20.72,AC,98,0.00759,0.00516,3637,29.8,78.69,160.8,1067,High
EV000155,2026-01-07 06:15:00,399.79,-182.98,-73.16,95.73,15.0,4.2,552,172,101289.4,247.2,82.8,129.4,0.83,4.99,19.32,28.59,19.24,AC,38,0.00787,0.00394,2954,57.0,86.9,346.9,1543,Medium
EV000276,2026-01-07 06:20:00,323.9,-130.32,-42.21,49.28,36.28,25.53,601,100,74247.1,75.5,17.3,48.5,2.5,2.71,19.39,50.33,39.89,AC,74,0.00649,0.00425,1084,93.9,89.03,232.8,1596,Medium
EV000103,2026-01-07 06:25:00,395.54,-42.24,-16.71,11.0,15.0,3.02,674,149,33640.8,106.1,53.1,96.3,2.85,1.03,21.19,26.89,22.59,DC,160,0.00696,0.00422,657,86.5,88.5,40.0,1575,Medium
EV000041,2026-01-07 06:30:00,342.11,210.73,72.09,48.26,36.56,24.69,1533,731,60713.7,198.9,98.4,145.7,1.19,7.36,16.4,43.9,51.19,DC,117,0.00895,0.00673,932,76.0,71.38,177.7,561,High
EV000212,2026-01-07 06:35:00,395.66,205.96,81.49,83.95,15.0,-5.17,119,60,78095.4,103.8,81.7,133.7,1.69,0.63,19.68,25.29,25.98,AC,26,0.0034,0.00312,2006,60.4,94.39,363.7,1892,Low
EV000235,2026-01-07 06:40:00,325.59,129.94,42.31,21.83,15.0,-5.24,231,62,139169.4,217.0,38.0,75.2,3.4,2.43,19.31,28.49,22.96,DC,48,0.004,0.00391,1942,35.0,93.11,113.0,1834,Low
EV000050,2026-01-07 06:45:00,344.56,123.72,42.63,73.53,32.69,19.31,1607,399,73753.5,37.9,32.9,61.4,2.34,1.53,23.88,41.48,45.91,DC,57,0.01201,0.0072,1436,93.3,74.85,234.9,791,High
EV000227,2026-01-07 06:50:00,362.29,22.95,8.31,85.5,15.0,1.98,1447,56,139942.7,3.4,119.0,173.7,2.05,0.36,24.3,21.55,25.47,DC,73,0.01174,0.00618,2323,80.3,77.91,281.2,992,High
EV000291,2026-01-07 06:55:00,338.77,-49.29,-16.7,88.86,18.39,3.69,1765,538,69466.3,40.7,29.0,40.6,4.13,0.53,15.73,30.88,22.68,DC,84,0.01222,0.00644,1404,81.2,71.02,255.7,661,High
EV000193,2026-01-07 07:00:00,346.26,39.37,13.63,26.44,15.0,-4.37,506,79,11053.3,170.6,70.0,91.1,3.41,1.72,20.2,27.11,19.06,AC,80,0.00716,0.00457,196,65.6,93.41,134.8,1859,Low
EV000097,2026-01-07 07:05:00,378.15,187.88,71.05,70.13,15.0,8.01,347,45,25012.6,191.9,90.1,120.3,1.77,5.0,23.03,25.07,21.62,AC,104,0.00718,0.00298,431,63.2,95.14,256.4,2011,Low
EV000194,2026-01-07 07:10:00,372.23,171.57,63.86,10.51,17.59,6.07,605,271,148656.9,41.5,27.5,48.9,2.3,7.13,21.89,25.3,28.79,AC,95,0.00677,0.00438,1923,69.4,87.88,52.4,1588,Medium
EV000113,2026-01-07 07:15:00,397.42,161.61,64.23,43.36,47.56,33.89,339,200,171609.2,82.6,24.8,57.5,2.14,2.27,23.6,57.81,60.57,AC,66,0.00389,0.00434,3176,74.0,87.24,169.7,1438,Medium
EV000201,2026-01-07 07:20:00,377.14,208.33,78.57,45.78,24.26,13.75,462,69,178575.3,4.2,45.4,60.0,1.0,4.73,21.58,41.51,31.53,AC,72,0.00681,0.0039,2262,74.6,89.59,176.4,1637,Medium
EV000271,2026-01-07 07:25:00,346.41,87.2,30.21,85.06,15.0,-1.69,407,97,95465.5,70.9,50.0,62.0,3.5,3.31,16.06,22.1,24.3,AC,96,0.00685,0.00309,1652,86.3,91.22,424.9,1682,Low
EV000263,2026-01-07 07:30:00,350.23,-218.22,-76.43,55.8,15.0,-5.98,1708,62,68167.4,184.1,79.3,127.8,1.85,2.67,17.05,28.48,27.82,DC,113,0.01123,0.00579,2402,32.8,75.59,237.1,911,High
EV000136,2026-01-07 07:35:00,330.1,-159.05,-52.5,11.58,49.37,39.94,1282,689,13142.9,142.6,101.5,112.7,2.97,4.83,21.68,55.81,61.71,DC,27,0.00969,0.00681,196,74.0,75.13,51.9,911,High
EV000288,2026-01-07 07:40:00,333.97,-132.55,-44.27,97.61,50.73,36.87,899,190,9153.8,127.1,95.8,130.8,3.44,1.83,24.16,59.83,60.42,AC,118,0.00934,0.00493,177,29.0,86.55,387.4,1480,Medium
EV000292,2026-01-07 07:45:00,382.88,-148.84,-56.99,94.47,22.92,14.51,401,47,91377.3,191.1,105.6,156.1,3.18,4.11,22.95,28.92,28.05,DC,35,0.00364,0.00297,2094,24.5,92.37,466.0,1745,Low
EV000176,2026-01-07 07:50:00,388.82,-189.67,-73.75,98.14,15.33,0.89,384,43,219533.0,49.2,17.0,38.1,1.39,3.99,15.64,21.52,26.2,DC,74,0.00445,0.00349,2892,77.1,89.75,344.8,1598,Medium
EV000119,2026-01-07 07:55:00,358.43,13.47,4.83,36.98,15.0,-5.48,1618,884,106365.5,126.4,68.3,92.7,1.91,2.7,18.57,25.99,29.27,AC,172,0.01021,0.00664,1649,76.6,69.39,139.7,578,High
EV000056,2026-01-07 08:00:00,355.3,48.62,17.27,41.44,32.75,29.09,1464,381,140814.6,81.7,79.9,130.2,3.66,3.92,23.48,49.58,40.45,DC,85,0.01098,0.0057,1789,91.0,76.59,131.5,834,High
EV000067,2026-01-07 08:05:00,404.35,153.66,62.13,8.51,43.05,33.51,1684,549,103313.5,91.4,20.3,55.0,2.87,3.67,15.2,59.06,56.97,DC,42,0.00993,0.0061,1446,80.1,70.07,40.0,595,High
EV000287,2026-01-07 08:10:00,384.22,-107.98,-41.49,26.01,15.0,-7.23,648,292,52734.6,50.0,100.9,155.5,3.93,2.16,21.13,27.08,21.53,AC,165,0.0046,0.0042,1111,49.5,87.25,86.4,1435,Medium
EV000136,2026-01-07 08:15:00,337.13,-49.92,-16.83,95.43,15.0,3.19,225,19,32432.1,33.2,69.1,101.7,0.44,2.69,20.58,25.14,20.42,AC,51,0.00481,0.00286,1012,60.5,96.13,420.1,1987,Low
EV000106,2026-01-07 08:20:00,340.53,-148.73,-50.65,38.39,15.0,6.76,1569,722,69759.1,70.7,34.9,49.6,2.31,1.35,23.25,32.53,21.88,AC,100,0.01169,0.0071,2837,35.3,69.62,98.8,494,High
EV000229,2026-01-07 08:25:00,328.58,121.1,39.79,28.55,15.0,-6.52,603,45,123699.0,22.7,99.6,118.0,1.86,4.12,14.72,25.4,23.03,DC,50,0.00794,0.00355,2854,36.9,87.53,103.8,1516,Medium
EV000021,2026-01-07 08:30:00,367.47,-38.19,-14.03,17.97,32.26,24.11,0,0,238856.4,248.6,44.2,98.6,4.48,0.01,22.53,47.84,35.36,DC,179,0.0044,0.00282,3454,40.4,94.91,71.5,1858,Low
EV000132,2026-01-07 08:35:00,397.52,199.33,79.24,87.96,24.25,19.26,1481,313,50573.7,231.2,77.6,108.9,3.7,6.74,16.25,30.98,34.73,AC,140,0.00886,0.00644,875,35.3,78.33,261.3,966,High
EV000095,2026-01-07 08:40:00,349.2,-21.07,-7.36,18.39,42.25,38.8,1541,565,89984.2,171.2,42.7,77.1,0.5,2.88,17.32,55.58,56.14,AC,51,0.01135,0.00621,3070,82.6,70.63,76.7,602,High
EV000178,2026-01-07 08:45:00,370.79,14.65,5.43,31.18,48.07,40.25,1768,432,52636.3,79.0,75.6,88.6,1.3,6.55,12.85,67.64,62.87,DC,104,0.01106,0.00722,873,44.6,70.96,88.7,653,High
EV000050,2026-01-07 08:50:00,362.51,30.78,11.16,22.8,15.0,-1.42,521,79,39469.5,172.7,110.9,134.6,4.36,1.51,19.99,21.29,19.6,DC,19,0.00448,0.00386,1096,84.2,91.09,76.2,1686,Low
EV000090,2026-01-07 08:55:00,402.95,-191.38,-77.11,30.42,15.0,-9.52,1518,671,56216.8,225.9,112.0,154.7,0.52,4.35,16.67,30.93,22.32,DC,69,0.00881,0.00693,1019,32.2,72.98,89.2,738,High
EV000208,2026-01-07 09:00:00,384.07,-93.65,-35.97,34.79,40.03,36.09,180,66,97427.6,182.3,113.4,151.0,3.19,6.39,14.5,50.73,45.44,AC,152,0.00583,0.00331,2821,58.2,92.28,140.4,1758,Low
EV000077,2026-01-07 09:05:00,351.71,29.54,10.39,75.29,15.4,10.72,711,309,10749.2,230.3,61.4,109.3,3.73,7.24,22.08,23.51,24.98,AC,25,0.00736,0.00384,138,41.3,87.49,290.6,1531,Medium
EV000220,2026-01-07 09:10:00,327.25,-62.07,-20.31,69.68,32.48,20.89,962,336,86119.2,23.3,51.4,73.8,1.75,0.19,20.14,38.17,44.62,DC,77,0.00715,0.0048,1368,47.7,82.18,231.7,1162,Medium
EV000011,2026-01-07 09:15:00,326.75,172.85,56.48,83.64,15.46,3.79,864,398,210437.8,1.0,19.9,32.2,1.57,7.94,15.99,34.58,23.48,AC,48,0.00747,0.00539,2813,43.6,81.54,333.6,1212,Medium
EV000275,2026-01-07 09:20:00,377.96,125.91,47.59,76.67,15.0,-9.09,226,124,38981.7,84.1,110.4,147.6,1.55,1.79,16.57,32.81,21.05,AC,172,0.0044,0.00372,779,94.0,95.51,433.4,1955,Low
EV000216,2026-01-07 09:25:00,345.14,-20.82,-7.18,41.84,19.94,9.83,242,119,61733.7,63.7,93.4,150.5,1.15,7.02,12.4,34.82,24.64,AC,32,0.00654,0.00284,1807,94.6,93.4,149.5,1789,Low
EV000004,2026-01-07 09:30:00,335.45,-191.63,-64.28,12.38,16.3,10.54,720,258,5177.1,193.9,77.8,91.6,3.08,3.5,14.47,30.11,22.85,DC,159,0.00803,0.0042,81,67.4,88.18,60.9,1505,Medium
EV000296,2026-01-07 09:35:00,364.98,-31.9,-11.64,46.91,16.13,6.83,1410,537,149360.7,167.6,62.4,79.0,1.95,1.28,20.26,28.34,25.49,AC,67,0.01081,0.00596,2993,35.6,74.4,185.2,773,High
EV000222,2026-01-07 09:40:00,350.96,-94.01,-32.99,60.41,41.02,25.26,601,253,24456.1,146.5,113.1,151.2,3.38,7.25,24.74,47.45,46.95,DC,174,0.00474,0.00401,524,67.6,89.16,244.5,1657,Medium
EV000058,2026-01-07 09:45:00,358.5,44.28,15.87,20.62,28.15,20.04,1019,100,102020.1,213.4,72.2,97.0,1.52,1.11,23.86,43.66,38.66,DC,105,0.00839,0.00482,1667,48.3,85.47,68.9,1457,Medium
EV000134,2026-01-07 09:50:00,347.63,74.2,25.79,14.14,35.22,31.52,1550,41,151783.9,66.3,64.6,119.6,2.84,6.92,12.84,41.85,38.43,DC,164,0.01186,0.00591,2754,89.0,76.16,40.0,920,High
EV000267,2026-01-07 09:55:00,403.72,211.62,85.44,71.08,15.0,-9.28,1626,404,222655.8,107.5,42.8,80.6,4.14,7.37,21.96,21.2,18.93,AC,154,0.01195,0.00686,3212,73.1,72.06,299.1,624,High
EV000217,2026-01-07 10:00:00,366.16,121.71,44.57,12.93,15.0,5.61,28,2,123073.2,241.9,29.9,43.9,2.24,2.89,16.86,27.81,23.23,AC,42,0.00481,0.0021,3582,66.0,93.58,61.9,1895,Low
EV000133,2026-01-07 10:05:00,403.36,-215.15,-86.78,86.6,34.96,21.8,630,304,11964.5,77.2,87.9,141.6,0.77,5.7,18.94,53.62,38.77,AC,161,0.00726,0.0037,428,47.4,88.03,330.9,1471,Medium
EV000266,2026-01-07 10:10:00,369.21,71.08,26.25,97.26,42.69,33.93,1012,125,229819.5,67.3,49.2,68.5,0.23,5.23,13.15,56.09,52.97,DC,106,0.00757,0.00436,3253,92.0,80.55,414.5,1133,Medium
EV000034,2026-01-07 10:15:00,355.13,60.97,21.65,45.53,24.75,10.7,596,120,19531.7,217.8,62.2,89.7,0.86,1.09,20.42,42.2,32.68,DC,92,0.00751,0.00444,422,46.9,90.35,222.8,1728,Low
EV000150,2026-01-07 10:20:00,342.43,215.76,73.88,31.94,15.0,-5.24,622,47,85647.7,217.8,62.8,84.5,1.3,7.91,12.3,32.72,22.77,DC,127,0.00537,0.00351,1437,84.5,89.21,137.4,1576,Medium
EV000063,2026-01-07 10:25:00,365.71,125.36,45.85,67.42,15.0,-5.57,713,328,57868.2,192.2,25.1,56.0,0.53,5.36,22.07,32.58,21.05,DC,172,0.00745,0.00513,1503,36.1,86.63,317.6,1500,Medium
EV000059,2026-01-07 10:30:00,339.26,-215.08,-72.97,21.87,44.56,28.29,336,153,163884.5,129.5,28.8,79.9,0.5,1.03,24.46,55.54,52.41,AC,128,0.00581,0.00387,3144,85.5,88.31,91.2,1479,Medium
EV000273,2026-01-07 10:35:00,396.35,-203.2,-80.54,12.85,42.93,26.75,1204,348,6466.2,238.0,28.4,41.9,1.52,2.41,23.59,59.2,56.1,DC,45,0.01056,0.00535,112,89.1,81.16,62.3,1089,Medium
EV000167,2026-01-07 10:40:00,356.04,175.9,62.63,79.34,31.31,27.53,1524,80,94473.3,243.7,118.6,164.5,4.29,4.99,24.05,38.43,36.85,AC,29,0.01124,0.0052,2832,59.7,76.6,310.5,974,High
EV000043,2026-01-07 10:45:00,389.07,39.98,15.56,28.83,26.35,21.87,112,46,147874.4,13.6,81.1,95.6,0.88,0.7,18.97,38.28,31.85,DC,64,0.00436,0.00308,3339,75.4,93.53,134.1,1909,Low
EV000247,2026-01-07 10:50:00,371.88,167.11,62.15,7.49,35.5,29.63,396,122,6207.1,61.8,56.5,86.5,1.13,3.79,12.89,43.27,49.42,DC,94,0.00626,0.00348,137,75.9,92.56,40.0,1820,Low
EV000295,2026-01-07 10:55:00,407.21,-188.66,-76.83,19.1,23.94,13.9,774,362,201267.0,227.2,84.1,104.6,2.23,3.9,12.35,41.02,37.85,DC,37,0.0064,0.00424,2593,32.7,84.17,64.7,1358,Medium
EV000292,2026-01-07 11:00:00,330.19,-161.17,-53.22,83.9,38.73,31.64,504,0,54463.6,140.7,31.5,44.7,2.65,6.64,20.62,54.34,52.06,DC,151,0.00752,0.00308,1827,28.1,90.46,341.7,1738,Low
EV000166,2026-01-07 11:05:00,406.75,-182.96,-74.42,91.02,34.71,28.66,1198,306,226616.7,215.8,56.1,66.7,3.97,7.24,20.13,45.6,45.19,AC,173,0.01044,0.00594,3036,74.4,77.13,294.3,1016,High
EV000223,2026-01-07 11:10:00,340.76,60.33,20.56,71.64,15.0,3.23,273,103,1930.3,56.4,62.6,89.5,1.97,7.1,22.45,20.61,20.22,AC,54,0.00585,0.00314,32,49.9,95.66,285.2,2015,Low
EV000013,2026-01-07 11:15:00,383.52,1.73,0.66,83.76,40.67,27.43,1647,248,80490.0,211.7,36.1,86.3,3.42,7.87,22.32,54.85,53.05,DC,153,0.00886,0.00701,1590,77.8,73.56,368.7,705,High
EV000250,2026-01-07 11:20:00,367.28,152.52,56.02,25.45,47.53,41.92,226,66,142978.4,112.4,57.1,103.5,0.37,4.48,18.02,54.9,50.9,AC,148,0.00319,0.00318,2686,74.4,91.39,108.5,1703,Low
EV000029,2026-01-07 11:25:00,385.1,33.25,12.8,95.61,33.78,18.22,1208,681,113487.6,125.7,76.8,133.7,0.27,4.29,20.56,39.1,48.13,DC,24,0.00821,0.00643,2319,45.6,75.43,359.3,922,High
EV000111,2026-01-07 11:30:00,323.48,-187.02,-60.5,8.93,56.58,40.79,1284,494,73086.8,98.4,38.6,64.7,0.72,5.95,14.12,71.1,69.12,DC,115,0.01083,0.00577,2091,44.2,75.34,40.0,883,High
EV000033,2026-01-07 11:35:00,382.05,209.1,79.89,44.07,15.0,-3.91,860,429,37812.0,187.4,107.4,146.6,0.31,6.61,19.92,24.77,26.65,AC,152,0.0056,0.00492,1012,78.7,84.21,142.3,1393,Medium
EV000125,2026-01-07 11:40:00,389.79,51.73,20.16,66.24,15.0,-3.68,1382,738,31323.0,46.6,91.7,105.4,3.39,6.03,14.57,20.71,23.3,DC,50,0.00978,0.00708,621,47.1,75.81,208.0,863,High
EV000066,2026-01-07 11:45:00,370.28,187.3,69.36,68.26,48.9,32.65,704,129,46219.4,118.1,19.6,62.3,3.04,3.63,13.25,59.27,55.35,DC,18,0.00852,0.00414,671,78.5,88.44,334.4,1588,Medium
EV000012,2026-01-07 11:50:00,402.02,-78.53,-31.57,18.75,15.0,-3.03,1360,173,103672.1,67.5,62.6,81.2,3.97,4.34,13.92,26.29,18.37,DC,101,0.01017,0.00635,2059,70.5,78.65,74.6,1029,High
EV000107,2026-01-07 11:55:00,395.65,41.85,16.56,18.98,26.7,22.9,877,27,75476.6,249.7,56.1,98.7,3.96,6.99,19.39,42.46,39.2,AC,106,0.00644,0.00441,1082,45.4,87.95,86.4,1539,Medium
EV000235,2026-01-07 12:00:00,387.23,-42.28,-16.37,9.42,53.4,39.49,457,238,39893.4,31.5,31.4,44.8,2.53,1.05,14.91,64.79,59.64,AC,160,0.00588,0.00463,1049,35.5,88.04,44.2,1498,Medium
EV000093,2026-01-07 12:05:00,409.64,-86.13,-35.28,62.62,39.81,30.4,150,12,110811.4,152.4,18.1,63.1,2.82,0.43,21.45,53.4,43.21,DC,103,0.00294,0.00249,1487,43.2,96.0,224.6,1984,Low
EV000125,2026-01-07 12:10:00,377.01,-11.35,-4.28,37.16,23.58,11.01,622,67,123900.0,162.0,37.8,76.4,1.08,0.63,13.21,34.06,35.85,AC,58,0.00648,0.00458,1626,85.2,88.97,158.4,1654,Medium
EV000074,2026-01-07 12:15:00,327.99,-209.86,-68.83,80.76,47.33,30.07,1377,332,90247.9,25.4,118.2,134.4,1.02,6.34,18.04,55.46,51.76,DC,120,0.01102,0.00595,1831,54.2,75.96,224.7,880,High
EV000281,2026-01-07 12:20:00,341.49,-43.71,-14.93,83.04,20.42,14.95,1676,43,75497.6,15.7,82.9,130.3,0.69,7.81,16.06,38.93,32.73,DC,38,0.01091,0.00658,2800,79.5,74.42,236.8,727,High
EV000021,2026-01-07 12:25:00,320.49,-25.27,-8.1,17.16,38.76,34.37,1346,681,92466.1,34.2,119.9,145.5,0.69,5.4,12.76,46.17,42.89,DC,58,0.00775,0.00622,1700,35.9,73.98,63.0,789,High
EV000170,2026-01-07 12:30:00,406.14,-139.25,-56.55,68.64,15.0,8.64,64,18,165225.7,144.7,53.5,110.6,2.74,1.97,19.08,22.55,28.95,DC,120,0.00364,0.00262,3567,49.0,92.97,349.6,1764,Low
EV000136,2026-01-07 12:35:00,360.92,-103.36,-37.31,30.01,38.54,25.05,1619,931,82339.5,154.4,98.7,120.9,2.92,2.7,21.35,49.0,51.69,DC,113,0.01184,0.00671,2216,85.0,66.89,103.5,363,High
EV000005,2026-01-07 12:40:00,353.04,-16.07,-5.67,44.12,15.0,7.24,1597,299,155782.7,39.3,101.1,121.5,3.15,1.66,15.54,31.46,24.02,DC,75,0.01036,0.00696,3523,93.7,72.48,128.0,725,High
EV000161,2026-01-07 12:45:00,352.15,50.09,17.64,33.23,31.97,25.71,116,24,102702.3,198.1,36.6,67.7,0.51,2.54,12.14,47.37,44.74,AC,20,0.00335,0.00287,2781,93.9,92.89,178.1,1786,Low
EV000247,2026-01-07 12:50:00,322.88,35.49,11.46,73.83,48.25,35.34,873,189,51450.7,158.7,110.8,131.2,2.85,2.73,21.15,60.06,54.04,AC,98,0.00738,0.00435,1205,42.6,84.23,230.9,1384,Medium
EV000246,2026-01-07 12:55:00,334.54,82.58,27.62,83.83,15.0,-3.5,1543,95,239826.2,247.6,62.7,100.1,0.74,2.21,13.09,34.62,25.83,AC,33,0.01136,0.00659,3260,44.1,76.44,256.0,956,High
EV000077,2026-01-07 13:00:00,336.59,-4.22,-1.42,8.81,37.65,32.39,1699,261,122160.7,155.2,113.9,137.5,1.43,4.33,17.42,44.71,46.38,AC,151,0.01168,0.00628,1599,26.7,74.05,40.0,743,High
EV000014,2026-01-07 13:05:00,407.36,34.33,13.99,81.56,15.0,-8.37,501,196,105636.2,248.8,57.2,109.3,3.13,5.87,24.47,20.05,25.65,AC,112,0.00458,0.00376,2793,31.6,88.2,322.3,1615,Medium
EV000128,2026-01-07 13:10:00,341.72,83.32,28.47,89.68,19.31,12.54,1069,573,9674.1,235.8,43.7,55.2,0.51,7.14,20.16,27.98,26.31,DC,125,0.00749,0.00576,380,85.4,80.57,334.5,1168,Medium
EV000069,2026-01-07 13:15:00,350.92,73.15,25.67,54.94,27.36,11.69,319,164,53019.9,143.5,55.9,112.7,2.01,1.04,16.46,34.08,33.91,DC,130,0.00508,0.00325,856,68.9,92.32,297.2,1847,Low
EV000113,2026-01-07 13:20:00,354.45,-108.55,-38.48,68.94,17.82,7.98,1397,42,64004.4,152.2,47.0,79.3,0.65,4.88,17.07,35.72,22.03,DC,166,0.00893,0.0058,1734,86.2,80.14,232.3,1172,Medium
EV000073,2026-01-07 13:25:00,336.35,-97.9,-32.93,96.73,39.2,32.58,1669,26,15398.6,23.7,70.3,108.2,0.91,1.27,15.7,49.23,51.5,DC,28,0.01091,0.00598,217,64.1,77.96,408.1,909,High
EV000128,2026-01-07 13:30:00,321.59,28.41,9.14,24.28,28.57,22.3,998,426,112515.3,97.2,73.6,109.0,0.23,2.14,24.37,48.29,35.55,DC,107,0.00925,0.00576,2408,51.7,79.6,80.7,1103,High
EV000260,2026-01-07 13:35:00,391.88,96.79,37.93,30.35,15.0,-1.83,928,5,167961.8,180.9,28.3,52.5,4.16,0.26,16.53,28.18,21.81,DC,141,0.00645,0.00415,3053,40.3,85.2,147.3,1362,Medium
EV000194,2026-01-07 13:40:00,397.29,-72.27,-28.71,37.58,15.0,1.43,828,179,222094.0,137.0,54.3,87.3,0.58,0.37,19.66,27.95,20.47,AC,172,0.00588,0.00421,2998,27.1,84.47,136.2,1297,Medium
EV000006,2026-01-07 13:45:00,373.21,10.71,4.0,48.78,36.1,18.86,547,84,8147.1,37.8,115.5,139.1,0.28,0.55,24.12,44.48,48.57,DC,126,0.00751,0.00362,355,56.1,92.45,234.8,1809,Low
EV000030,2026-01-07 13:50:00,332.44,41.29,13.73,48.44,27.36,11.84,1051,336,111774.4,104.8,27.7,82.6,2.89,3.69,17.53,44.86,40.69,DC,123,0.00897,0.00505,2137,30.2,81.21,162.7,1103,Medium
EV000057,2026-01-07 13:55:00,389.89,-192.67,-75.12,20.15,24.63,9.67,149,59,120580.9,244.1,21.3,80.0,3.86,4.19,22.94,37.79,31.43,AC,126,0.00381,0.00287,2158,24.6,94.77,104.2,1836,Low
EV000165,2026-01-07 14:00:00,334.97,-58.4,-19.56,6.32,40.89,30.82,1199,400,72263.6,124.1,38.1,55.1,1.34,4.67,15.83,48.71,48.06,AC,36,0.01048,0.00517,2461,25.9,77.22,40.0,905,High
EV000242,2026-01-07 14:05:00,408.42,126.13,51.52,97.74,15.0,-7.87,1108,354,62552.7,243.2,111.3,139.0,3.88,0.17,12.53,25.35,24.47,DC,70,0.00833,0.00564,1462,30.0,81.17,418.1,1236,Medium
EV000292,2026-01-07 14:10:00,382.53,-145.17,-55.53,17.24,34.91,17.27,665,159,22804.1,74.1,27.6,76.6,2.8,6.5,13.25,53.45,43.49,DC,34,0.00681,0.00498,425,76.9,89.87,67.8,1690,Medium
EV000175,2026-01-07 14:15:00,344.63,33.52,11.55,38.91,19.23,9.78,1657,65,79246.9,107.5,20.4,46.5,4.09,3.72,17.02,28.57,32.82,AC,77,0.00942,0.00599,2373,61.9,76.21,133.4,928,High
EV000121,2026-01-07 14:20:00,354.17,96.94,34.33,13.68,40.58,23.47,764,163,66407.6,121.5,86.8,127.0,4.33,5.24,12.11,56.13,44.34,DC,58,0.00558,0.00447,2916,24.9,83.6,40.6,1324,Medium
EV000138,2026-01-07 14:25:00,343.23,-187.06,-64.21,10.35,22.19,15.68,806,395,153890.5,1.6,108.2,125.0,3.71,4.12,12.53,32.68,26.83,AC,132,0.00543,0.00513,2572,27.5,81.64,40.0,1243,Medium
EV000194,2026-01-07 14:30:00,380.01,8.78,3.34,11.2,32.75,18.42,1017,42,67493.6,178.3,20.7,67.4,2.86,5.22,20.01,49.51,39.67,DC,29,0.00897,0.00443,1218,85.2,86.09,55.4,1506,Medium
EV000081,2026-01-07 14:35:00,324.29,30.97,10.04,36.75,20.05,11.97,491,241,184814.7,195.1,94.3,139.9,3.67,7.84,16.58,33.33,23.08,DC,141,0.00438,0.0034,3075,41.1,88.2,143.5,1475,Medium
EV000170,2026-01-07 14:40:00,362.15,-106.02,-38.4,58.75,15.0,6.02,1656,82,79887.8,124.4,40.4,88.5,3.52,3.44,20.36,21.0,20.72,AC,169,0.00927,0.00681,1530,83.0,77.65,272.6,903,High
EV000200,2026-01-07 14:45:00,320.01,-32.07,-10.26,68.79,18.61,4.8,1070,628,173456.7,92.6,82.6,137.1,2.92,0.62,18.94,30.43,23.46,AC,162,0.00924,0.00585,3139,75.9,75.1,181.4,833,High
EV000080,2026-01-07 14:50:00,325.47,-210.89,-68.64,21.13,15.0,-4.5,1747,663,250271.9,102.8,42.7,84.3,2.42,1.28,17.26,33.71,25.42,AC,92,0.0111,0.00682,3152,88.3,68.79,62.3,438,High
EV000212,2026-01-07 14:55:00,383.88,-45.35,-17.41,47.4,27.52,24.26,262,86,138540.6,140.9,37.6,68.0,2.1,4.25,17.31,41.63,38.31,DC,130,0.00528,0.0027,3278,88.7,91.93,215.2,1816,Low
EV000015,2026-01-07 15:00:00,396.65,-103.35,-40.99,19.55,15.0,-9.97,1048,569,104871.1,239.6,59.5,110.0,1.12,3.8,16.19,20.56,27.82,AC,20,0.00887,0.00605,1684,40.3,78.02,58.4,948,High
EV000184,2026-01-07 15:05:00,353.41,144.55,51.09,62.45,35.76,24.38,692,95,255362.1,244.9,31.0,74.6,4.21,5.76,22.11,45.22,39.27,AC,51,0.00503,0.00356,3466,36.8,84.08,194.1,1307,Medium
EV000034,2026-01-07 15:10:00,323.89,-119.91,-38.84,21.16,26.8,10.45,229,70,24794.5,244.9,91.1,136.2,4.22,3.31,23.82,33.04,33.12,AC,17,0.00557,0.00347,616,58.6,96.09,74.9,1954,Low
EV000174,2026-01-07 15:15:00,356.37,67.58,24.08,20.27,15.0,-7.56,595,84,160735.7,123.8,27.5,68.4,2.86,1.71,17.33,30.98,18.37,DC,169,0.00679,0.00352,3163,52.6,86.27,61.8,1464,Medium
EV000241,2026-01-07 15:20:00,350.96,-113.99,-40.01,51.03,18.99,3.57,362,30,72936.5,212.2,70.3,106.9,0.48,2.89,16.56,27.04,26.13,DC,34,0.00566,0.00426,1638,74.7,94.07,287.1,1879,Low
EV000106,2026-01-07 15:25:00,377.04,66.14,24.94,75.63,34.84,27.56,1444,165,143813.7,38.0,76.4,112.1,3.38,7.22,22.8,41.02,39.28,DC,115,0.01087,0.00618,1879,55.3,77.07,301.1,902,High
EV000171,2026-01-07 15:30:00,340.53,-207.2,-70.56,11.96,15.0,-1.16,164,40,55675.3,230.7,52.3,97.9,3.25,5.34,22.54,25.93,18.37,DC,43,0.006,0.00274,1791,25.8,94.64,42.3,1961,Low
EV000127,2026-01-07 15:35:00,323.11,149.49,48.3,24.06,44.37,29.66,533,126,176965.3,10.4,113.5,162.2,0.45,2.67,20.06,53.79,51.96,AC,92,0.00602,0.00466,2944,42.0,87.75,106.6,1530,Medium
EV000217,2026-01-07 15:40:00,345.06,-99.18,-34.22,60.42,26.74,12.24,1019,28,106800.7,65.6,92.5,106.7,3.68,6.94,12.41,43.57,35.3,AC,87,0.00988,0.00518,1409,37.5,85.2,263.8,1342,Medium
EV000081,2026-01-07 15:45:00,328.91,48.65,16.0,57.82,20.47,10.67,1438,647,5949.2,238.5,117.0,150.6,1.27,4.71,20.09,27.03,29.36,DC,30,0.00845,0.00608,134,20.7,75.26,252.3,907,High
EV000211,2026-01-07 15:50:00,391.99,-40.75,-15.97,26.06,37.16,21.27,1174,164,84873.3,53.5,35.8,65.7,2.12,1.74,19.84,42.92,48.53,DC,100,0.01038,0.00477,3067,83.0,80.27,122.6,1191,Medium
EV000298,2026-01-07 15:55:00,323.71,-97.57,-31.58,9.54,50.11,34.4,1575,557,89875.8,71.3,44.8,102.3,3.18,5.12,17.5,55.31,57.65,AC,133,0.00888,0.0071,2604,37.2,69.44,40.0,576,High
EV000160,2026-01-07 16:00:00,354.82,-201.9,-71.64,12.03,27.53,21.53,1257,491,80496.7,99.5,109.4,160.5,0.84,2.83,15.77,40.24,38.78,DC,155,0.00757,0.00586,1919,64.5,76.96,40.0,999,High
EV000045,2026-01-07 16:05:00,328.27,-212.85,-69.87,67.89,20.65,13.09,1569,936,39977.2,206.1,119.5,144.8,2.46,5.49,22.57,35.31,27.66,DC,40,0.01211,0.00678,747,89.3,69.86,225.0,613,High
EV000171,2026-01-07 16:10:00,385.97,57.97,22.38,59.46,23.01,19.9,1740,274,30938.2,239.0,92.3,121.8,3.98,6.46,22.93,31.46,33.18,DC,59,0.01133,0.00588,542,21.7,75.75,227.8,936,High
EV000247,2026-01-07 16:15:00,385.79,-81.87,-31.59,7.94,41.34,37.5,799,153,209051.9,13.3,118.7,130.6,3.34,4.21,19.17,52.91,55.86,DC,163,0.00664,0.00472,3485,39.4,83.94,40.0,1350,Medium
EV000102,2026-01-07 16:20:00,378.95,-78.18,-29.63,8.75,16.21,-1.54,485,287,155324.3,197.1,78.0,97.7,3.46,3.57,21.51,21.86,26.28,DC,75,0.00676,0.00374,2811,77.1,85.97,40.0,1384,Medium
EV000210,2026-01-07 16:25:00,393.97,78.79,31.04,66.42,26.75,14.5,1315,42,17677.5,130.3,66.4,85.3,4.25,6.67,20.45,43.91,32.81,AC,34,0.0094,0.00581,268,24.6,82.51,211.4,1186,Medium
EV000246,2026-01-07 16:30:00,405.82,-216.45,-87.84,54.09,46.0,40.73,775,58,34181.8,74.0,45.7,67.2,3.62,0.09,20.7,59.26,60.04,DC,112,0.00823,0.00382,699,26.1,87.29,250.5,1560,Medium
EV000116,2026-01-07 16:35:00,320.21,-12.31,-3.94,30.9,32.52,19.53,927,364,210879.3,142.5,117.0,133.4,4.01,4.77,21.84,52.13,39.77,DC,127,0.0095,0.00572,2765,76.3,80.7,123.5,1172,Medium
EV000230,2026-01-07 16:40:00,371.93,123.45,45.91,23.06,41.44,38.16,1601,199,218409.0,164.0,58.8,115.4,1.42,4.14,22.52,51.77,45.13,AC,156,0.0105,0.00634,2779,85.5,73.32,74.5,797,High
EV000210,2026-01-07 16:45:00,372.19,4.49,1.67,52.42,49.02,33.03,1188,601,1245.3,35.8,112.0,148.3,4.21,7.85,15.04,57.54,54.14,DC,104,0.00866,0.00587,34,39.0,78.28,148.0,990,High
EV000160,2026-01-07 16:50:00,409.07,94.89,38.81,72.76,21.57,6.52,1034,520,11074.8,237.2,102.0,144.7,3.23,6.9,21.73,39.57,34.82,AC,75,0.0066,0.00498,216,57.6,82.59,230.4,1317,Medium
EV000243,2026-01-07 16:55:00,378.56,-165.42,-62.62,81.49,55.41,41.22,1115,341,8829.4,89.5,95.7,135.7,0.87,0.22,18.49,66.55,66.3,DC,24,0.00654,0.00611,362,28.5,79.87,303.4,1112,High
EV000218,2026-01-07 17:00:00,390.24,-96.44,-37.63,77.09,15.0,2.35,1016,431,141369.0,104.1,46.7,57.6,1.25,7.63,13.99,25.95,19.23,AC,180,0.00958,0.00561,3430,92.2,78.56,227.6,1091,High
EV000063,2026-01-07 17:05:00,386.46,-134.52,-51.99,77.5,29.58,15.61,78,8,107273.0,103.4,47.7,97.0,2.38,2.33,15.17,43.47,44.51,AC,138,0.00395,0.0032,1880,93.8,95.77,428.1,1993,Low
EV000060,2026-01-07 17:10:00,388.46,44.44,17.26,20.88,15.0,4.55,1384,291,145143.4,98.6,60.2,79.3,0.29,4.71,15.15,34.42,20.03,AC,21,0.01132,0.00624,2323,74.6,78.04,60.4,963,High
EV000013,2026-01-07 17:15:00,399.82,13.18,5.27,61.41,52.7,38.94,647,254,39644.7,2.1,107.0,126.2,0.5,3.45,21.24,69.82,59.82,AC,89,0.00785,0.00465,1703,65.7,85.53,201.1,1380,Medium
EV000006,2026-01-07 17:20:00,346.84,44.64,15.48,82.43,41.74,24.84,1701,634,111163.0,204.0,49.0,99.5,3.27,4.04,15.81,54.09,51.16,AC,59,0.01092,0.00713,2507,20.4,67.74,210.1,420,High
EV000095,2026-01-07 17:25:00,390.83,113.69,44.43,82.48,24.26,12.61,1522,472,239442.4,6.6,33.9,72.1,1.57,5.63,20.43,33.47,29.64,DC,121,0.01086,0.00712,3628,26.1,70.72,306.6,530,High
EV000047,2026-01-07 17:30:00,400.54,-217.61,-87.16,42.08,15.0,-3.16,712,162,11785.7,196.6,42.9,59.8,1.11,1.18,17.42,25.48,24.41,DC,178,0.00528,0.00495,192,36.7,88.64,213.7,1572,Medium
EV000263,2026-01-07 17:35:00,369.84,195.17,72.18,68.83,48.22,36.14,915,170,57875.5,41.8,99.2,128.0,3.03,2.05,15.68,54.61,52.46,DC,162,0.00896,0.00421,835,58.3,83.52,275.5,1303,Medium
EV000225,2026-01-07 17:40:00,407.32,-83.38,-33.96,31.56,35.59,19.07,488,134,30838.2,184.8,24.1,35.7,4.33,4.59,23.7,46.63,39.88,AC,98,0.00719,0.00378,465,45.8,90.97,101.4,1637,Low
EV000244,2026-01-07 17:45:00,365.9,-214.28,-78.4,83.79,15.0,-2.65,1411,278,30419.0,119.4,23.0,64.2,0.89,6.72,20.8,23.68,19.96,DC,161,0.01157,0.00624,1227,38.3,78.22,272.8,994,High
EV000018,2026-01-07 17:50:00,396.63,196.01,77.74,47.79,23.74,10.98,1124,257,2051.7,81.8,111.3,161.4,2.61,4.58,20.68,40.81,28.35,AC,60,0.00762,0.00464,57,22.0,84.84,223.7,1360,Medium
EV000110,2026-01-07 17:55:00,361.11,-141.64,-51.15,17.41,17.59,9.85,560,230,64860.8,205.7,53.6,97.7,3.91,6.2,22.22,33.16,27.88,DC,87,0.00589,0.00479,871,40.7,90.47,68.4,1696,Low
EV000187,2026-01-07 18:00:00,353.7,-74.8,-26.46,98.11,15.0,1.11,65,35,7880.1,41.7,18.9,56.8,3.28,1.02,22.34,28.11,25.55,DC,122,0.00463,0.00338,197,83.9,99.36,543.7,2163,Low
EV000222,2026-01-07 18:05:00,356.04,-46.97,-16.72,15.53,31.73,17.18,1135,525,84691.9,41.1,85.8,117.9,0.7,3.75,17.59,45.62,44.09,DC,132,0.00693,0.00581,2563,42.3,76.27,55.7,927,High
EV000093,2026-01-07 18:10:00,385.55,-123.13,-47.48,83.54,30.56,25.2,1287,765,1546.8,108.4,32.8,66.5,1.36,6.59,15.94,48.72,35.31,DC,132,0.00732,0.0067,40,75.0,76.09,262.7,855,High
EV000071,2026-01-07 18:15:00,335.2,19.3,6.47,88.53,33.82,20.62,70,18,21655.7,175.4,16.5,28.9,2.12,6.2,12.32,44.44,42.32,DC,65,0.00254,0.00279,789,40.6,97.11,401.4,2067,Low
EV000184,2026-01-07 18:20:00,353.05,-156.82,-55.37,58.15,27.96,21.78,1796,764,73275.5,52.4,115.3,174.8,1.13,3.35,17.56,34.45,36.03,DC,157,0.00925,0.00754,3461,85.1,65.1,156.4,284,High
EV000297,2026-01-07 18:25:00,340.94,209.54,71.44,38.94,15.0,-7.96,1348,306,180672.3,208.5,110.8,129.2,2.35,7.48,22.86,33.67,23.72,DC,177,0.00944,0.00554,2858,51.6,75.39,142.7,801,High
EV000057,2026-01-07 18:30:00,322.44,-51.19,-16.51,71.31,15.0,-9.62,1626,164,90957.7,56.3,98.1,152.9,3.29,6.46,17.89,28.93,28.87,DC,164,0.01179,0.0056,2084,44.4,76.52,263.6,851,High
EV000015,2026-01-07 18:35:00,391.23,-108.24,-42.35,28.69,15.0,8.87,944,547,87924.3,236.1,36.3,72.3,4.39,2.75,17.14,23.52,23.82,DC,122,0.00869,0.00461,1232,72.6,82.22,110.9,1249,Medium
EV000038,2026-01-07 18:40:00,325.71,126.6,41.23,24.27,15.34,5.54,1035,280,203066.8,148.6,69.2,126.8,1.16,3.32,17.08,32.97,27.14,DC,33,0.00707,0.00545,3597,22.0,79.16,70.0,1056,High
EV000249,2026-01-07 18:45:00,351.88,-154.13,-54.24,14.05,27.62,15.44,1785,26,53410.2,139.6,79.6,104.5,4.24,5.46,18.56,40.96,35.45,AC,18,0.01096,0.00709,1443,79.4,75.79,41.6,940,High
EV000265,2026-01-07 18:50:00,349.57,23.34,8.16,86.2,32.44,25.99,859,178,66346.9,209.4,42.3,94.6,2.47,7.24,23.65,51.32,47.07,AC,28,0.00573,0.00524,1362,86.8,84.6,319.5,1425,Medium
EV000038,2026-01-07 18:55:00,378.21,-104.63,-39.57,70.85,26.52,14.54,1515,176,211290.0,82.0,95.7,109.1,2.45,6.32,22.63,40.06,35.89,DC,31,0.00896,0.00632,3224,86.1,75.09,212.6,879,High
EV000030,2026-01-07 19:00:00,393.19,-197.55,-77.68,52.91,47.7,30.75,65,5,235071.7,172.3,42.7,83.1,2.95,2.93,16.8,65.31,52.02,DC,89,0.00606,0.00223,3589,92.9,93.11,294.1,1822,Low
EV000134,2026-01-07 19:05:00,328.17,69.56,22.83,45.09,22.98,5.6,559,12,95569.8,183.3,28.6,63.1,0.6,0.76,13.25,34.14,30.44,DC,128,0.00592,0.00331,3557,34.7,87.7,195.1,1591,Medium
EV000221,2026-01-07 19:10:00,375.11,30.68,11.51,44.95,35.85,30.33,182,40,62057.0,137.0,110.7,133.8,3.21,5.71,20.04,41.08,50.84,AC,112,0.0033,0.00315,1108,42.1,94.11,148.5,1941,Low
EV000044,2026-01-07 19:15:00,344.4,-154.36,-53.16,48.5,34.95,29.04,1277,174,59987.8,11.6,17.6,72.3,2.99,5.44,18.33,53.59,39.19,DC,60,0.00965,0.00533,1951,73.1,79.46,146.0,1132,High
EV000072,2026-01-07 19:20:00,384.91,-74.67,-28.74,59.16,15.0,-9.1,138,39,117136.4,77.0,77.3,92.4,1.93,6.99,20.23,23.95,29.1,AC,82,0.00524,0.00305,2083,22.5,94.06,230.4,1876,Low
EV000036,2026-01-07 19:25:00,368.92,-94.25,-34.77,62.86,43.75,39.91,1764,704,16379.9,158.0,17.3,74.8,0.41,6.25,18.78,50.7,54.68,DC,53,0.01175,0.00668,361,86.8,70.33,216.5,619,High
EV000045,2026-01-07 19:30:00,361.54,-188.41,-68.12,84.1,15.0,-9.62,723,147,55651.7,207.7,16.0,43.1,3.82,3.79,18.06,31.24,19.64,DC,76,0.0083,0.00381,868,78.7,87.66,368.1,1524,Medium
EV000218,2026-01-07 19:35:00,372.11,209.44,77.93,53.51,15.0,-8.69,1107,435,111819.6,38.2,46.1,63.9,1.43,3.08,21.72,34.19,18.58,DC,138,0.0093,0.00583,2209,61.5,78.67,182.6,964,High
EV000232,2026-01-07 19:40:00,390.09,106.12,41.4,15.82,27.75,12.69,411,149,25323.5,238.7,82.5,107.8,1.66,6.08,15.7,46.13,34.44,DC,71,0.00616,0.00424,520,51.8,93.89,75.8,1933,Low
EV000299,2026-01-07 19:45:00,323.41,201.26,65.09,58.78,27.18,20.25,991,465,13222.1,117.8,19.0,45.1,0.79,0.67,18.4,45.18,40.06,AC,110,0.00607,0.00565,403,79.5,81.8,279.4,1220,Medium
EV000205,2026-01-07 19:50:00,343.16,-85.29,-29.27,49.27,15.0,8.74,91,3,131161.1,238.7,64.4,91.4,4.33,7.36,14.75,33.49,19.8,AC,92,0.00493,0.00276,2949,75.5,95.46,245.0,1981,Low
EV000122,2026-01-07 19:55:00,323.9,105.89,34.3,37.76,42.74,39.29,835,211,2490.9,219.6,109.4,151.1,0.25,0.48,17.31,49.02,46.81,AC,156,0.00578,0.0049,48,64.6,86.94,167.7,1478,Medium
EV000181,2026-01-07 20:00:00,344.37,-53.74,-18.51,56.2,50.91,39.74,955,464,87260.3,41.5,105.3,118.8,0.62,2.39,21.32,66.36,53.96,AC,16,0.00819,0.00496,1516,61.4,80.43,196.9,1194,Medium
EV000108,2026-01-07 20:05:00,378.0,-11.58,-4.38,35.73,15.0,-3.57,1017,501,72255.1,239.7,50.6,95.3,1.54,1.41,15.33,34.25,18.04,DC,18,0.00872,0.00594,1060,71.6,81.08,132.0,1178,Medium
EV000004,2026-01-07 20:10:00,351.49,-117.23,-41.21,18.04,33.95,29.54,1667,203,18456.4,218.1,44.5,57.3,4.46,0.34,14.34,41.93,41.23,AC,180,0.00968,0.00593,660,74.5,77.31,58.0,914,High
EV000256,2026-01-07 20:15:00,349.12,-3.36,-1.17,98.4,24.42,16.49,1288,287,77637.6,34.8,58.1,85.4,1.45,2.28,20.35,44.27,34.13,DC,18,0.01064,0.00582,1560,46.6,80.06,278.1,1121,Medium
EV000132,2026-01-07 20:20:00,402.57,148.83,59.91,48.16,18.8,15.31,312,96,85989.8,15.7,84.0,101.1,3.86,5.26,20.47,28.88,32.98,DC,20,0.00621,0.00399,1930,55.7,91.88,264.5,1789,Low
EV000136,2026-01-07 20:25:00,404.27,36.42,14.72,68.13,42.35,35.41,1123,376,55456.8,225.4,59.0,87.5,3.34,3.48,13.44,57.78,51.49,DC,42,0.00949,0.00557,843,76.6,81.17,328.8,1126,Medium
EV000015,2026-01-07 20:30:00,355.59,18.83,6.7,39.84,52.67,38.77,92,10,56568.8,85.4,59.3,82.2,2.2,7.72,18.24,66.9,60.26,AC,136,0.0056,0.00278,1366,92.6,94.96,221.2,1893,Low
EV000010,2026-01-07 20:35:00,333.91,-17.87,-5.97,80.12,32.76,16.85,1511,706,14230.6,162.8,47.3,87.1,1.28,5.21,20.71,39.7,43.71,DC,71,0.01155,0.00661,640,36.5,72.91,273.6,785,High
EV000289,2026-01-07 20:40:00,406.03,122.13,49.59,12.79,15.0,-8.73,1740,906,168909.1,137.9,59.2,108.3,3.47,3.39,18.98,35.0,29.7,DC,86,0.00985,0.00728,2210,63.3,66.22,40.0,409,High
EV000116,2026-01-07 20:45:00,357.59,-120.67,-43.15,84.06,15.0,1.98,474,11,69395.3,67.9,32.3,89.3,1.96,1.05,20.49,20.65,19.41,DC,137,0.00412,0.00333,2825,34.5,89.15,442.4,1525,Medium
EV000062,2026-01-07 20:50:00,374.2,56.42,21.11,18.77,53.21,41.62,1728,169,104127.5,21.2,27.1,69.8,0.94,4.28,14.13,64.83,63.06,AC,55,0.01112,0.00574,1303,45.2,73.43,73.8,698,High
EV000238,2026-01-07 20:55:00,349.84,180.8,63.25,13.75,31.15,18.41,1449,582,144411.0,11.5,23.3,52.4,3.2,4.56,14.18,41.77,36.62,DC,119,0.01156,0.00698,2021,60.1,74.42,55.8,726,High
EV000154,2026-01-07 21:00:00,350.66,-73.43,-25.75,52.34,44.94,36.42,810,398,92382.9,3.1,62.6,83.1,2.93,2.31,12.35,64.81,54.81,AC,136,0.00838,0.00426,2699,44.3,81.88,167.8,1231,Medium
EV000235,2026-01-07 21:05:00,397.31,-196.25,-77.97,66.4,15.0,1.22,1795,520,96603.0,160.6,77.6,135.0,4.28,2.9,24.19,25.3,23.47,DC,41,0.01172,0.00698,2366,89.3,70.46,221.7,597,High
EV000074,2026-01-07 21:10:00,378.67,109.43,41.44,48.95,18.63,14.81,1455,526,92532.4,137.3,21.5,54.3,0.76,2.55,20.91,28.67,31.44,DC,171,0.01136,0.00624,1543,61.8,74.33,185.3,804,High
EV000172,2026-01-07 21:15:00,337.32,-195.52,-65.95,76.38,24.97,19.59,680,114,215819.0,44.7,36.9,83.1,0.64,2.73,21.26,30.85,36.5,AC,97,0.00743,0.00416,3273,78.4,86.01,283.2,1368,Medium
EV000252,2026-01-07 21:20:00,388.89,105.18,40.9,62.23,35.01,22.97,272,107,80332.3,73.6,76.5,114.9,3.15,0.06,16.94,54.53,39.12,DC,142,0.0062,0.00328,2390,47.1,92.61,266.9,1777,Low
EV000219,2026-01-07 21:25:00,346.32,-25.71,-8.91,6.93,22.57,11.15,1424,287,58817.3,132.3,92.7,143.7,1.56,7.14,13.37,34.96,36.66,DC,151,0.01072,0.00553,1590,53.8,78.64,40.0,965,High
EV000055,2026-01-07 21:30:00,367.69,-169.1,-62.18,16.01,18.72,8.94,1483,532,63615.6,180.3,110.0,140.1,2.22,5.57,14.28,37.29,24.96,AC,51,0.00836,0.00563,867,23.5,76.37,47.6,868,High
EV000110,2026-01-07 21:35:00,402.0,2.09,0.84,85.86,34.0,29.7,1252,391,32845.6,76.5,64.6,81.6,4.24,4.53,13.55,48.27,41.19,DC,171,0.00969,0.00609,1528,60.7,77.72,285.3,969,High
EV000296,2026-01-07 21:40:00,362.51,-147.78,-53.57,52.09,15.0,-2.2,1550,59,116839.7,179.3,105.6,121.3,4.16,4.23,23.06,31.51,27.82,DC,106,0.00824,0.00622,2148,21.5,76.7,218.1,943,High
EV000121,2026-01-07 21:45:00,371.05,-193.95,-71.96,17.38,29.36,14.25,680,111,183346.2,138.0,37.2,75.5,3.59,1.59,13.22,40.67,40.44,DC,135,0.00827,0.00399,3360,56.2,86.38,69.0,1470,Medium
EV000169,2026-01-07 21:50:00,350.07,-144.06,-50.43,32.16,32.95,20.41,1393,584,74939.0,93.2,84.9,104.6,0.4,1.11,17.37,45.14,41.21,AC,81,0.00829,0.00604,972,69.4,75.94,108.9,849,High
EV000133,2026-01-07 21:55:00,389.92,190.44,74.26,81.56,31.9,25.98,993,429,2553.4,159.9,97.7,132.9,1.19,6.94,22.64,40.48,36.84,DC,118,0.00804,0.00512,111,29.5,84.05,344.6,1325,Medium
EV000017,2026-01-07 22:00:00,400.36,152.91,61.22,91.35,20.76,17.11,1275,51,125961.8,238.9,82.4,120.1,2.09,7.48,21.33,36.27,29.5,AC,76,0.00774,0.00535,3405,64.5,78.63,424.1,1018,High
EV000200,2026-01-07 22:05:00,350.63,124.29,43.58,37.38,15.0,6.47,811,39,92284.8,166.0,45.7,83.0,4.33,4.67,23.92,32.73,25.91,DC,152,0.00693,0.00503,3021,53.8,86.08,167.7,1406,Medium
EV000076,2026-01-07 22:10:00,380.04,85.3,32.42,52.1,35.11,19.42,180,102,1474.2,166.2,105.3,127.0,4.46,4.49,14.69,51.5,45.12,DC,78,0.00474,0.0029,70,21.9,97.47,293.9,2106,Low
EV000206,2026-01-07 22:15:00,323.53,43.46,14.06,82.51,17.36,3.45,367,48,90471.1,39.7,65.3,94.4,4.47,3.74,12.73,32.46,20.59,DC,96,0.00377,0.0039,1444,83.6,93.68,320.2,1841,Low
EV000034,2026-01-07 22:20:00,348.54,-191.54,-66.76,38.63,35.34,22.74,1770,46,142118.8,181.1,34.7,82.7,3.1,6.67,20.69,44.54,50.09,AC,78,0.00942,0.00619,3093,32.8,74.43,117.6,747,High
EV000099,2026-01-07 22:25:00,361.2,-9.18,-3.31,99.43,33.92,19.9,484,290,215640.6,7.9,51.0,77.1,1.2,4.45,20.95,43.1,41.47,DC,174,0.00474,0.00432,3159,89.9,86.27,413.5,1389,Medium
EV000271,2026-01-07 22:30:00,371.32,53.75,19.96,31.11,33.62,25.43,427,198,139501.1,164.6,94.6,123.4,1.9,1.14,15.38,41.61,37.01,DC,134,0.00409,0.00323,3271,32.4,87.08,162.3,1560,Medium
EV000295,2026-01-07 22:35:00,400.66,-161.74,-64.8,5.01,47.99,35.54,1213,621,145078.7,77.7,57.5,100.2,1.51,1.6,15.08,56.48,59.64,AC,147,0.00776,0.0065,3398,47.1,71.68,40.0,616,High
EV000224,2026-01-07 22:40:00,386.59,24.64,9.53,6.7,39.68,29.98,1605,517,205241.8,48.2,115.3,125.7,1.76,3.8,20.68,53.18,54.59,DC,40,0.0107,0.00603,2845,40.1,70.39,40.0,549,High
EV000262,2026-01-07 22:45:00,342.39,-167.65,-57.4,43.32,15.0,-0.64,1267,424,126225.7,219.7,89.2,102.9,3.48,0.82,13.88,32.68,26.1,DC,97,0.00787,0.00546,1735,37.6,77.89,121.0,938,High
EV000203,2026-01-07 22:50:00,360.76,142.94,51.57,19.32,23.11,13.36,1578,690,86972.0,55.3,99.2,139.1,2.74,6.8,20.26,32.05,36.2,AC,84,0.0115,0.00725,1380,79.9,71.08,55.3,557,High
EV000089,2026-01-07 22:55:00,399.48,-47.37,-18.92,43.34,42.51,29.21,444,253,60389.4,48.2,22.1,36.1,0.23,7.55,23.76,57.29,50.0,AC,88,0.00378,0.00336,2388,86.3,86.74,144.6,1487,Medium
EV000029,2026-01-07 23:00:00,356.88,-84.87,-30.29,95.52,25.69,10.23,491,260,4065.6,11.5,105.9,141.8,4.18,5.73,18.8,42.5,34.53,AC,85,0.00611,0.00376,136,49.7,92.39,524.0,1745,Low
EV000174,2026-01-07 23:05:00,400.39,-79.57,-31.86,49.06,34.46,26.04,1428,70,5702.4,44.3,44.1,102.5,2.11,6.8,19.2,42.25,48.81,AC,95,0.0083,0.00594,145,59.7,81.74,183.2,1217,Medium
EV000050,2026-01-07 23:10:00,338.64,-37.8,-12.8,41.81,15.0,-3.6,1406,466,10740.4,22.6,42.9,64.7,3.41,1.71,23.18,28.19,21.73,AC,81,0.01142,0.0065,229,73.2,76.99,122.3,975,High
EV000191,2026-01-07 23:15:00,393.34,48.73,19.17,15.69,26.91,21.14,1154,551,36205.1,224.4,25.9,75.1,3.28,5.83,22.92,35.3,40.86,DC,54,0.00865,0.00583,1707,77.3,78.1,48.8,1069,High
EV000011,2026-01-07 23:20:00,371.96,-79.34,-29.51,45.77,39.26,31.19,1596,571,79305.6,86.2,105.2,160.2,3.99,0.78,13.8,46.4,52.3,DC,28,0.00971,0.00683,1102,88.8,72.71,163.7,698,High
EV000154,2026-01-07 23:25:00,327.44,-155.73,-50.99,78.84,48.99,39.61,1308,152,74742.1,25.4,108.9,131.7,0.5,6.26,16.31,55.74,61.1,DC,165,0.01115,0.00627,2566,78.2,78.13,229.7,919,High
EV000166,2026-01-07 23:30:00,404.42,-74.71,-30.21,91.7,54.31,37.16,1326,4,104544.4,32.1,57.9,79.8,3.04,2.1,19.71,71.76,58.07,DC,56,0.00824,0.00611,2404,57.5,78.07,250.7,923,High
EV000094,2026-01-07 23:35:00,370.74,-85.29,-31.62,80.12,20.47,9.01,1783,446,160194.1,187.3,46.0,57.1,2.04,4.07,24.26,40.43,28.64,AC,47,0.01092,0.00689,3558,47.6,67.97,221.9,506,High
EV000042,2026-01-07 23:40:00,405.31,-28.7,-11.63,69.28,15.0,3.43,834,431,44031.6,27.7,27.6,56.1,2.51,2.94,14.32,29.66,28.02,AC,83,0.0086,0.0057,1577,38.7,83.87,255.1,1339,Medium
EV000033,2026-01-07 23:45:00,368.54,156.52,57.69,38.03,15.0,-4.77,538,163,32645.2,212.9,101.3,137.0,4.0,7.63,21.38,20.93,20.26,AC,136,0.00717,0.0033,1218,23.3,88.95,197.0,1638,Medium
EV000196,2026-01-07 23:50:00,360.84,-41.68,-15.04,18.13,18.1,0.14,900,464,153862.0,69.1,113.1,135.8,2.1,7.29,24.9,35.38,31.61,DC,98,0.00715,0.00449,2467,36.4,81.17,64.1,1168,Medium
EV000262,2026-01-07 23:55:00,352.7,104.72,36.93,58.67,15.0,-7.97,681,362,184946.5,203.7,41.6,90.4,4.13,6.26,14.33,21.35,26.64,AC,50,0.00631,0.00433,2693,88.5,84.31,200.2,1375,Medium
EV000148,2026-01-08 00:00:00,394.01,-151.03,-59.51,38.78,40.82,26.77,1234,247,96700.9,242.0,37.5,56.1,2.29,2.99,12.01,50.37,47.6,AC,22,0.00855,0.00607,1627,84.7,80.6,124.5,1127,Medium
EV000168,2026-01-08 00:05:00,374.77,-27.13,-10.17,42.51,48.46,39.44,202,66,80578.1,248.9,113.0,172.6,2.6,6.56,19.28,55.01,54.33,AC,119,0.00669,0.003,2651,90.0,91.38,174.2,1678,Low
EV000150,2026-01-08 00:10:00,351.89,-192.64,-67.79,85.51,43.42,27.24,1167,213,13895.8,82.0,113.5,130.7,0.43,5.84,15.04,55.93,55.42,DC,34,0.01053,0.00575,260,61.5,81.57,306.6,1142,Medium
EV000094,2026-01-08 00:15:00,368.39,106.19,39.12,35.76,31.11,17.77,899,322,82926.5,175.1,106.7,148.8,1.14,3.49,21.88,37.82,43.82,DC,55,0.00934,0.00454,1118,74.0,83.26,168.7,1355,Medium
EV000097,2026-01-08 00:20:00,328.33,149.71,49.15,62.9,30.91,14.54,623,368,10514.8,152.7,26.2,60.9,1.36,6.57,14.03,37.76,42.31,DC,55,0.00541,0.0051,518,36.0,87.87,209.0,1498,Medium
EV000029,2026-01-08 00:25:00,346.5,98.49,34.13,59.29,15.0,0.92,722,384,48073.1,44.9,119.8,145.0,3.6,5.57,16.61,25.1,28.79,AC,31,0.00561,0.00462,1582,22.1,84.49,187.3,1297,Medium
EV000285,2026-01-08 00:30:00,397.14,15.68,6.23,6.18,15.0,-4.5,1720,355,182618.4,202.8,89.9,102.1,1.4,5.96,19.01,20.05,27.83,DC,170,0.012,0.00724,2732,81.9,71.72,40.0,708,High
EV000263,2026-01-08 00:35:00,343.18,117.25,40.24,70.22,34.3,21.14,482,102,35084.9,64.7,50.1,100.9,0.3,0.09,24.83,45.18,47.64,AC,47,0.0043,0.00335,1048,56.9,91.23,310.2,1668,Low
EV000081,2026-01-08 00:40:00,399.16,14.76,5.89,53.32,48.95,36.31,60,9,170430.6,233.4,63.6,96.4,3.22,5.47,23.58,62.69,58.84,AC,75,0.00347,0.00334,2230,70.6,93.36,296.1,1772,Low
EV000157,2026-01-08 00:45:00,329.5,-188.34,-62.06,97.59,28.25,18.48,357,33,86396.7,222.1,16.0,74.4,1.25,3.22,20.47,48.14,31.72,DC,92,0.00598,0.00321,2137,40.8,91.66,390.4,1799,Low
EV000223,2026-01-08 00:50:00,392.02,3.82,1.5,82.76,44.54,31.24,891,14,77249.2,50.5,79.2,103.1,1.65,2.77,23.61,54.28,50.9,DC,26,0.006,0.00413,1136,26.7,86.86,312.5,1437,Medium
EV000185,2026-01-08 00:55:00,326.0,-149.39,-48.7,82.73,33.03,23.83,1254,646,28674.7,202.5,119.5,143.2,3.39,4.52,20.28,40.49,41.97,AC,20,0.00789,0.00666,763,76.8,75.94,277.8,827,High
EV000229,2026-01-08 01:00:00,402.74,45.26,18.23,91.0,41.2,37.58,1526,827,198709.3,233.9,104.4,124.7,2.42,1.45,18.22,51.94,46.55,AC,176,0.00882,0.00624,3300,33.2,68.41,367.0,491,High
EV000167,2026-01-08 01:05:00,359.01,18.47,6.63,65.25,15.0,1.85,1777,1055,185459.5,36.9,20.7,40.6,1.8,7.05,24.99,24.79,25.59,DC,167,0.01194,0.00693,2329,59.5,63.81,158.6,186,High
EV000125,2026-01-08 01:10:00,387.25,136.67,52.92,82.28,30.93,17.1,63,18,52909.1,138.1,58.5,110.0,0.4,0.03,15.88,42.73,40.71,AC,166,0.00396,0.00236,1374,46.3,98.05,418.7,2167,Low
EV000221,2026-01-08 01:15:00,333.38,-50.43,-16.81,40.79,35.6,31.04,1594,956,217578.0,186.8,56.5,80.6,3.28,0.5,18.16,55.45,39.88,AC,127,0.00961,0.00766,3259,71.3,66.22,161.7,264,High
EV000157,2026-01-08 01:20:00,340.68,-170.46,-58.07,94.45,15.0,-5.05,942,154,95728.8,241.4,46.3,88.5,1.83,5.73,18.2,29.11,29.05,DC,92,0.00713,0.00444,1513,85.9,85.35,288.4,1385,Medium
EV000161,2026-01-08 01:25:00,347.06,81.47,28.27,99.61,36.1,24.71,763,125,95007.8,117.0,15.4,53.5,0.52,2.27,18.61,53.92,49.5,DC,106,0.00631,0.00434,2047,23.0,87.1,384.1,1569,Medium
EV000184,2026-01-08 01:30:00,384.91,191.15,73.57,7.59,28.64,23.38,1461,94,50356.7,87.2,79.0,103.6,3.32,2.86,19.22,45.64,39.9,DC,117,0.00951,0.00632,1270,32.8,79.43,40.0,1055,High
EV000098,2026-01-08 01:35:00,364.32,-195.95,-71.39,42.6,37.0,21.95,1784,521,19072.7,191.0,94.9,125.0,0.65,3.77,19.2,51.77,40.24,AC,73,0.01076,0.007,277,86.0,73.08,163.1,737,High
EV000228,2026-01-08 01:40:00,385.04,-9.25,-3.56,26.42,36.02,19.24,358,98,74334.9,164.3,28.7,76.8,0.86,2.35,20.4,49.56,41.68,DC,108,0.00572,0.00286,2394,82.8,90.42,141.6,1606,Low
EV000013,2026-01-08 01:45:00,362.8,-32.53,-11.8,82.9,15.0,7.49,766,186,62316.0,186.5,28.6,68.0,2.21,4.48,24.0,32.06,24.47,DC,28,0.00744,0.00411,2210,72.8,86.7,376.6,1494,Medium
EV000017,2026-01-08 01:50:00,327.48,-212.98,-69.75,35.44,38.48,22.26,1312,272,87145.2,123.3,22.6,79.3,4.46,7.9,23.03,48.67,43.37,DC,54,0.00804,0.00574,1702,69.7,78.42,136.5,1071,High
EV000229,2026-01-08 01:55:00,355.77,-125.12,-44.51,73.47,15.0,-6.51,454,109,234565.2,241.2,24.9,49.1,4.11,2.08,21.7,20.48,18.78,AC,159,0.00406,0.0039,3538,54.4,88.16,308.8,1502,Medium
EV000198,2026-01-08 02:00:00,323.02,-194.83,-62.93,84.86,52.96,39.29,995,12,50394.9,80.2,15.4,32.2,1.41,7.71,18.17,63.57,58.24,AC,53,0.00841,0.00414,1110,86.2,84.99,362.0,1418,Medium
EV000014,2026-01-08 02:05:00,401.62,-71.88,-28.87,42.95,21.52,12.56,476,6,30998.3,80.8,17.9,63.9,3.09,2.41,21.71,38.04,34.21,AC,79,0.0051,0.00409,523,88.4,92.83,189.7,1791,Low
EV000006,2026-01-08 02:10:00,320.13,57.26,18.33,76.62,17.85,8.7,1140,145,47063.3,226.2,21.1,53.0,1.82,7.11,13.35,31.17,28.58,AC,75,0.00909,0.00542,634,87.7,84.07,238.7,1368,Medium
EV000074,2026-01-08 02:15:00,322.45,-128.92,-41.57,41.87,22.76,5.08,1636,336,39643.2,218.3,53.7,85.5,0.46,7.1,22.25,42.75,30.1,DC,168,0.0103,0.00686,1259,44.6,74.88,140.6,840,High
EV000219,2026-01-08 02:20:00,399.65,-15.2,-6.08,34.99,52.64,34.96,1055,293,66959.9,249.0,59.9,113.8,3.51,5.64,15.42,64.38,63.36,AC,49,0.00886,0.00581,1049,92.4,81.14,101.4,1157,Medium
EV000096,2026-01-08 02:25:00,382.93,-113.91,-43.62,8.85,33.71,16.69,1447,416,64233.1,113.1,44.1,83.5,3.82,6.93,22.12,52.48,46.14,AC,27,0.01055,0.00559,2771,23.5,73.7,40.0,789,High
EV000063,2026-01-08 02:30:00,404.91,7.18,2.91,66.28,27.13,13.97,1427,145,132504.3,203.9,55.7,67.3,4.3,0.04,20.91,44.72,35.94,DC,21,0.00791,0.00653,3331,67.0,77.27,268.5,932,High
EV000219,2026-01-08 02:35:00,403.05,30.94,12.47,58.22,41.25,38.16,822,436,41567.1,151.8,74.3,89.1,1.24,5.71,17.32,54.35,49.75,AC,47,0.00838,0.00524,932,71.6,82.84,281.1,1195,Medium
EV000233,2026-01-08 02:40:00,403.25,-141.35,-57.0,13.36,49.69,34.74,1499,146,140923.1,71.9,112.7,134.1,0.68,2.73,21.04,60.98,55.44,DC,142,0.00916,0.00652,2564,71.8,74.37,42.1,853,High
EV000168,2026-01-08 02:45:00,359.57,-4.44,-1.6,10.07,15.0,-6.62,1287,274,5502.0,176.8,71.0,119.4,3.93,7.7,24.85,26.27,21.25,DC,142,0.01021,0.00544,73,47.1,82.85,40.0,1336,Medium
EV000219,2026-01-08 02:50:00,321.79,144.23,46.41,82.58,43.02,29.88,410,231,95745.0,156.7,54.5,83.3,3.93,1.25,12.4,60.88,47.38,DC,157,0.00608,0.00378,2242,93.7,88.98,341.1,1582,Medium
EV000155,2026-01-08 02:55:00,383.42,-61.7,-23.66,45.46,16.4,3.41,1251,593,19354.9,23.5,41.6,94.9,3.6,3.5,20.44,21.72,20.92,DC,146,0.01013,0.00643,287,46.9,78.23,178.4,1014,High
EV000042,2026-01-08 03:00:00,351.81,-186.77,-65.71,27.32,46.2,36.44,50,30,79512.9,31.8,17.7,56.4,2.59,5.79,17.2,59.7,54.75,DC,144,0.00583,0.00319,3437,25.6,93.03,91.1,1762,Low
EV000290,2026-01-08 03:05:00,376.04,82.98,31.2,98.63,46.6,32.55,594,188,20424.1,237.2,56.6,71.2,1.06,7.22,22.82,53.89,51.6,DC,75,0.00782,0.00371,451,34.0,88.67,381.6,1563,Medium
EV000239,2026-01-08 03:10:00,400.8,177.22,71.03,41.13,15.0,-6.14,933,421,12732.9,247.4,40.7,53.4,3.82,2.86,17.87,24.56,28.61,DC,37,0.0088,0.00467,234,36.8,83.77,199.5,1257,Medium
EV000147,2026-01-08 03:15:00,363.19,83.63,30.37,41.7,37.01,30.28,233,74,207808.0,41.3,98.5,129.7,1.73,5.6,16.86,52.04,49.71,DC,115,0.00319,0.00313,3615,35.8,91.42,215.1,1702,Low
EV000100,2026-01-08 03:20:00,373.46,178.09,66.51,73.23,16.32,-1.67,336,97,23636.9,150.0,97.3,141.5,0.84,4.8,13.73,32.97,27.41,AC,114,0.00462,0.00297,940,36.8,93.68,252.8,1927,Low
EV000150,2026-01-08 03:25:00,331.43,106.47,35.29,44.89,15.0,6.61,22,5,107845.9,39.4,56.3,88.6,1.43,5.32,18.0,24.16,28.98,AC,117,0.00379,0.00305,2163,50.4,97.44,261.6,2009,Low
EV000275,2026-01-08 03:30:00,331.43,184.47,61.14,6.61,18.55,3.23,1341,43,86006.1,149.1,77.7,120.4,0.23,6.6,17.77,28.62,26.67,DC,46,0.00771,0.00551,3108,32.2,79.81,40.0,1165,High
EV000210,2026-01-08 03:35:00,320.6,179.75,57.63,19.72,35.55,23.87,1678,814,203491.8,122.8,17.7,62.5,0.51,4.72,15.42,54.71,43.5,AC,129,0.0098,0.00654,3488,49.8,65.23,69.5,215,High
EV000073,2026-01-08 03:40:00,320.58,-90.31,-28.95,44.44,22.73,5.36,1141,540,86208.5,22.3,60.5,99.2,1.79,5.18,14.81,32.17,27.75,AC,68,0.00777,0.00546,1946,82.3,78.78,147.9,1040,High
EV000128,2026-01-08 03:45:00,328.69,211.67,69.57,53.2,42.65,36.98,78,12,143151.6,163.9,95.2,135.9,3.76,3.59,18.72,47.84,57.14,DC,116,0.00319,0.00269,2291,78.6,93.72,290.6,1850,Low
EV000035,2026-01-08 03:50:00,328.45,149.94,49.25,5.22,26.2,10.34,272,101,23445.3,27.4,87.7,121.5,3.31,5.36,23.23,42.93,37.16,DC,151,0.00492,0.00277,704,44.2,95.71,40.0,2007,Low
EV000008,2026-01-08 03:55:00,324.37,128.32,41.62,30.88,47.26,33.25,452,61,120987.8,77.8,51.4,61.8,4.13,2.59,19.95,54.08,55.74,DC,133,0.00515,0.0034,3519,92.5,86.75,111.4,1412,Medium
EV000163,2026-01-08 04:00:00,352.22,-132.14,-46.54,63.56,52.76,41.71,807,37,52892.1,206.5,53.7,100.1,3.68,7.9,13.76,69.19,61.54,AC,69,0.0085,0.00417,785,81.7,86.15,241.1,1414,Medium
EV000041,2026-01-08 04:05:00,328.08,-156.06,-51.2,20.82,33.1,22.67,486,57,130654.3,2.9,115.0,172.9,4.32,1.75,20.13,43.93,44.8,AC,101,0.00505,0.00454,3611,53.3,87.09,82.3,1553,Medium
EV000196,2026-01-08 04:10:00,346.83,47.73,16.56,28.08,46.68,36.75,394,226,226696.0,210.9,47.6,86.5,2.13,0.2,15.65,60.45,50.65,DC,20,0.00648,0.004,3072,50.7,85.88,125.1,1414,Medium
EV000065,2026-01-08 04:15:00,351.97,-179.9,-63.32,24.0,26.05,10.1,969,213,88971.2,44.4,58.7,75.0,1.13,5.04,16.88,39.76,31.81,DC,77,0.00656,0.00455,2908,62.7,82.35,95.5,1282,Medium
EV000290,2026-01-08 04:20:00,356.29,98.61,35.13,59.8,34.89,29.72,974,110,10541.1,202.3,48.8,65.3,4.13,2.57,20.88,44.72,40.13,DC,116,0.00987,0.00418,250,38.7,87.61,245.7,1520,Medium
EV000165,2026-01-08 04:25:00,385.14,-204.42,-78.73,18.19,29.54,26.21,1452,255,109228.3,10.1,94.5,123.9,0.69,4.26,12.84,34.71,40.01,DC,105,0.00855,0.0055,2833,88.5,75.0,72.1,892,High
EV000108,2026-01-08 04:30:00,352.07,-16.05,-5.65,5.22,38.74,32.62,1263,231,1059.5,230.2,21.2,76.6,3.33,5.22,24.59,57.77,48.18,AC,61,0.00797,0.0063,45,50.7,80.75,40.0,1142,Medium
EV000102,2026-01-08 04:35:00,360.43,216.06,77.88,16.84,41.97,27.49,921,349,28619.8,176.2,83.4,108.2,2.93,2.69,23.97,48.82,52.11,DC,162,0.00804,0.00544,509,77.7,83.39,56.6,1236,Medium
EV000253,2026-01-08 04:40:00,345.61,-188.9,-65.29,5.72,33.25,26.31,571,56,73658.5,164.8,41.4,56.9,0.46,2.96,13.14,38.64,47.08,DC,87,0.00665,0.00371,1425,75.6,89.21,40.0,1652,Medium
EV000236,2026-01-08 04:45:00,327.68,-149.04,-48.84,16.63,23.41,7.66,1508,718,117797.5,51.2,104.8,136.2,0.94,1.42,24.92,39.42,35.11,AC,114,0.01178,0.00702,1668,92.7,72.24,64.3,639,High
EV000018,2026-01-08 04:50:00,356.61,163.55,58.32,5.06,58.89,40.92,1083,34,11494.3,182.8,100.6,155.2,4.16,5.92,22.52,70.83,67.08,AC,112,0.00925,0.00536,195,58.7,83.74,40.0,1293,Medium
EV000122,2026-01-08 04:55:00,386.9,-23.02,-8.91,64.32,56.26,41.52,1419,568,141231.9,236.2,30.2,87.2,3.87,2.7,15.55,71.45,65.94,AC,107,0.01002,0.0056,2803,35.0,71.18,208.9,543,High
EV000232,2026-01-08 05:00:00,325.59,-23.92,-7.79,7.11,53.37,35.67,186,97,1739.9,142.1,87.0,121.4,0.96,7.15,17.91,65.66,58.85,DC,149,0.00629,0.00249,46,40.2,94.42,40.0,1893,Low
EV000168,2026-01-08 05:05:00,378.48,-90.87,-34.39,47.44,15.0,-1.78,1296,22,9064.9,86.9,96.5,125.2,3.13,0.54,19.19,33.25,23.26,DC,95,0.00817,0.00565,315,46.8,83.83,147.4,1271,Medium
EV000050,2026-01-08 05:10:00,357.77,190.82,68.27,60.44,35.7,27.77,1460,116,36965.1,52.0,39.9,93.4,0.7,6.44,22.66,55.7,50.58,DC,93,0.00803,0.00542,1092,94.2,79.35,226.5,995,High
EV000174,2026-01-08 05:15:00,403.46,174.26,70.31,58.82,15.0,3.46,299,109,73835.9,93.6,52.4,91.3,0.78,1.06,13.44,25.92,20.17,AC,66,0.00428,0.00332,1532,38.0,91.98,224.1,1777,Low
EV000195,2026-01-08 05:20:00,369.2,-77.52,-28.62,92.66,38.74,29.8,718,261,178490.3,81.3,17.1,36.0,2.53,7.81,16.24,51.79,52.22,DC,134,0.00858,0.005,3176,31.2,83.95,287.7,1314,Medium
EV000182,2026-01-08 05:25:00,355.68,-74.56,-26.52,77.09,28.84,17.64,355,20,199244.7,4.3,37.8,71.7,2.49,7.58,22.36,39.04,33.13,AC,106,0.00524,0.00381,3224,93.8,91.43,325.1,1742,Low
EV000051,2026-01-08 05:30:00,376.45,-191.27,-72.0,26.01,34.3,26.99,346,93,22031.9,223.5,84.0,129.1,1.52,1.17,21.68,52.11,37.88,AC,122,0.00541,0.00406,573,35.6,93.96,103.9,1790,Low
EV000075,2026-01-08 05:35:00,345.8,-130.31,-45.06,38.77,21.26,17.05,432,168,101138.1,231.3,65.9,86.5,1.96,4.92,12.97,34.91,34.73,DC,76,0.00732,0.00355,2833,64.7,87.76,135.0,1527,Medium
EV000188,2026-01-08 05:40:00,326.13,-77.21,-25.18,21.01,43.43,34.34,25,6,25840.0,226.0,102.8,118.9,3.9,3.88,22.8,55.41,51.42,DC,53,0.00347,0.00276,1073,62.5,97.74,113.1,2092,Low
EV000210,2026-01-08 05:45:00,352.31,198.79,70.04,70.49,46.08,31.44,78,12,35538.3,186.3,91.6,141.0,3.35,3.09,17.72,62.23,56.5,DC,69,0.00427,0.00309,503,58.2,98.01,301.8,2063,Low
EV000030,2026-01-08 05:50:00,357.21,52.08,18.6,91.61,27.01,11.56,882,520,145525.0,16.7,56.7,105.5,0.37,4.79,16.16,37.57,35.53,AC,97,0.00695,0.00452,3034,64.6,79.63,282.8,1074,High
EV000240,2026-01-08 05:55:00,326.99,-149.32,-48.83,99.8,43.75,36.71,1328,109,49189.7,202.6,79.5,93.7,2.8,1.14,19.24,54.05,54.52,AC,147,0.01093,0.0054,1287,83.1,79.66,370.5,1089,High
EV000181,2026-01-08 06:00:00,352.15,-81.35,-28.65,20.1,36.51,24.72,598,332,110512.8,12.0,41.9,88.7,2.35,7.04,16.3,51.63,51.36,AC,23,0.00617,0.00471,2480,38.0,85.18,95.7,1328,Medium
EV000072,2026-01-08 06:05:00,360.39,6.48,2.33,78.09,15.0,-3.3,1130,110,36281.7,171.0,55.0,73.9,2.89,0.03,19.8,25.81,21.76,DC,97,0.00792,0.00528,527,75.6,84.31,266.5,1388,Medium
EV000010,2026-01-08 06:10:00,380.3,13.77,5.24,11.51,41.72,36.08,370,20,3356.3,10.8,31.9,60.0,4.31,0.74,17.18,58.19,48.58,AC,145,0.00574,0.00372,93,43.4,93.97,56.0,1811,Low
EV000272,2026-01-08 06:15:00,375.76,-163.74,-61.53,38.05,23.3,16.48,767,397,128883.2,194.5,82.4,133.2,2.12,5.46,17.48,42.25,37.6,DC,87,0.00664,0.00514,3390,30.6,81.17,120.7,1089,Medium
EV000097,2026-01-08 06:20:00,361.37,-14.59,-5.27,70.98,33.11,23.6,1653,709,4106.3,149.6,117.3,165.7,3.26,4.36,22.55,47.15,37.04,AC,40,0.01109,0.00626,161,42.6,72.14,204.4,607,High
EV000173,2026-01-08 06:25:00,358.22,-108.38,-38.82,66.98,15.0,-6.78,1410,359,66620.0,199.3,101.3,133.8,3.38,3.09,14.04,22.71,27.22,AC,176,0.01026,0.00553,2435,62.0,76.73,245.7,921,High
EV000035,2026-01-08 06:30:00,350.09,97.06,33.98,49.88,41.31,25.31,1213,728,196648.4,236.2,110.5,167.7,1.49,6.49,12.87,58.24,50.08,AC,170,0.00787,0.00598,2549,90.8,74.5,195.6,779,High
EV000062,2026-01-08 06:35:00,374.49,24.79,9.28,24.97,46.99,38.23,393,121,4150.7,139.9,47.6,80.8,3.64,4.83,18.01,54.93,52.64,AC,80,0.00413,0.00433,96,81.5,92.08,107.4,1692,Low
EV000091,2026-01-08 06:40:00,375.0,79.44,29.79,98.03,15.0,5.67,479,198,61672.0,8.0,63.5,92.7,1.82,6.14,20.92,29.57,28.75,AC,24,0.00607,0.00463,999,85.6,90.23,492.0,1685,Low
EV000044,2026-01-08 06:45:00,375.28,-126.21,-47.37,64.04,15.0,5.49,1029,227,64874.6,173.2,74.4,121.1,0.62,2.94,21.34,28.74,27.31,AC,165,0.0085,0.00574,1409,40.6,83.86,262.0,1270,Medium
EV000253,2026-01-08 06:50:00,328.14,-20.17,-6.62,34.9,15.0,5.68,487,117,22237.9,94.1,94.1,122.9,1.79,1.39,14.03,34.05,27.42,DC,66,0.00676,0.00355,1074,25.1,90.86,127.9,1685,Low
EV000295,2026-01-08 06:55:00,379.16,212.28,80.49,28.33,15.0,-0.5,1208,334,161287.7,34.2,17.5,48.8,3.83,6.28,22.43,21.03,29.89,DC,130,0.0101,0.00594,2185,64.3,78.27,122.3,1020,High
EV000029,2026-01-08 07:00:00,378.95,7.62,2.89,61.49,24.92,14.92,1493,176,88653.9,164.4,82.7,122.4,0.49,5.04,17.11,35.43,36.39,AC,77,0.00982,0.00629,2019,73.1,76.53,217.0,892,High
EV000110,2026-01-08 07:05:00,391.14,-42.86,-16.76,29.89,17.84,13.28,438,178,15140.4,245.3,118.2,131.6,0.97,1.99,18.66,26.11,31.89,DC,172,0.0066,0.00436,425,63.8,92.42,138.1,1806,Low
EV000020,2026-01-08 07:10:00,379.29,150.41,57.05,23.73,42.69,32.15,1487,301,170970.9,209.0,88.7,112.2,0.68,3.71,18.11,49.97,47.46,AC,93,0.01169,0.00613,2471,74.7,74.86,87.3,836,High
EV000050,2026-01-08 07:15:00,353.49,-87.07,-30.78,24.4,15.0,-0.28,1034,444,95821.4,185.6,71.5,99.2,0.84,7.63,15.53,26.3,23.94,DC,27,0.00706,0.0051,2661,32.2,79.55,111.9,1095,High
EV000160,2026-01-08 07:20:00,354.51,-113.76,-40.33,40.06,15.0,-1.96,43,21,28600.1,138.6,30.0,75.3,4.33,5.05,24.3,28.82,22.46,AC,94,0.00225,0.00224,879,74.2,98.66,163.7,2205,Low
EV000041,2026-01-08 07:25:00,335.94,98.13,32.97,19.66,16.25,3.7,116,62,194130.9,149.5,77.6,92.3,3.09,2.3,21.47,31.91,20.15,DC,101,0.00638,0.00289,2667,47.5,94.64,93.4,1875,Low
EV000190,2026-01-08 07:30:00,344.57,71.17,24.52,49.74,46.56,29.36,18,2,18860.9,15.0,95.5,133.9,1.51,5.32,20.32,54.25,55.46,DC,18,0.00247,0.00265,601,57.9,96.82,286.9,2094,Low
EV000024,2026-01-08 07:35:00,324.95,197.68,64.24,74.1,17.17,1.41,219,72,132856.5,242.1,39.8,69.7,2.09,5.22,23.36,31.74,21.28,AC,118,0.00653,0.0028,2386,35.7,93.23,285.0,1829,Low
EV000100,2026-01-08 07:40:00,390.1,-31.31,-12.21,29.74,20.68,6.99,516,277,41982.3,184.7,74.2,119.0,1.86,3.95,12.14,39.85,31.21,DC,165,0.00794,0.00376,1055,70.2,88.82,155.0,1546,Medium
EV000022,2026-01-08 07:45:00,406.76,159.54,64.89,36.46,39.96,26.9,930,415,120979.7,55.4,114.2,132.8,3.95,0.15,18.24,45.46,44.61,DC,68,0.00723,0.00488,1925,56.9,81.13,151.1,1241,Medium
EV000111,2026-01-08 07:50:00,320.84,71.67,23.0,97.97,22.67,16.32,1793,956,100513.4,153.4,27.1,49.9,1.84,0.16,19.05,37.86,25.92,AC,138,0.00966,0.00682,1505,39.7,66.85,328.3,364,High
EV000032,2026-01-08 07:55:00,403.78,94.17,38.02,63.61,47.85,33.18,1681,373,23983.6,7.3,91.4,148.2,4.34,4.43,22.65,52.91,61.39,AC,151,0.00903,0.00696,382,38.7,75.18,173.9,908,High
EV000089,2026-01-08 08:00:00,398.95,-96.45,-38.48,51.08,39.09,35.69,737,242,163733.1,16.0,51.3,106.1,2.95,7.59,19.2,51.12,47.04,AC,175,0.005,0.00424,2835,42.3,83.1,241.7,1297,Medium
EV000213,2026-01-08 08:05:00,405.14,111.8,45.29,35.37,23.39,17.98,1581,107,80902.0,144.2,34.7,62.1,0.88,5.69,15.19,36.64,27.71,AC,101,0.00986,0.00545,1960,20.1,77.74,159.8,938,High
EV000279,2026-01-08 08:10:00,376.57,60.67,22.85,72.8,24.9,17.31,690,19,77560.2,130.1,26.1,67.1,3.26,3.72,17.62,35.81,34.29,DC,92,0.0048,0.00384,2718,50.8,87.21,330.7,1418,Medium
EV000020,2026-01-08 08:15:00,336.71,123.52,41.59,89.09,47.49,37.27,749,58,58102.6,189.8,31.5,83.2,3.84,3.56,17.27,60.7,61.82,AC,53,0.00857,0.00399,2302,87.7,85.17,284.7,1323,Medium
EV000037,2026-01-08 08:20:00,399.47,95.06,37.97,45.95,29.89,25.07,1379,341,157899.3,225.0,25.4,75.7,1.15,2.9,19.61,48.16,40.59,DC,124,0.01096,0.00526,2084,93.9,76.86,143.8,941,High
EV000035,2026-01-08 08:25:00,356.12,8.71,3.1,84.09,15.0,-2.58,1284,668,83068.2,163.9,81.3,101.4,2.33,3.31,18.36,23.05,22.06,DC,107,0.0103,0.00653,1421,39.9,75.48,234.3,861,High
EV000215,2026-01-08 08:30:00,398.93,204.86,81.72,11.14,15.0,5.96,1782,212,231300.5,168.0,17.3,75.9,4.23,4.29,21.1,21.31,23.69,AC,94,0.01055,0.0061,3136,68.1,71.67,40.0,669,High
EV000255,2026-01-08 08:35:00,389.36,-81.48,-31.73,78.41,20.95,7.32,389,229,112479.6,180.7,23.4,58.4,0.52,2.77,12.41,35.3,34.59,AC,110,0.00582,0.00392,2295,78.6,89.19,388.0,1646,Medium
EV000287,2026-01-08 08:40:00,392.69,23.55,9.25,72.4,15.0,-7.9,1302,459,194706.8,32.3,68.6,79.5,3.58,6.05,23.15,22.35,28.05,DC,91,0.00905,0.00526,3578,84.7,74.25,221.0,741,High
EV000049,2026-01-08 08:45:00,379.07,-185.07,-70.15,67.36,40.88,31.36,834,475,83780.4,77.6,91.0,150.7,2.44,0.9,15.73,59.06,44.58,DC,172,0.00616,0.00554,2895,48.0,80.1,314.7,1130,Medium
EV000092,2026-01-08 08:50:00,327.69,-146.82,-48.11,74.09,32.09,21.69,172,14,100748.0,188.4,28.6,53.7,4.33,6.37,14.65,42.65,39.93,DC,18,0.00638,0.00363,2967,69.4,93.67,356.8,1880,Low
EV000167,2026-01-08 08:55:00,396.37,96.97,38.44,74.47,15.0,6.61,325,29,105806.5,237.4,109.3,139.7,0.25,4.92,17.35,32.83,21.37,DC,81,0.00346,0.00326,2777,75.4,92.54,320.6,1747,Low
EV000018,2026-01-08 09:00:00,338.13,-115.75,-39.14,31.38,34.21,24.44,926,280,30565.2,136.8,15.4,57.4,3.55,6.55,22.02,40.32,46.1,DC,20,0.00655,0.00489,1079,56.4,84.9,127.0,1430,Medium
EV000056,2026-01-08 09:05:00,404.87,25.01,10.12,70.06,15.0,1.93,1604,687,148669.5,242.8,57.5,74.6,2.81,5.76,22.8,28.02,25.36,DC,141,0.00864,0.00696,3633,74.5,68.68,202.1,436,High
EV000193,2026-01-08 09:10:00,333.36,-109.22,-36.41,55.38,42.74,26.55,1391,716,65745.1,111.2,54.7,100.4,3.64,5.19,20.68,62.44,50.46,AC,144,0.00764,0.00704,1166,72.7,74.31,235.4,822,High
EV000009,2026-01-08 09:15:00,335.2,54.9,18.4,45.55,17.95,11.77,510,66,66582.7,218.3,27.9,46.6,1.61,5.81,12.41,29.94,31.92,AC,100,0.00407,0.00422,1229,42.8,91.47,198.9,1753,Low
EV000120,2026-01-08 09:20:00,358.58,139.99,50.2,78.71,32.61,21.32,210,76,100996.7,223.4,110.0,140.1,3.67,7.22,13.66,49.06,43.8,DC,124,0.0062,0.00265,1330,57.6,94.88,304.4,1983,Low
EV000167,2026-01-08 09:25:00,362.62,28.87,10.47,84.52,16.69,12.69,985,475,27031.0,124.0,37.2,58.3,2.55,1.33,18.14,30.13,25.0,DC,131,0.0063,0.00476,1094,30.3,82.48,275.7,1255,Medium
EV000038,2026-01-08 09:30:00,382.17,147.77,56.47,72.38,15.0,-8.39,1397,443,12477.4,191.3,47.5,88.2,3.27,0.06,18.61,31.75,20.83,AC,47,0.0114,0.00672,608,73.8,76.83,320.3,999,High
EV000213,2026-01-08 09:35:00,378.71,98.37,37.26,92.5,15.0,-6.33,658,278,149179.1,235.2,83.9,122.0,2.62,7.37,22.36,25.03,18.71,DC,52,0.00589,0.00503,2371,78.7,85.76,282.0,1343,Medium
EV000015,2026-01-08 09:40:00,398.45,-76.72,-30.57,31.57,38.98,27.66,846,406,30964.0,116.8,98.8,154.6,1.24,1.45,15.6,49.63,47.25,DC,112,0.00836,0.0045,1352,67.0,82.27,118.2,1283,Medium
EV000164,2026-01-08 09:45:00,380.55,-163.98,-62.4,9.82,43.5,36.31,1314,279,133084.4,144.3,111.0,161.4,0.93,1.64,19.11,60.2,54.97,AC,175,0.01081,0.00615,2757,66.7,76.75,40.0,958,High
EV000157,2026-01-08 09:50:00,383.69,-113.68,-43.62,66.11,15.0,-7.67,1553,128,133900.9,111.4,110.6,136.0,0.72,1.74,19.24,34.39,25.81,AC,99,0.0109,0.00662,2653,89.5,76.74,187.2,956,High
EV000071,2026-01-08 09:55:00,340.97,-141.53,-48.26,44.34,45.19,41.03,495,14,12015.0,209.3,81.8,122.7,1.51,1.18,20.44,61.63,51.97,DC,137,0.00751,0.00428,228,47.6,92.0,150.2,1730,Low
EV000143,2026-01-08 10:00:00,382.21,-4.16,-1.59,94.41,35.83,21.08,548,151,78655.6,42.0,106.2,162.1,2.98,3.33,15.46,55.25,45.85,DC,132,0.00801,0.00421,3510,84.9,85.64,453.3,1366,Medium
EV000112,2026-01-08 10:05:00,376.37,-19.27,-7.25,16.85,29.14,13.54,202,3,22222.4,211.1,110.0,153.4,1.42,3.11,19.78,48.26,35.4,DC,37,0.0031,0.00378,300,46.6,98.08,62.3,2130,Low
EV000052,2026-01-08 10:10:00,368.22,-12.66,-4.66,8.38,15.0,-4.8,1227,544,66454.9,36.2,81.8,133.1,1.99,5.05,15.45,24.78,24.25,DC,30,0.00703,0.00636,2646,67.6,75.64,40.0,812,High
EV000127,2026-01-08 10:15:00,360.39,73.67,26.55,23.2,15.0,2.19,492,61,149935.6,139.2,77.5,106.9,3.61,0.45,15.17,26.92,19.68,AC,110,0.00416,0.00355,1986,67.6,90.07,120.3,1590,Low
EV000241,2026-01-08 10:20:00,377.75,-113.84,-43.0,55.88,37.0,25.04,1490,877,36121.9,138.1,108.8,135.6,1.31,1.34,17.95,44.29,51.87,AC,167,0.01024,0.00658,1374,91.8,69.82,199.7,568,High
EV000155,2026-01-08 10:25:00,387.99,219.38,85.12,20.67,46.24,35.67,1768,794,46774.8,161.1,48.6,104.7,3.96,7.27,19.45,58.89,49.41,AC,57,0.01304,0.00792,1023,50.1,67.49,65.2,342,High
EV000099,2026-01-08 10:30:00,405.49,50.04,20.29,60.01,15.0,-0.91,443,193,4075.7,15.6,100.4,127.4,2.19,7.37,16.79,20.93,28.38,DC,30,0.00543,0.00332,112,38.7,92.0,277.0,1707,Low
EV000006,2026-01-08 10:35:00,353.72,-55.99,-19.81,14.86,15.0,4.67,1564,516,101307.0,113.5,28.9,58.8,2.09,1.73,23.97,21.74,24.25,DC,54,0.00977,0.00608,3362,56.4,72.14,61.7,625,High
EV000162,2026-01-08 10:40:00,373.72,-144.72,-54.09,18.81,41.7,26.68,841,241,113588.5,248.1,78.8,135.9,4.1,1.77,23.92,57.39,48.85,AC,104,0.00928,0.00439,2011,88.2,84.31,70.0,1411,Medium
EV000116,2026-01-08 10:45:00,335.46,-157.37,-52.79,36.81,46.29,30.08,1424,844,110994.9,193.0,78.4,120.8,3.92,6.78,24.16,53.05,52.88,DC,47,0.01003,0.0069,1951,87.3,70.75,104.8,536,High
EV000088,2026-01-08 10:50:00,339.33,12.19,4.14,46.43,15.0,-5.64,1750,432,165151.3,202.8,47.7,58.0,1.51,2.85,13.93,33.47,23.23,DC,112,0.00906,0.00645,2605,52.0,71.92,153.7,703,High
EV000155,2026-01-08 10:55:00,331.87,150.45,49.93,58.98,32.42,27.96,523,280,183902.4,36.7,110.9,156.2,4.05,7.25,15.35,42.07,44.02,DC,110,0.00537,0.00352,3316,89.8,84.82,232.1,1366,Medium
EV000001,2026-01-08 11:00:00,395.08,102.35,40.44,49.65,20.22,6.03,784,42,29425.3,60.1,113.7,131.2,1.45,5.84,19.56,38.21,28.05,DC,44,0.00639,0.00383,952,43.4,88.14,179.1,1506,Medium
EV000294,2026-01-08 11:05:00,405.23,-81.56,-33.05,55.44,15.07,0.71,1059,205,25277.2,58.8,95.0,141.2,2.41,2.31,23.3,25.62,27.16,DC,134,0.00883,0.00544,376,93.4,84.4,234.5,1302,Medium
EV000040,2026-01-08 11:10:00,344.05,128.6,44.24,58.25,15.0,-7.25,774,322,223281.9,103.2,16.4,32.5,1.25,2.83,16.95,33.37,23.18,AC,141,0.00721,0.0049,3616,47.7,81.47,269.9,1192,Medium
EV000250,2026-01-08 11:15:00,339.1,-48.97,-16.61,62.15,43.73,30.15,1682,911,159117.0,13.9,69.3,88.6,2.83,1.62,16.18,55.31,50.54,AC,72,0.01092,0.00772,3547,56.9,64.05,161.3,164,High
EV000160,2026-01-08 11:20:00,391.76,114.63,44.91,32.79,15.0,3.89,1486,315,91182.0,79.8,94.1,127.2,3.58,6.35,22.34,26.19,25.58,AC,108,0.01099,0.00588,3034,82.6,73.5,94.0,701,High
EV000053,2026-01-08 11:25:00,379.56,-195.24,-74.11,86.29,43.0,29.09,291,123,48804.2,99.0,68.8,119.7,0.91,4.34,20.6,50.33,49.02,DC,136,0.00535,0.00337,842,60.9,92.88,457.8,1869,Low
EV000087,2026-01-08 11:30:00,398.27,149.87,59.69,31.23,37.54,24.02,63,25,16726.3,25.3,48.9,107.6,0.27,5.38,17.36,46.13,49.56,DC,67,0.00401,0.00331,286,62.9,98.16,174.9,2108,Low
EV000043,2026-01-08 11:35:00,365.64,-202.33,-73.98,60.9,18.75,4.97,1016,278,45702.1,100.6,95.5,115.7,2.83,5.64,20.59,32.86,23.3,AC,168,0.00778,0.00467,1803,89.2,83.3,178.8,1348,Medium
EV000046,2026-01-08 11:40:00,340.67,31.05,10.58,87.9,20.27,8.21,447,52,46254.9,79.0,75.8,100.6,2.56,1.19,13.86,34.73,23.39,DC,74,0.00462,0.00305,2002,54.2,90.98,414.9,1641,Low
EV000180,2026-01-08 11:45:00,334.74,180.51,60.42,6.68,15.74,0.31,953,203,11715.4,167.0,18.8,61.5,0.21,2.26,24.5,30.75,29.21,AC,83,0.00833,0.00462,395,40.4,85.33,40.0,1463,Medium
EV000135,2026-01-08 11:50:00,338.8,57.02,19.32,21.79,15.0,-0.5,1593,742,16853.1,221.8,91.7,121.6,0.46,4.01,15.45,21.4,22.77,AC,76,0.01054,0.00661,223,29.7,72.44,79.5,730,High
EV000025,2026-01-08 11:55:00,406.9,17.6,7.16,84.88,41.85,35.01,411,176,54523.2,102.6,41.6,57.4,3.43,3.93,12.27,52.0,53.54,AC,165,0.00441,0.00449,682,32.8,92.37,347.4,1827,Low
EV000190,2026-01-08 12:00:00,364.19,-144.55,-52.64,77.94,16.36,9.48,1217,334,19690.9,59.2,68.9,88.9,1.81,0.29,17.38,22.21,29.36,AC,52,0.00861,0.00538,257,34.1,80.98,372.1,1119,Medium
EV000018,2026-01-08 12:05:00,363.97,127.06,46.25,10.34,36.63,30.08,234,18,33597.1,130.0,76.5,93.9,4.3,6.58,12.92,53.22,44.11,AC,25,0.00364,0.00358,451,92.2,95.98,55.7,1906,Low
EV000250,2026-01-08 12:10:00,348.58,-168.24,-58.65,54.27,15.0,2.86,886,146,29043.9,80.8,72.6,93.8,0.93,5.89,20.54,29.5,26.53,DC,58,0.00894,0.00444,873,92.1,87.08,281.8,1452,Medium
EV000300,2026-01-08 12:15:00,374.15,92.88,34.75,60.84,15.0,-0.82,1030,596,147135.5,127.7,60.2,90.6,4.12,7.09,16.33,34.96,21.99,AC,48,0.00811,0.00517,3644,70.0,77.37,222.9,1023,High
EV000185,2026-01-08 12:20:00,341.44,-61.33,-20.94,15.31,15.0,-3.02,26,10,155835.8,207.8,109.2,145.7,1.87,2.98,19.99,23.52,29.92,AC,103,0.00268,0.00262,2119,25.3,95.58,82.9,2029,Low
EV000251,2026-01-08 12:25:00,405.9,-135.63,-55.05,31.42,45.66,36.82,197,116,240975.6,10.7,107.2,122.8,4.16,6.7,15.74,57.83,48.7,AC,26,0.00652,0.00336,3064,70.0,91.69,169.1,1701,Low
EV000137,2026-01-08 12:30:00,345.89,215.79,74.64,24.15,15.14,9.05,1297,676,74816.5,4.1,119.5,152.8,3.29,6.78,21.7,22.41,20.25,DC,16,0.00926,0.00583,1592,68.1,75.76,93.4,903,High
EV000013,2026-01-08 12:35:00,352.01,-141.18,-49.7,73.28,17.17,11.7,1668,94,106528.3,80.3,60.8,87.2,4.18,0.84,19.18,25.56,22.48,DC,68,0.00904,0.00669,2592,34.1,75.57,250.5,806,High
EV000147,2026-01-08 12:40:00,368.62,46.26,17.05,47.17,15.0,-9.87,1131,8,116642.8,59.9,87.8,147.7,3.51,2.45,24.87,25.35,19.8,AC,74,0.00995,0.00428,2851,65.0,82.77,145.3,1278,Medium
EV000299,2026-01-08 12:45:00,339.34,116.75,39.62,17.55,37.9,20.13,968,334,62542.2,230.0,50.2,102.4,2.46,7.56,20.24,43.15,43.52,AC,180,0.00945,0.00572,1843,35.4,82.45,72.9,1291,Medium
EV000175,2026-01-08 12:50:00,350.32,215.1,75.35,21.8,38.07,22.43,119,50,27663.8,85.0,19.3,45.1,1.1,6.35,19.8,47.06,41.3,DC,50,0.00557,0.00332,574,94.4,97.26,120.1,2038,Low
EV000187,2026-01-08 12:55:00,406.46,-32.29,-13.12,65.6,15.0,-7.4,585,49,6978.0,221.7,17.9,66.5,4.0,6.79,22.3,31.61,29.11,DC,115,0.006,0.00407,200,43.4,91.38,359.6,1711,Low
EV000129,2026-01-08 13:00:00,361.95,193.58,70.07,94.19,23.02,14.0,1546,459,190719.8,160.7,48.3,92.4,4.42,6.6,22.15,35.06,34.7,AC,141,0.00931,0.00638,3221,63.0,71.46,307.9,646,High
EV000226,2026-01-08 13:05:00,323.6,115.33,37.32,87.05,54.04,38.67,1236,207,99501.9,100.5,78.6,131.6,2.66,1.27,17.84,68.49,58.38,AC,41,0.00888,0.0053,1981,81.6,77.8,337.7,997,High
EV000115,2026-01-08 13:10:00,364.56,170.14,62.03,25.3,32.6,18.99,1767,672,95851.2,15.7,86.0,136.0,0.7,6.37,19.06,44.43,42.41,DC,37,0.01162,0.00656,1706,36.0,69.61,102.4,569,High
EV000181,2026-01-08 13:15:00,326.56,-79.21,-25.87,58.18,30.83,17.39,1428,736,169745.1,109.0,116.8,169.2,2.76,7.07,16.63,35.88,35.16,AC,129,0.00941,0.00697,3357,49.1,71.6,223.2,594,High
EV000220,2026-01-08 13:20:00,332.64,171.86,57.17,7.71,15.0,-1.1,1107,334,47587.7,88.5,109.8,136.0,0.9,4.63,22.23,31.91,21.58,AC,66,0.00648,0.00576,1247,25.8,80.66,40.0,1180,Medium
EV000064,2026-01-08 13:25:00,388.13,-104.25,-40.46,60.24,16.41,12.37,325,192,191800.7,176.7,57.3,85.7,3.52,5.15,23.71,26.17,25.81,DC,72,0.00689,0.00327,2843,56.8,89.49,296.1,1548,Medium
EV000026,2026-01-08 13:30:00,367.24,-82.89,-30.44,36.69,28.75,13.14,1208,276,35495.9,156.8,22.8,50.6,1.72,0.37,12.03,38.45,42.83,AC,157,0.0108,0.00551,1328,90.7,80.34,116.1,1198,Medium
EV000075,2026-01-08 13:35:00,360.13,38.77,13.96,44.94,33.89,20.76,1327,209,106323.9,218.3,62.0,120.3,3.71,7.13,18.94,51.96,40.83,DC,39,0.00784,0.00604,1606,40.4,78.12,123.1,996,High
EV000031,2026-01-08 13:40:00,326.58,-169.91,-55.49,15.48,18.04,8.14,1178,499,15296.2,114.5,48.7,68.6,3.68,3.91,14.46,34.31,27.92,DC,68,0.00908,0.00531,411,34.6,79.7,56.6,1098,High
EV000076,2026-01-08 13:45:00,367.3,42.62,15.66,19.7,43.31,37.43,1501,311,30259.1,107.6,104.9,144.4,1.32,7.5,22.89,51.97,46.48,DC,113,0.0082,0.00633,791,42.9,77.05,90.9,891,High
EV000143,2026-01-08 13:50:00,359.89,91.03,32.76,63.11,30.67,21.26,162,55,132388.5,28.3,89.4,148.7,2.93,3.66,18.9,49.35,35.31,DC,45,0.00514,0.00309,2934,93.3,94.02,355.4,1827,Low
EV000102,2026-01-08 13:55:00,401.54,114.31,45.9,14.63,17.34,8.74,559,169,70436.7,191.9,40.2,73.4,1.87,5.73,18.94,33.28,26.28,DC,73,0.00749,0.00477,3115,56.2,87.56,61.2,1576,Medium
EV000074,2026-01-08 14:00:00,387.28,-192.46,-74.54,64.82,35.45,22.15,1618,352,104971.7,108.6,25.7,64.6,1.73,7.44,18.01,47.44,41.33,DC,123,0.01021,0.00662,1940,80.1,73.03,226.1,755,High
EV000131,2026-01-08 14:05:00,369.26,146.53,54.11,95.1,15.32,7.39,481,288,1409.1,165.9,112.9,152.3,2.88,1.48,19.3,21.27,19.51,DC,46,0.0059,0.00458,66,70.5,91.85,405.7,1672,Low
EV000041,2026-01-08 14:10:00,383.14,-5.97,-2.29,94.54,27.68,11.68,379,158,69173.4,168.5,77.4,118.9,0.55,0.97,21.67,37.52,38.1,DC,144,0.00563,0.00315,2008,65.5,89.85,408.9,1702,Medium
EV000007,2026-01-08 14:15:00,330.4,105.86,34.98,83.84,43.72,33.73,76,7,81058.2,129.1,84.8,127.7,3.99,1.7,17.62,50.31,58.57,DC,61,0.00528,0.00294,1046,39.9,97.47,451.5,1995,Low
EV000101,2026-01-08 14:20:00,385.95,129.4,49.94,59.63,26.15,9.52,1626,838,114200.9,98.9,76.0,105.6,3.9,6.96,24.87,38.41,32.69,DC,69,0.00958,0.00779,1887,86.1,69.36,247.3,559,High
EV000222,2026-01-08 14:25:00,347.62,30.76,10.69,49.42,24.71,10.5,750,44,175057.4,37.4,99.2,122.3,0.92,3.33,14.64,44.45,38.86,DC,100,0.00571,0.0049,2872,24.0,85.18,195.6,1362,Medium
EV000189,2026-01-08 14:30:00,358.95,163.61,58.73,80.19,48.35,38.9,199,51,34729.5,39.7,118.5,139.6,1.48,0.91,22.55,55.65,61.79,DC,150,0.00676,0.00381,495,79.2,94.49,387.7,1859,Low
EV000168,2026-01-08 14:35:00,336.39,207.24,69.71,48.75,16.02,1.86,96,56,3396.9,196.0,90.7,110.1,3.79,2.84,12.26,23.92,26.08,DC,19,0.00429,0.00372,65,34.6,97.76,272.7,2038,Low
EV000286,2026-01-08 14:40:00,330.77,-185.3,-61.29,86.78,15.0,-9.56,1443,211,73245.2,192.4,115.3,170.2,1.71,1.34,13.11,20.08,20.32,DC,46,0.0097,0.00625,1249,73.4,79.18,337.0,1024,High
EV000095,2026-01-08 14:45:00,391.58,-24.38,-9.55,24.79,48.05,40.95,1653,341,55491.1,101.6,17.0,44.6,3.22,2.13,18.16,61.72,52.82,AC,81,0.0098,0.00661,1648,77.3,73.97,98.4,775,High
EV000215,2026-01-08 14:50:00,376.85,-45.31,-17.08,27.55,27.49,11.53,1740,748,2166.7,29.8,83.0,115.0,2.02,2.42,15.62,37.17,32.14,DC,111,0.01247,0.00689,54,93.1,70.94,105.2,528,High
EV000031,2026-01-08 14:55:00,354.81,-180.02,-63.87,22.85,28.66,19.5,866,131,34509.8,11.6,88.1,132.8,0.39,3.53,23.15,38.88,33.48,AC,138,0.00837,0.00457,1420,63.8,85.34,108.7,1448,Medium
EV000262,2026-01-08 15:00:00,395.34,61.52,24.32,67.36,42.23,29.31,1470,442,241744.1,92.5,74.3,87.1,2.78,4.9,13.96,61.56,45.3,AC,58,0.01099,0.00597,3135,81.4,71.56,261.2,683,High
EV000239,2026-01-08 15:05:00,399.53,120.93,48.32,13.27,34.59,29.49,1736,616,25758.9,172.0,89.5,111.5,2.34,0.37,15.21,44.73,48.89,DC,104,0.0092,0.0077,434,32.0,72.91,40.0,720,High
EV000009,2026-01-08 15:10:00,324.06,23.57,7.64,73.94,26.45,23.21,299,44,36762.7,212.5,23.4,34.0,3.21,4.18,24.23,39.52,37.21,AC,155,0.00489,0.00388,759,64.2,94.22,386.6,1940,Low
EV000036,2026-01-08 15:15:00,389.43,99.19,38.63,79.8,33.91,21.71,1789,614,214660.8,194.7,84.1,126.5,0.4,2.56,24.84,53.65,46.17,DC,75,0.01218,0.00737,2979,94.5,68.18,303.3,511,High
EV000080,2026-01-08 15:20:00,326.88,-74.79,-24.45,33.76,23.62,5.84,198,86,37974.4,169.8,29.7,81.7,2.93,2.28,18.37,33.77,28.66,AC,153,0.00531,0.00283,948,20.5,95.31,156.7,1919,Low
EV000271,2026-01-08 15:25:00,330.75,86.23,28.52,68.06,38.5,22.85,1763,604,131870.0,207.6,92.3,126.3,3.22,3.92,21.5,52.02,48.04,DC,103,0.01111,0.00658,2367,88.9,68.14,234.0,526,High
EV000232,2026-01-08 15:30:00,359.35,-61.54,-22.11,67.69,15.0,-2.37,1246,274,131294.4,220.1,113.7,159.6,1.98,0.11,22.77,31.95,24.24,AC,118,0.00954,0.00512,1927,63.3,79.36,296.2,1034,High
EV000261,2026-01-08 15:35:00,359.34,-121.44,-43.64,25.68,15.0,-3.79,1644,106,9749.5,121.9,27.0,56.1,1.35,5.74,15.39,32.54,24.57,DC,21,0.01219,0.0068,265,40.1,78.51,97.6,1075,High
EV000205,2026-01-08 15:40:00,354.66,-72.85,-25.84,81.89,15.81,11.18,1053,295,20666.8,137.1,91.2,124.7,0.41,7.09,22.09,24.85,28.54,AC,21,0.0095,0.0056,320,32.9,84.35,248.3,1267,Medium
EV000290,2026-01-08 15:45:00,322.92,15.26,4.93,50.39,24.35,10.14,519,295,204599.1,190.3,116.5,168.3,1.19,4.81,22.62,36.29,35.78,DC,58,0.00497,0.00397,3555,79.4,85.85,194.2,1350,Medium
EV000246,2026-01-08 15:50:00,391.38,37.05,14.5,56.05,15.0,-7.66,26,12,122054.6,7.0,19.6,37.4,1.29,0.48,15.55,23.48,24.91,AC,157,0.00493,0.00216,2940,47.7,94.62,187.9,1923,Low
EV000083,2026-01-08 15:55:00,331.85,-122.64,-40.7,98.15,29.06,14.32,1571,719,51777.9,169.6,68.4,105.7,1.01,2.29,17.4,45.83,32.48,AC,114,0.01218,0.00686,836,83.2,71.7,338.2,593,High
EV000284,2026-01-08 16:00:00,344.71,-177.38,-61.14,6.4,47.67,34.25,83,25,123206.0,159.7,106.0,154.1,1.54,7.38,18.8,60.88,61.18,AC,102,0.00355,0.00256,2487,34.4,93.4,40.0,1778,Low
EV000032,2026-01-08 16:05:00,354.88,181.26,64.33,21.65,24.2,6.36,789,2,36916.4,144.2,97.3,123.4,2.18,3.74,14.59,34.51,27.24,AC,43,0.0064,0.0037,968,91.6,89.63,107.0,1552,Medium
EV000070,2026-01-08 16:10:00,335.46,28.92,9.7,11.92,21.89,16.99,502,157,47529.3,72.9,86.1,111.2,0.41,3.58,12.63,38.36,34.63,DC,161,0.00712,0.00456,1021,21.3,90.84,52.6,1737,Low
EV000229,2026-01-08 16:15:00,401.1,-53.8,-21.58,95.47,29.27,19.33,587,19,5438.8,201.5,113.3,152.4,2.11,7.63,15.13,41.01,37.12,DC,114,0.00595,0.00349,113,42.5,92.07,454.5,1779,Low
EV000295,2026-01-08 16:20:00,331.27,13.47,4.46,30.96,15.0,-4.3,1220,521,58062.9,28.7,107.6,156.4,1.12,2.57,12.21,29.17,25.89,AC,27,0.00921,0.00593,1101,46.2,79.51,103.3,1108,High
EV000083,2026-01-08 16:25:00,346.07,11.45,3.96,85.7,15.0,-5.71,925,161,167136.1,129.0,115.8,133.5,4.25,0.51,17.22,29.27,20.12,DC,69,0.00892,0.00511,2867,89.5,82.6,266.5,1302,Medium
EV000179,2026-01-08 16:30:00,326.94,-157.41,-51.46,24.1,33.34,25.5,1050,18,162721.3,63.7,98.2,134.5,1.35,2.01,16.86,43.77,39.35,AC,166,0.00912,0.00417,3101,66.5,83.24,75.7,1252,Medium
EV000278,2026-01-08 16:35:00,359.55,-151.14,-54.34,44.21,22.79,16.7,1017,197,27392.4,171.8,32.9,57.4,4.16,7.01,23.81,38.0,33.77,DC,134,0.00799,0.00432,1063,53.7,84.27,188.7,1383,Medium
EV000120,2026-01-08 16:40:00,329.48,81.74,26.93,28.72,15.0,-9.14,1134,416,17597.8,65.7,92.7,105.9,1.75,1.64,15.92,32.88,20.31,AC,34,0.00734,0.00561,799,88.4,81.2,126.5,1126,Medium
EV000112,2026-01-08 16:45:00,341.79,-141.34,-48.31,84.1,18.28,9.43,728,136,196496.9,19.6,49.8,103.3,2.42,5.54,17.82,33.74,32.23,DC,153,0.00665,0.00464,2957,72.7,85.23,265.7,1412,Medium
EV000100,2026-01-08 16:50:00,343.79,174.17,59.88,60.55,15.0,-4.99,1578,646,118470.1,196.7,98.6,141.7,1.84,5.48,19.44,29.67,29.33,DC,93,0.01145,0.00671,2089,59.9,71.03,171.1,631,High
EV000234,2026-01-08 16:55:00,337.56,-57.13,-19.28,7.23,15.0,-0.34,336,184,150969.2,187.4,42.2,53.1,0.81,6.23,17.89,26.84,20.36,DC,54,0.00404,0.00354,2437,37.5,90.03,40.0,1678,Low
EV000211,2026-01-08 17:00:00,322.81,26.69,8.61,82.01,15.0,-8.53,1589,615,130397.9,35.3,98.7,148.6,3.87,6.48,23.33,34.56,25.31,DC,154,0.00963,0.00707,2083,34.9,70.82,312.0,615,High
EV000159,2026-01-08 17:05:00,346.9,-191.74,-66.51,38.93,18.03,4.05,1159,108,86405.2,86.7,112.8,166.9,1.64,2.65,21.07,25.18,24.29,AC,91,0.00686,0.00485,1837,44.4,81.56,126.6,1156,Medium
EV000299,2026-01-08 17:10:00,364.59,18.59,6.78,45.9,37.05,22.09,907,309,40305.9,65.9,108.3,138.3,1.29,1.33,21.42,46.32,47.82,DC,32,0.00949,0.00558,1888,62.5,81.45,170.6,1243,Medium
EV000184,2026-01-08 17:15:00,405.3,-175.85,-71.27,65.07,38.46,22.4,1778,448,28533.9,205.6,36.8,84.5,1.91,2.05,13.1,56.63,42.43,DC,125,0.01198,0.00722,765,91.9,71.43,242.3,602,High
EV000227,2026-01-08 17:20:00,388.23,25.47,9.89,33.81,35.78,26.08,823,360,107245.5,136.5,27.7,47.8,0.29,6.86,21.29,44.04,46.76,AC,149,0.00798,0.0055,1785,63.6,82.74,164.7,1318,Medium
EV000044,2026-01-08 17:25:00,364.35,27.87,10.15,23.91,15.0,-8.57,879,178,60126.5,186.1,33.2,88.2,2.85,6.85,12.54,27.72,25.54,AC,125,0.00708,0.00517,1298,75.9,84.9,72.4,1409,Medium
EV000299,2026-01-08 17:30:00,344.82,16.14,5.57,15.92,15.0,2.77,1465,467,134188.5,217.2,108.9,154.7,3.42,4.89,13.03,24.42,22.05,DC,36,0.0092,0.00562,2739,29.8,74.84,52.2,862,High
EV000200,2026-01-08 17:35:00,385.28,-60.81,-23.43,58.86,38.17,29.31,381,8,48012.8,23.2,61.5,77.1,3.83,6.03,24.83,44.77,43.03,AC,17,0.00425,0.0032,627,71.4,93.33,297.5,1888,Low
EV000263,2026-01-08 17:40:00,389.28,-157.02,-61.13,16.69,15.0,-8.32,1579,743,5334.5,85.4,37.8,58.7,4.02,7.86,13.66,32.75,25.54,DC,72,0.00902,0.00644,67,42.6,72.97,60.8,678,High
EV000125,2026-01-08 17:45:00,331.62,-77.2,-25.6,8.57,46.78,36.94,582,52,37785.5,56.8,43.7,89.3,1.24,3.4,16.57,61.98,53.36,DC,169,0.00726,0.00368,577,66.0,89.76,40.0,1661,Medium
EV000157,2026-01-08 17:50:00,404.1,-180.03,-72.75,53.74,19.48,2.38,907,364,224803.3,88.6,50.0,97.5,2.69,5.27,17.48,31.04,24.05,DC,148,0.00612,0.00511,3065,70.4,80.86,233.3,1223,Medium
EV000030,2026-01-08 17:55:00,348.24,132.96,46.3,5.28,15.0,-8.88,587,219,9513.1,54.2,29.2,78.6,2.97,1.6,24.22,29.81,28.75,DC,176,0.0075,0.00371,127,77.6,89.81,40.0,1639,Medium
EV000061,2026-01-08 18:00:00,333.98,147.58,49.29,52.64,51.7,41.8,451,84,120834.5,177.9,25.7,73.3,0.99,5.3,13.12,63.72,59.69,AC,19,0.00529,0.00364,1818,61.0,88.43,173.2,1544,Medium
EV000212,2026-01-08 18:05:00,330.54,-214.48,-70.89,68.09,15.0,-5.65,1018,249,15836.2,104.1,84.6,122.8,3.46,5.27,14.47,25.21,25.17,DC,15,0.00793,0.00509,453,45.6,84.22,250.4,1304,Medium
EV000257,2026-01-08 18:10:00,387.96,193.41,75.03,76.46,15.0,3.77,657,374,9401.0,55.9,53.5,83.0,2.93,5.78,17.38,20.78,22.47,AC,54,0.00814,0.00398,176,26.8,88.35,302.5,1600,Medium
EV000216,2026-01-08 18:15:00,331.93,69.17,22.96,39.35,15.0,3.15,1096,564,222208.0,171.1,91.4,105.1,1.02,5.47,23.85,30.72,29.82,DC,100,0.00802,0.00604,2930,22.5,76.99,175.9,944,High
EV000107,2026-01-08 18:20:00,333.6,80.46,26.84,75.15,31.69,23.13,713,175,47261.6,80.6,71.0,123.3,2.24,2.12,17.38,47.13,45.51,AC,155,0.00805,0.0042,1970,77.4,86.18,310.8,1424,Medium
EV000085,2026-01-08 18:25:00,346.63,-9.03,-3.13,96.43,29.87,20.03,24,8,75188.2,132.8,24.0,62.8,0.28,0.37,18.97,42.78,36.73,DC,118,0.00484,0.00318,2811,75.6,94.53,530.6,1867,Low
EV000173,2026-01-08 18:30:00,356.42,159.12,56.71,52.99,15.0,0.43,311,179,74333.0,21.3,104.3,141.1,0.63,5.58,21.62,30.38,23.86,DC,115,0.00559,0.00328,1073,63.8,93.51,286.8,1896,Low
EV000066,2026-01-08 18:35:00,405.65,-68.7,-27.87,76.21,24.21,19.33,98,0,78442.7,145.1,99.2,141.8,3.47,5.8,15.41,36.66,36.19,AC,42,0.00609,0.00223,2997,42.1,93.62,356.2,1923,Low
EV000201,2026-01-08 18:40:00,342.51,153.96,52.73,16.23,20.49,8.64,1461,135,34885.3,244.3,32.0,84.2,2.82,7.76,19.06,34.83,31.09,DC,70,0.00999,0.0064,1210,31.4,79.1,55.4,1067,High
EV000138,2026-01-08 18:45:00,360.76,-126.98,-45.81,24.6,42.51,34.24,1650,898,65726.4,65.1,33.8,73.6,4.32,0.12,14.13,60.39,55.47,DC,170,0.01035,0.00737,1508,24.7,68.87,86.8,480,High
EV000001,2026-01-08 18:50:00,382.8,30.95,11.85,67.56,15.0,7.42,649,36,80968.7,4.2,98.2,134.8,0.7,3.73,14.16,27.04,25.29,DC,40,0.0074,0.00481,2127,24.4,87.57,323.2,1533,Medium
EV000182,2026-01-08 18:55:00,397.25,96.92,38.5,28.78,15.0,-2.18,197,50,47870.8,137.6,39.5,56.8,4.32,0.06,22.32,29.27,28.71,DC,134,0.00588,0.00384,2372,70.7,93.36,136.1,1812,Low
EV000280,2026-01-08 19:00:00,399.74,20.01,8.0,27.71,30.57,14.16,1027,129,16148.7,149.5,115.3,141.7,3.12,4.4,15.96,44.32,36.2,AC,89,0.00636,0.00542,297,36.0,85.55,116.1,1416,Medium
EV000224,2026-01-08 19:05:00,358.61,-175.83,-63.06,31.16,20.3,15.0,753,393,86528.4,82.7,23.7,80.0,1.13,7.95,13.28,25.59,31.56,AC,34,0.00874,0.00517,1121,85.5,85.76,146.6,1406,Medium
EV000086,2026-01-08 19:10:00,387.24,58.07,22.49,70.85,30.15,14.05,231,108,20071.0,155.3,19.3,79.1,1.62,5.94,19.23,42.0,35.19,AC,52,0.00625,0.00368,706,30.8,95.09,362.7,1982,Low
EV000195,2026-01-08 19:15:00,341.34,211.75,72.28,32.56,41.42,31.25,1368,460,65335.6,205.6,53.7,99.8,1.93,3.59,24.39,50.14,50.33,DC,48,0.00913,0.00617,2722,57.3,74.03,144.0,724,High
EV000265,2026-01-08 19:20:00,389.26,103.58,40.32,46.44,24.14,12.63,1460,255,36784.1,80.5,112.2,167.5,0.3,4.5,16.77,31.09,27.64,DC,42,0.01101,0.00543,608,48.4,78.17,138.2,941,High
EV000229,2026-01-08 19:25:00,366.84,92.64,33.99,91.05,31.44,25.45,1299,174,120224.7,126.5,114.2,138.6,1.12,6.59,15.54,49.55,44.01,DC,138,0.00732,0.00534,2785,71.1,78.66,269.3,963,High
EV000144,2026-01-08 19:30:00,334.74,-190.61,-63.8,70.7,19.61,8.6,940,176,41808.4,182.2,72.2,114.6,0.26,4.14,14.07,33.98,25.74,AC,129,0.0076,0.00512,1663,43.2,84.59,347.3,1380,Medium
EV000036,2026-01-08 19:35:00,369.69,57.5,21.26,83.54,57.25,40.27,1704,387,2620.4,138.5,63.8,114.3,2.92,7.16,14.98,70.72,66.94,AC,40,0.01179,0.00683,68,85.2,72.6,342.0,625,High
EV000029,2026-01-08 19:40:00,322.41,31.94,10.3,52.98,48.87,35.65,195,110,98401.3,188.1,102.4,143.2,1.11,6.01,13.51,67.41,57.92,AC,39,0.00513,0.0027,1554,43.0,92.15,272.7,1692,Low
EV000087,2026-01-08 19:45:00,373.41,-77.4,-28.9,9.95,28.28,12.1,871,337,166511.2,87.2,119.6,154.9,4.07,0.45,24.81,34.51,42.73,DC,156,0.00736,0.00488,2221,68.1,81.74,43.3,1223,Medium
EV000213,2026-01-08 19:50:00,401.03,-190.12,-76.25,53.49,15.0,-7.0,874,351,103418.8,116.6,22.9,64.6,4.43,0.44,20.13,26.6,20.63,DC,114,0.00804,0.00492,1401,69.7,84.05,230.8,1334,Medium
EV000286,2026-01-08 19:55:00,370.99,154.67,57.38,13.85,17.09,10.68,1114,647,120489.6,146.7,112.0,151.2,1.03,6.96,20.32,22.42,21.91,DC,116,0.00855,0.00543,2983,87.2,75.9,54.4,951,High
EV000200,2026-01-08 20:00:00,387.18,211.02,81.7,40.64,34.81,18.74,1260,626,5038.3,200.2,61.0,104.9,1.74,4.81,12.88,41.15,44.16,DC,28,0.00889,0.00653,81,76.8,78.53,136.0,1062,High
EV000030,2026-01-08 20:05:00,347.91,152.02,52.89,24.31,33.67,19.69,1705,998,161418.1,39.1,114.9,168.7,4.07,4.85,14.31,46.21,46.17,AC,132,0.01005,0.00691,2227,75.9,66.78,64.6,335,High
EV000172,2026-01-08 20:10:00,354.9,-16.45,-5.84,60.01,35.68,19.52,527,312,57171.0,213.6,66.1,108.6,3.33,0.36,16.44,48.38,42.28,AC,170,0.00484,0.00482,1468,77.7,87.66,209.0,1472,Medium
EV000286,2026-01-08 20:15:00,327.73,-50.77,-16.64,28.79,19.72,8.37,207,78,122176.1,27.1,107.2,157.8,4.42,1.92,19.21,35.11,27.77,DC,150,0.00576,0.00297,2073,31.7,94.14,97.2,1868,Low
EV000075,2026-01-08 20:20:00,392.69,-167.57,-65.8,82.82,16.95,8.6,1215,292,59356.6,192.9,85.1,100.9,1.13,5.41,24.01,34.58,22.45,AC,36,0.01001,0.00493,868,88.2,81.74,343.9,1178,Medium
EV000228,2026-01-08 20:25:00,371.79,120.54,44.82,35.97,15.0,-7.42,843,218,71731.8,28.3,86.0,132.9,0.4,6.71,18.38,22.83,21.63,DC,154,0.00638,0.00408,1985,76.9,85.13,158.1,1402,Medium
EV000258,2026-01-08 20:30:00,393.35,-129.24,-50.84,50.69,42.84,28.04,1302,252,88475.2,196.5,43.2,79.4,0.24,3.82,18.3,61.61,47.06,AC,96,0.00764,0.00516,1270,78.6,79.67,217.7,1032,High
EV000057,2026-01-08 20:35:00,376.47,-48.12,-18.12,27.16,15.04,6.54,870,136,128793.2,68.5,47.7,72.7,4.24,5.59,23.0,29.16,20.86,AC,75,0.00828,0.00536,2942,91.1,83.65,87.1,1333,Medium
EV000154,2026-01-08 20:40:00,377.7,122.13,46.13,45.8,19.91,16.83,682,98,105037.6,99.3,88.9,103.4,3.9,2.56,15.55,33.85,23.89,AC,138,0.0076,0.004,3259,62.7,87.05,154.6,1448,Medium
EV000228,2026-01-08 20:45:00,393.71,-79.0,-31.1,40.14,15.0,-9.33,1270,299,12589.6,241.6,107.1,124.9,0.86,1.91,16.32,26.56,27.52,AC,176,0.00816,0.00546,291,39.6,81.57,193.6,1200,Medium
EV000199,2026-01-08 20:50:00,399.9,29.06,11.62,14.7,33.89,17.37,1064,368,75768.8,52.9,119.4,151.0,2.47,7.69,13.66,42.07,46.5,DC,141,0.00974,0.00507,1682,39.3,80.28,49.1,1159,Medium
EV000082,2026-01-08 20:55:00,359.81,-11.74,-4.22,94.07,34.0,23.11,1776,413,17206.6,139.1,59.2,71.4,2.82,3.52,16.91,44.37,43.88,DC,64,0.01199,0.00707,282,65.3,72.64,333.9,617,High
EV000054,2026-01-08 21:00:00,354.08,46.28,16.39,32.69,15.0,1.18,1347,145,155073.2,94.3,59.8,70.5,0.46,0.32,15.86,26.11,24.07,AC,81,0.00741,0.00566,2649,36.2,79.18,100.0,1034,High
EV000172,2026-01-08 21:05:00,389.35,-63.24,-24.62,64.79,26.26,14.25,378,50,163539.2,52.7,49.2,91.1,2.63,0.42,20.43,44.63,35.52,DC,22,0.00505,0.00404,3344,71.9,90.57,303.6,1616,Low
EV000147,2026-01-08 21:10:00,387.21,-101.57,-39.33,50.04,24.33,15.39,836,118,130552.5,2.5,90.1,124.6,3.53,0.78,14.4,35.08,34.82,AC,169,0.00683,0.00396,3334,40.2,84.56,195.0,1415,Medium
EV000051,2026-01-08 21:15:00,357.09,89.73,32.04,99.83,18.04,5.31,312,22,259556.2,177.7,70.7,90.2,4.1,7.39,12.17,32.82,29.35,DC,157,0.00583,0.00398,3463,58.9,90.53,362.5,1685,Low
EV000166,2026-01-08 21:20:00,390.37,-190.13,-74.22,80.76,41.81,31.25,996,387,81758.2,169.9,46.3,105.1,2.49,0.44,15.87,47.81,46.51,DC,53,0.00869,0.00512,2142,60.4,79.65,229.2,1124,High
EV000024,2026-01-08 21:25:00,321.51,58.22,18.72,24.36,35.14,27.05,1389,256,104829.5,101.6,75.2,119.7,3.61,3.65,22.95,43.86,45.2,AC,135,0.00825,0.00525,3089,85.9,75.88,96.1,881,High
EV000006,2026-01-08 21:30:00,364.76,-210.08,-76.63,27.27,15.0,-2.64,1692,98,44468.9,182.3,21.6,51.3,1.13,7.33,20.63,31.72,22.99,AC,99,0.00986,0.00632,1604,47.6,75.82,109.9,821,High
EV000004,2026-01-08 21:35:00,324.32,46.45,15.07,59.8,17.01,2.68,889,353,53797.4,99.1,46.3,89.2,1.66,4.49,21.26,23.68,29.27,AC,126,0.00598,0.00446,913,40.6,85.04,230.8,1446,Medium
EV000276,2026-01-08 21:40:00,335.94,-188.69,-63.39,98.94,15.0,-8.66,661,346,87363.8,120.9,118.4,177.9,0.66,4.91,18.57,26.26,27.76,DC,146,0.00507,0.00456,1115,26.0,85.77,418.2,1414,Medium
EV000182,2026-01-08 21:45:00,409.69,215.08,88.12,47.73,48.22,41.2,114,56,58432.0,216.7,17.0,46.2,1.6,1.09,15.33,60.79,53.25,AC,144,0.00249,0.00286,2160,88.2,93.76,231.0,1901,Low
EV000251,2026-01-08 21:50:00,385.53,97.74,37.68,35.54,31.33,25.16,1794,653,7131.4,144.5,97.7,137.7,0.59,7.57,23.16,39.61,35.43,DC,175,0.01131,0.00775,251,80.9,70.81,121.9,647,High
EV000163,2026-01-08 21:55:00,340.92,-131.52,-44.84,90.7,17.57,1.18,1573,595,81583.1,196.2,48.4,95.5,4.29,1.67,15.35,24.28,22.11,DC,24,0.01168,0.00719,1380,33.2,73.79,262.6,727,High
EV000171,2026-01-08 22:00:00,373.46,143.96,53.76,55.14,18.24,0.84,756,300,234156.7,44.1,104.8,140.1,1.56,2.62,16.78,34.08,23.5,AC,39,0.00753,0.00428,3218,48.1,81.97,158.5,1213,Medium
EV000110,2026-01-08 22:05:00,329.89,184.38,60.83,43.3,40.02,24.14,1028,429,167680.4,51.4,34.4,79.1,3.78,4.97,21.81,56.76,54.12,AC,172,0.00955,0.00606,2481,87.8,79.21,203.3,1094,High
EV000211,2026-01-08 22:10:00,328.79,35.12,11.55,21.69,23.14,17.87,283,41,61193.2,240.9,83.2,101.2,0.96,6.47,16.07,31.11,35.7,AC,58,0.00354,0.00309,2094,22.8,93.02,90.7,1739,Low
EV000091,2026-01-08 22:15:00,379.94,83.32,31.66,5.14,15.33,10.61,1388,628,107527.5,221.5,15.6,72.2,0.34,1.93,18.0,29.18,21.15,AC,82,0.00975,0.0066,3650,80.3,70.65,40.0,555,High
EV000066,2026-01-08 22:20:00,337.01,-201.66,-67.96,92.39,15.0,-3.84,36,20,30548.5,222.8,65.7,112.7,2.14,0.43,24.72,22.62,23.81,AC,66,0.00529,0.00278,1351,25.0,96.61,396.0,2036,Low
EV000072,2026-01-08 22:25:00,401.92,201.26,80.89,44.51,24.91,7.44,72,9,26094.1,86.8,62.5,72.7,1.65,1.7,24.43,32.19,28.74,DC,23,0.00298,0.00323,562,82.8,98.67,258.7,2106,Low
EV000173,2026-01-08 22:30:00,387.2,-60.54,-23.44,91.73,24.23,8.95,736,65,147298.3,6.5,23.4,38.0,1.3,1.57,21.75,42.78,39.2,AC,98,0.00554,0.00414,2274,64.4,86.82,400.3,1449,Medium
EV000266,2026-01-08 22:35:00,392.45,42.91,16.84,80.69,15.0,10.09,1245,594,48366.0,111.8,96.4,116.1,1.75,1.61,13.45,21.59,24.55,DC,79,0.01031,0.00528,1483,36.0,78.08,356.4,997,High
EV000016,2026-01-08 22:40:00,366.91,40.22,14.76,53.07,45.0,36.14,1226,337,134805.8,168.4,62.5,118.7,3.69,1.81,17.33,58.26,48.08,AC,109,0.00832,0.00633,1974,75.5,76.7,168.7,896,High
EV000171,2026-01-08 22:45:00,331.13,206.22,68.28,83.86,49.31,33.17,1249,544,87475.6,17.8,35.1,88.0,2.75,6.93,23.97,64.65,59.23,DC,106,0.00727,0.00619,1359,29.0,75.07,227.0,780,High
EV000086,2026-01-08 22:50:00,400.24,-194.22,-77.74,17.07,47.7,34.17,1237,719,126565.3,112.2,77.2,105.7,0.56,4.43,18.16,56.88,54.02,AC,162,0.00798,0.00562,3219,58.8,71.57,52.0,674,High
EV000194,2026-01-08 22:55:00,351.65,156.87,55.16,87.9,15.0,-2.12,1667,224,256994.9,248.6,64.6,113.8,2.82,0.53,16.79,33.07,24.74,AC,93,0.00953,0.00711,3390,39.8,72.99,306.7,674,High
EV000196,2026-01-08 23:00:00,324.71,-155.99,-50.65,46.79,35.01,24.14,916,439,137279.2,6.5,88.6,115.8,2.31,5.93,21.57,42.89,43.53,AC,62,0.00815,0.00513,2232,94.3,80.81,190.2,1093,Medium
EV000138,2026-01-08 23:05:00,325.48,103.72,33.76,13.38,24.82,19.2,132,51,36416.3,73.6,56.0,115.1,3.86,4.2,24.94,37.78,33.7,AC,55,0.006,0.00239,800,74.1,97.65,60.2,2054,Low
EV000192,2026-01-08 23:10:00,359.53,182.51,65.62,99.56,27.36,22.85,910,318,41549.2,231.6,79.4,122.8,0.31,7.61,23.18,43.8,34.7,DC,110,0.00752,0.00478,1695,52.4,83.46,326.6,1261,Medium
EV000253,2026-01-08 23:15:00,335.62,-87.37,-29.32,82.55,19.38,12.89,1385,239,66958.5,58.5,68.4,100.9,1.57,1.52,14.3,26.49,33.64,DC,70,0.00861,0.00562,1467,39.5,78.89,271.5,978,High
EV000116,2026-01-08 23:20:00,363.43,-82.83,-30.1,12.39,48.2,35.14,1212,704,13446.3,220.7,57.1,109.8,1.12,7.35,14.26,61.32,59.81,AC,104,0.00815,0.0063,214,46.7,77.64,46.8,1011,High
EV000215,2026-01-08 23:25:00,337.88,-101.61,-34.33,66.53,15.0,-6.16,201,119,43332.7,73.5,115.9,159.3,3.72,1.31,13.82,25.01,25.63,DC,169,0.0056,0.00371,746,43.0,95.34,377.1,1925,Low
EV000159,2026-01-08 23:30:00,342.65,-1.2,-0.41,49.19,38.1,28.27,1500,781,167046.8,13.0,105.6,131.6,3.27,0.59,16.62,54.98,41.28,AC,103,0.01115,0.00704,2700,57.2,68.98,176.9,443,High
EV000186,2026-01-08 23:35:00,406.7,-63.69,-25.9,80.39,17.48,4.54,1220,446,63054.8,89.1,69.8,128.7,2.29,7.97,24.0,23.85,26.71,AC,67,0.00835,0.00626,789,94.4,80.43,338.3,1098,Medium
EV000255,2026-01-08 23:40:00,367.8,122.09,44.9,9.73,16.81,4.06,1425,373,56243.9,116.4,70.2,123.2,3.79,4.07,19.12,30.21,24.0,DC,72,0.01124,0.00568,1084,46.9,78.22,40.0,935,High
EV000247,2026-01-08 23:45:00,346.56,155.09,53.75,90.33,45.07,33.49,798,137,129062.0,236.0,45.1,91.4,2.44,5.2,22.17,53.22,53.97,DC,128,0.00809,0.00509,1647,60.1,86.27,276.5,1465,Medium
EV000204,2026-01-08 23:50:00,357.71,201.51,72.08,47.5,17.55,0.58,1650,345,84457.0,137.8,68.0,107.5,2.6,7.04,23.45,28.99,22.59,AC,46,0.01217,0.00629,3301,84.7,71.54,126.2,615,High
EV000231,2026-01-08 23:55:00,381.66,-96.97,-37.01,61.38,17.8,12.32,1157,358,40777.2,125.2,108.1,157.2,3.07,0.09,23.83,23.18,24.03,DC,24,0.00866,0.00547,1441,42.2,81.36,245.3,1143,Medium
EV000251,2026-01-09 00:00:00,378.14,7.63,2.88,37.65,51.52,40.55,891,251,106588.1,136.6,18.3,36.3,3.86,6.96,23.9,69.19,61.62,AC,62,0.00897,0.00423,2330,42.7,81.02,141.5,1090,Medium
EV000216,2026-01-09 00:05:00,358.29,-23.84,-8.54,45.48,16.59,4.67,107,61,31142.1,51.9,99.4,139.4,1.02,0.91,23.25,29.37,20.55,AC,89,0.00439,0.00369,537,23.8,96.35,197.7,1959,Low
EV000218,2026-01-09 00:10:00,387.43,77.15,29.89,61.19,44.72,31.07,957,306,162011.4,166.9,55.9,67.7,4.35,2.18,23.86,61.77,54.93,DC,25,0.00969,0.00537,2329,58.6,81.23,200.2,1221,Medium
EV000084,2026-01-09 00:15:00,345.24,111.67,38.55,46.4,41.39,33.08,636,29,158216.9,208.2,78.9,94.3,0.82,2.96,12.9,55.07,48.25,DC,100,0.00726,0.00374,2031,63.9,87.18,144.4,1496,Medium
EV000248,2026-01-09 00:20:00,387.07,-134.36,-52.01,82.63,19.86,14.87,1216,82,47175.4,160.1,99.2,127.9,4.06,2.11,14.37,39.79,24.96,DC,153,0.00827,0.00586,919,63.4,84.4,330.3,1418,Medium
EV000236,2026-01-09 00:25:00,370.3,-99.34,-36.79,51.95,17.28,14.1,1380,233,186287.5,130.8,79.6,126.7,2.38,0.57,20.57,23.25,23.71,DC,139,0.011,0.00564,2400,62.6,77.24,210.7,899,High
EV000073,2026-01-09 00:30:00,345.33,-1.61,-0.56,18.01,20.56,16.22,1323,626,123199.3,40.2,103.1,125.4,3.53,5.17,19.09,31.3,28.84,DC,163,0.01035,0.00686,2256,66.4,74.62,50.3,877,High
EV000170,2026-01-09 00:35:00,359.58,195.65,70.35,42.01,33.02,26.36,1185,377,10426.0,18.1,105.7,126.0,3.71,3.81,13.88,41.91,41.25,AC,108,0.00745,0.00497,153,93.2,81.81,166.6,1241,Medium
EV000014,2026-01-09 00:40:00,381.07,140.9,53.69,42.79,27.13,16.29,634,371,43940.8,125.5,30.2,52.2,1.52,3.89,13.88,46.84,32.41,AC,17,0.00608,0.00501,883,51.4,87.75,155.6,1528,Medium
EV000285,2026-01-09 00:45:00,364.93,199.09,72.65,12.83,45.02,34.5,951,246,219530.2,36.1,116.2,132.1,3.91,3.57,17.87,64.73,56.45,DC,120,0.00613,0.00456,3307,58.5,79.19,42.6,1006,High
EV000058,2026-01-09 00:50:00,346.5,37.88,13.13,68.44,28.51,23.31,1375,640,63107.5,42.2,40.0,74.7,3.94,0.17,17.91,45.97,39.73,DC,87,0.01007,0.00622,1311,83.3,74.93,303.7,897,High
EV000170,2026-01-09 00:55:00,352.28,217.74,76.71,93.03,17.82,7.94,968,220,20784.2,62.0,103.1,156.8,0.59,1.33,15.99,34.1,30.65,DC,71,0.00708,0.00551,523,40.6,86.06,325.0,1375,Medium
EV000282,2026-01-09 01:00:00,381.02,193.69,73.8,60.52,15.0,0.69,1060,8,22411.1,138.9,71.6,112.9,3.43,6.19,21.24,20.88,23.66,DC,173,0.00734,0.00492,780,76.8,87.12,234.4,1548,Medium
EV000107,2026-01-09 01:05:00,323.22,-99.23,-32.07,38.83,15.0,-7.33,728,218,103361.8,222.0,63.7,117.6,2.48,7.19,15.37,32.43,19.0,AC,177,0.0088,0.00375,1431,46.6,86.6,143.1,1466,Medium
EV000274,2026-01-09 01:10:00,361.32,-43.75,-15.81,17.17,30.68,23.55,1410,149,46851.9,69.3,38.8,59.1,2.36,2.31,12.79,37.6,38.17,AC,79,0.01,0.00574,1012,81.7,81.21,57.9,1122,Medium
EV000203,2026-01-09 01:15:00,363.35,184.01,66.86,89.1,15.0,-7.92,653,213,91123.8,212.2,64.9,113.0,1.29,5.04,21.21,30.07,25.74,AC,103,0.00722,0.00461,3061,94.5,85.98,350.7,1504,Medium
EV000120,2026-01-09 01:20:00,348.06,-101.48,-35.32,72.75,34.11,26.74,1246,494,229875.1,108.7,28.8,49.9,0.78,4.4,19.6,41.13,39.48,AC,60,0.00736,0.0063,3617,54.5,73.17,187.4,773,High
EV000204,2026-01-09 01:25:00,367.11,131.31,48.2,56.82,46.56,38.25,537,267,75033.7,209.1,43.2,78.8,1.03,1.85,19.23,56.05,53.69,AC,35,0.00706,0.00442,2344,20.6,86.73,220.9,1508,Medium
EV000283,2026-01-09 01:30:00,370.66,181.16,67.15,76.0,18.18,11.81,1413,80,45538.9,69.7,107.1,120.2,0.76,7.89,23.7,24.32,26.84,AC,71,0.01007,0.00632,1291,84.7,80.83,235.4,1167,Medium
EV000196,2026-01-09 01:35:00,379.92,208.23,79.11,56.71,15.0,4.94,1519,401,14230.6,196.9,22.2,52.7,3.6,6.95,18.4,23.28,24.35,DC,178,0.01152,0.00636,703,38.8,76.96,191.9,961,High
EV000008,2026-01-09 01:40:00,328.92,89.67,29.49,8.38,15.0,-5.56,865,325,96220.1,8.1,29.8,41.9,3.45,0.63,12.95,30.95,22.86,DC,154,0.00834,0.00491,1931,37.8,83.38,40.0,1331,Medium
EV000151,2026-01-09 01:45:00,394.97,41.91,16.55,94.71,38.93,23.5,504,89,137791.2,167.6,82.1,126.9,3.45,0.24,20.87,48.4,49.95,AC,83,0.00462,0.00344,2724,66.9,87.18,440.4,1454,Medium
EV000277,2026-01-09 01:50:00,326.96,-83.69,-27.36,6.52,22.41,5.27,426,160,35925.5,17.3,32.8,63.3,1.09,6.27,19.7,33.21,33.28,AC,33,0.00615,0.0033,870,82.4,91.2,40.0,1787,Low
EV000087,2026-01-09 01:55:00,381.06,-56.8,-21.64,13.09,38.88,23.67,288,54,68379.4,6.6,53.6,68.3,0.89,1.13,13.72,56.65,53.37,DC,64,0.00324,0.00313,2072,79.5,91.32,47.0,1766,Low
EV000223,2026-01-09 02:00:00,383.99,126.71,48.65,47.53,39.4,28.13,464,165,67636.3,116.6,23.3,55.9,1.22,2.08,21.91,57.27,51.9,AC,172,0.00526,0.00432,1161,40.8,91.32,242.1,1700,Low
EV000047,2026-01-09 02:05:00,383.67,-103.02,-39.52,58.6,18.14,4.48,207,12,191022.1,231.3,110.8,131.0,4.49,1.34,15.49,36.72,21.47,DC,40,0.00558,0.00383,2796,31.3,93.99,263.6,1896,Low
EV000185,2026-01-09 02:10:00,385.67,110.68,42.69,26.44,16.99,5.63,306,30,169454.6,246.1,35.4,62.6,2.18,3.47,14.69,28.19,21.85,DC,42,0.00328,0.00347,2999,48.9,90.69,97.3,1621,Low
EV000091,2026-01-09 02:15:00,357.35,-83.1,-29.7,50.14,15.0,-3.82,1117,22,86594.7,39.8,109.3,159.3,4.21,2.43,24.45,20.31,19.2,DC,32,0.00708,0.00442,2954,26.1,82.09,163.8,1197,Medium
EV000225,2026-01-09 02:20:00,330.5,165.92,54.84,82.88,15.0,-6.93,1716,818,195781.3,188.1,22.5,74.9,1.38,0.92,21.54,21.9,21.68,AC,39,0.01264,0.00646,2682,62.3,68.27,326.5,525,High
EV000052,2026-01-09 02:25:00,388.86,-145.25,-56.48,78.94,16.17,12.56,1651,885,26002.3,9.1,23.7,37.8,0.83,1.9,16.59,35.8,23.7,DC,174,0.01242,0.00744,1001,36.5,68.97,292.4,555,High
EV000235,2026-01-09 02:30:00,351.81,203.27,71.51,22.9,15.0,-5.0,1470,853,65648.5,150.1,89.8,113.2,1.91,6.18,20.13,33.27,19.69,DC,87,0.01147,0.00607,987,32.6,71.18,91.0,560,High
EV000289,2026-01-09 02:35:00,375.87,42.1,15.82,16.08,24.29,13.55,355,59,98448.1,158.2,15.6,63.5,3.29,7.71,13.19,34.18,32.87,AC,31,0.00703,0.00424,1762,93.8,92.08,64.9,1702,Low
EV000220,2026-01-09 02:40:00,344.19,-39.36,-13.55,89.55,44.65,37.61,1238,715,153734.2,133.0,29.9,71.4,3.02,6.88,18.43,62.92,50.49,AC,168,0.00983,0.00658,3189,49.5,71.59,283.8,637,High
EV000096,2026-01-09 02:45:00,371.51,178.83,66.44,48.99,34.74,24.1,551,156,106540.1,168.3,81.3,104.4,3.19,5.22,19.17,54.05,46.41,DC,51,0.00492,0.00397,1608,30.8,88.32,192.8,1498,Medium
EV000012,2026-01-09 02:50:00,371.89,-217.16,-80.76,56.44,15.0,-1.06,1580,58,1613.4,88.1,111.8,153.4,3.78,6.92,20.34,34.98,29.79,DC,137,0.01065,0.00581,55,66.7,80.01,208.9,1155,Medium
EV000109,2026-01-09 02:55:00,376.24,-151.2,-56.89,77.79,44.31,37.08,249,21,171739.2,110.9,85.1,133.4,2.71,1.2,14.23,51.43,56.23,DC,171,0.0053,0.00271,3317,71.0,90.15,361.2,1596,Low
EV000139,2026-01-09 03:00:00,325.92,-45.7,-14.89,45.87,42.1,36.87,1516,665,23077.1,74.6,51.7,104.3,3.19,4.59,23.91,61.96,56.86,AC,73,0.01027,0.00617,802,91.2,73.63,173.4,824,High
EV000083,2026-01-09 03:05:00,354.81,3.3,1.17,92.66,17.67,9.01,1557,151,66946.6,121.3,108.3,127.2,2.95,0.3,21.77,26.86,31.9,DC,116,0.00994,0.00598,1017,44.0,79.19,432.6,1126,High
EV000240,2026-01-09 03:10:00,385.26,-65.67,-25.3,98.31,48.47,30.6,762,378,146687.4,228.2,39.7,63.8,2.26,7.82,14.2,65.43,55.9,DC,71,0.008,0.00421,2687,82.1,81.31,396.3,1250,Medium
EV000289,2026-01-09 03:15:00,409.07,60.07,24.57,85.92,16.05,11.79,273,0,180645.2,141.6,50.2,91.7,0.83,3.32,16.42,29.09,19.18,DC,102,0.00316,0.00341,2728,51.6,93.75,374.9,1780,Low
EV000278,2026-01-09 03:20:00,359.41,124.17,44.63,98.2,25.33,19.56,1768,234,151235.7,109.9,61.0,78.0,3.16,5.89,20.51,43.81,39.66,AC,63,0.00911,0.00647,3372,27.9,71.9,376.7,728,High
EV000274,2026-01-09 03:25:00,341.92,67.94,23.23,26.83,22.02,16.28,1655,957,37036.5,216.6,79.6,103.8,1.0,0.66,14.52,32.95,32.92,DC,165,0.00933,0.00783,1517,36.4,67.94,92.9,453,High
EV000027,2026-01-09 03:30:00,394.85,26.66,10.53,30.03,26.59,11.0,1411,751,2389.6,2.3,35.6,54.8,2.97,0.02,23.77,35.08,32.55,AC,120,0.00926,0.0058,44,65.9,76.2,103.9,959,High
EV000174,2026-01-09 03:35:00,358.86,65.3,23.43,34.89,15.0,-7.34,1568,735,35068.4,56.2,16.0,36.7,3.76,4.3,19.35,25.34,22.44,DC,94,0.01219,0.00679,442,35.5,73.46,114.6,728,High
EV000039,2026-01-09 03:40:00,361.23,189.36,68.4,11.91,38.95,35.15,846,310,118581.7,163.4,19.0,51.4,3.53,5.77,14.06,50.87,42.08,DC,111,0.00813,0.00436,2872,85.0,82.1,57.9,1276,Medium
EV000202,2026-01-09 03:45:00,354.53,-210.62,-74.67,76.97,24.45,17.44,1121,95,75228.7,171.4,112.8,150.9,2.41,7.46,17.84,34.78,29.38,AC,180,0.00836,0.00536,2294,20.8,82.35,268.1,1193,Medium
EV000136,2026-01-09 03:50:00,368.57,46.36,17.09,87.19,20.58,10.79,318,157,69121.9,197.7,28.9,53.8,4.09,7.5,23.18,34.65,24.73,DC,133,0.00581,0.00346,3431,63.0,90.51,461.3,1694,Low
EV000203,2026-01-09 03:55:00,380.94,124.59,47.46,98.29,33.26,24.07,503,146,21815.2,12.4,82.5,121.9,3.29,2.18,22.81,41.92,42.62,DC,85,0.00715,0.00361,757,24.0,90.57,475.5,1671,Low
EV000298,2026-01-09 04:00:00,336.11,68.32,22.96,29.69,50.53,35.84,991,510,99981.2,220.9,87.8,143.3,3.25,0.17,20.09,69.2,61.73,AC,102,0.00654,0.00469,3237,67.6,75.42,117.4,837,High
EV000182,2026-01-09 04:05:00,358.92,200.88,72.1,39.42,37.89,26.58,543,221,127961.7,7.9,114.9,137.5,3.04,4.63,15.49,53.19,52.12,AC,43,0.00496,0.00398,2140,55.5,86.41,178.3,1469,Medium
EV000057,2026-01-09 04:10:00,399.66,-165.36,-66.09,43.95,40.62,27.21,193,15,65523.8,71.7,56.4,102.4,2.09,4.22,21.57,46.26,45.49,DC,45,0.00481,0.00312,2320,51.9,94.17,145.5,1824,Low
EV000006,2026-01-09 04:15:00,382.24,20.1,7.68,10.82,15.0,2.21,1728,482,46891.6,135.5,27.1,56.7,3.89,0.39,12.17,29.67,24.71,DC,100,0.00966,0.00659,1401,35.0,72.6,42.6,730,High
EV000005,2026-01-09 04:20:00,329.98,-25.09,-8.28,96.96,30.44,25.39,1541,214,39120.0,209.5,77.1,109.7,4.0,4.75,15.17,46.46,38.54,AC,36,0.00879,0.00655,746,63.6,78.17,453.9,1064,High
EV000103,2026-01-09 04:25:00,400.67,-219.24,-87.84,59.32,15.0,-6.1,1712,621,11340.2,149.4,28.0,62.7,1.06,1.08,23.02,29.56,29.23,DC,46,0.01134,0.00661,228,22.9,72.62,239.1,615,High
EV000157,2026-01-09 04:30:00,334.71,-183.89,-61.55,53.18,34.85,30.88,1767,693,253513.9,75.9,55.0,75.0,2.91,6.98,12.52,49.58,43.42,AC,24,0.0116,0.00773,3572,46.5,66.8,162.8,450,High
EV000081,2026-01-09 04:35:00,362.16,-57.28,-20.75,89.95,23.36,5.81,650,271,242136.6,47.6,22.8,47.7,0.82,1.53,20.6,38.59,30.16,AC,155,0.00734,0.0038,3232,86.2,85.56,373.9,1359,Medium
EV000249,2026-01-09 04:40:00,400.48,-123.18,-49.33,83.4,46.63,28.79,1079,609,72880.1,80.2,84.4,108.4,2.97,0.4,14.26,66.42,60.79,DC,72,0.00655,0.00591,1646,74.5,77.74,256.6,949,High
EV000108,2026-01-09 04:45:00,380.85,186.52,71.04,82.3,15.0,0.98,1468,821,5321.9,193.6,76.3,91.0,2.88,8.0,16.51,21.74,26.56,DC,35,0.00865,0.00715,151,31.3,74.54,331.5,806,High
EV000107,2026-01-09 04:50:00,366.2,57.48,21.05,76.37,18.16,13.79,304,165,87037.5,85.1,111.0,149.9,4.13,3.02,18.21,34.72,32.74,DC,171,0.0069,0.00407,1792,33.2,92.77,251.1,1847,Low
EV000136,2026-01-09 04:55:00,337.34,-20.3,-6.85,77.67,15.0,-4.77,234,100,116046.9,18.5,110.0,144.2,0.39,2.0,14.51,25.38,29.6,DC,81,0.00661,0.003,2491,25.0,93.22,343.1,1843,Low
EV000052,2026-01-09 05:00:00,321.09,-13.69,-4.4,65.9,31.85,15.21,1362,610,39564.3,17.8,59.7,115.4,2.88,5.71,15.78,43.54,35.01,DC,143,0.00976,0.00559,508,60.1,77.61,287.8,893,High
EV000214,2026-01-09 05:05:00,348.28,-5.98,-2.08,85.9,33.23,24.75,891,161,180080.4,31.8,31.0,74.4,0.37,6.7,24.65,41.86,37.58,DC,134,0.00824,0.00527,2824,93.5,83.25,401.8,1326,Medium
EV000252,2026-01-09 05:10:00,377.07,154.39,58.22,85.43,56.2,38.23,586,312,47163.5,213.1,110.9,169.3,3.85,5.51,21.47,65.68,67.06,AC,96,0.00523,0.00413,668,37.8,86.16,258.8,1467,Medium
EV000207,2026-01-09 05:15:00,344.4,-105.72,-36.41,57.74,33.5,16.16,862,468,55742.3,42.2,33.6,67.9,1.42,3.41,16.78,46.41,41.19,DC,77,0.00624,0.00503,1544,27.3,82.66,279.3,1242,Medium
EV000019,2026-01-09 05:20:00,340.86,-9.42,-3.21,63.16,33.68,26.63,1440,280,163125.7,209.4,60.6,102.6,3.21,0.32,20.97,40.52,42.15,DC,28,0.01063,0.0062,3461,23.0,73.5,236.7,732,High
EV000004,2026-01-09 05:25:00,348.43,191.08,66.58,84.25,15.0,-5.8,681,245,5612.1,174.1,118.9,170.9,2.55,4.5,12.18,25.33,26.57,AC,39,0.00536,0.00414,255,65.7,88.04,317.7,1514,Medium
EV000211,2026-01-09 05:30:00,348.18,122.8,42.75,66.78,24.91,11.73,739,380,11255.0,22.4,19.5,35.7,1.66,7.67,23.5,35.02,30.28,AC,141,0.00574,0.00444,493,63.9,86.59,270.2,1496,Medium
EV000300,2026-01-09 05:35:00,398.31,1.12,0.45,8.13,15.0,3.07,180,75,209944.6,14.1,91.1,137.6,3.1,0.09,18.1,27.61,24.06,AC,60,0.00617,0.00312,3618,63.7,92.33,40.0,1755,Low
EV000162,2026-01-09 05:40:00,329.11,149.0,49.04,64.99,15.0,0.23,1548,479,174070.8,180.9,79.7,127.0,0.89,5.83,15.72,23.74,28.84,DC,151,0.01132,0.00631,2445,66.9,73.91,264.2,811,High
EV000245,2026-01-09 05:45:00,396.91,127.46,50.59,43.51,24.28,8.21,1537,824,125483.0,90.0,118.0,149.1,1.8,2.79,20.19,31.03,28.9,DC,109,0.01159,0.00722,2722,92.1,70.24,113.5,638,High
EV000286,2026-01-09 05:50:00,326.0,-131.69,-42.93,60.64,15.0,-8.54,687,288,31498.3,229.4,71.1,128.2,1.11,2.56,24.69,31.24,25.92,AC,31,0.00866,0.00518,747,72.9,87.3,241.7,1524,Medium
EV000197,2026-01-09 05:55:00,383.85,-38.28,-14.69,85.77,26.81,10.23,617,65,140188.0,80.4,76.2,92.8,3.7,4.45,18.13,45.07,32.55,DC,139,0.00777,0.00457,1890,71.0,90.26,324.5,1694,Low
EV000018,2026-01-09 06:00:00,347.09,-158.22,-54.92,70.55,22.54,7.66,773,27,81902.6,67.7,26.6,46.7,1.7,0.95,23.17,30.83,29.9,DC,46,0.00746,0.00362,1473,35.9,87.19,334.8,1434,Medium
EV000004,2026-01-09 06:05:00,384.89,209.15,80.5,7.99,20.4,15.04,1092,150,85601.9,171.8,64.1,77.7,3.94,1.09,19.68,28.23,25.76,AC,137,0.00668,0.00566,1609,81.2,82.8,40.0,1275,Medium
EV000217,2026-01-09 06:10:00,338.73,-127.15,-43.07,63.74,19.12,10.5,668,225,71142.0,208.5,91.2,112.4,4.24,6.76,16.27,32.2,23.72,AC,43,0.00522,0.00434,1829,49.3,87.73,227.7,1596,Medium
EV000153,2026-01-09 06:15:00,380.88,89.01,33.9,63.43,15.0,-4.92,1167,88,129488.1,154.3,109.0,138.7,1.44,0.26,13.44,22.97,29.03,DC,167,0.00798,0.00453,2702,58.9,80.67,272.0,1212,Medium
EV000162,2026-01-09 06:20:00,329.29,95.91,31.58,41.32,52.29,37.39,1148,347,76694.1,123.5,90.4,110.2,2.78,5.93,19.87,58.52,64.58,DC,43,0.00792,0.00581,3443,69.8,76.37,129.8,935,High
EV000100,2026-01-09 06:25:00,405.12,65.09,26.37,95.79,18.62,10.49,1526,118,25284.5,198.4,113.3,134.7,1.42,6.04,16.04,27.71,31.03,AC,24,0.00881,0.00655,357,44.3,79.68,347.0,1148,High
EV000258,2026-01-09 06:30:00,376.79,-46.35,-17.47,37.85,39.58,21.95,1745,602,2659.3,197.1,84.0,95.8,3.52,5.32,24.23,59.37,53.34,DC,98,0.00996,0.00756,106,92.5,72.95,132.4,666,High
EV000171,2026-01-09 06:35:00,384.59,103.32,39.74,10.31,15.0,-4.99,814,203,9948.0,96.1,83.3,95.5,1.54,6.78,17.01,30.85,20.07,DC,43,0.00604,0.00514,253,61.1,88.51,40.0,1604,Medium
EV000262,2026-01-09 06:40:00,336.89,-218.22,-73.52,18.72,44.6,27.93,180,68,48461.5,228.7,76.1,115.2,0.5,0.93,14.94,56.4,47.71,AC,160,0.00665,0.00265,1910,85.9,92.25,103.6,1711,Low
EV000010,2026-01-09 06:45:00,325.66,-202.78,-66.04,38.56,42.33,29.01,1444,841,114580.9,6.2,61.8,102.7,1.14,3.25,12.5,57.31,56.31,AC,101,0.00844,0.00729,1501,83.3,70.65,142.4,553,High
EV000239,2026-01-09 06:50:00,334.9,-89.55,-29.99,60.24,53.76,40.24,6,0,89458.5,228.1,63.9,123.3,1.89,6.75,16.63,66.31,60.95,DC,112,0.0045,0.00276,1462,73.7,95.1,245.7,1960,Low
EV000287,2026-01-09 06:55:00,375.68,-191.09,-71.79,65.59,42.25,31.31,703,166,31174.3,134.7,50.5,106.0,1.3,2.81,22.33,54.16,52.87,DC,130,0.00676,0.00407,1009,84.8,86.52,335.4,1524,Medium
EV000049,2026-01-09 07:00:00,356.97,-39.98,-14.27,14.85,28.43,20.82,69,21,21503.2,21.4,103.4,128.6,1.73,3.8,14.36,45.35,36.07,DC,36,0.00562,0.00254,740,37.9,96.8,75.6,2000,Low
EV000181,2026-01-09 07:05:00,368.89,-0.78,-0.29,74.95,15.0,3.06,266,44,6717.2,146.6,44.2,81.3,0.88,6.38,23.79,22.52,19.54,DC,79,0.00616,0.00354,113,36.9,97.09,379.1,2057,Low
EV000136,2026-01-09 07:10:00,392.43,1.2,0.47,49.35,39.38,30.62,878,353,164301.0,242.2,100.8,111.7,4.37,7.17,18.14,54.61,48.93,AC,108,0.00599,0.00527,2162,91.0,82.73,180.3,1218,Medium
EV000264,2026-01-09 07:15:00,368.1,131.7,48.48,97.6,15.0,-9.79,118,51,166820.3,95.3,52.9,72.8,3.75,5.31,23.84,27.28,23.69,DC,82,0.00597,0.00369,2969,62.6,92.7,508.3,1790,Low
EV000109,2026-01-09 07:20:00,321.18,105.1,33.76,66.73,53.54,37.2,333,47,199644.5,93.6,104.5,144.9,2.53,3.02,19.14,67.27,59.54,AC,79,0.00707,0.0034,2642,91.9,89.74,267.7,1688,Medium
EV000007,2026-01-09 07:25:00,357.19,137.63,49.16,45.38,15.0,7.43,1707,581,251523.1,5.1,54.4,99.3,3.24,4.93,23.62,25.3,25.68,DC,158,0.01064,0.00667,3255,63.5,69.7,158.2,509,High
EV000021,2026-01-09 07:30:00,367.96,-39.91,-14.69,76.24,15.0,4.91,1656,513,175474.2,99.2,109.1,128.8,0.51,3.85,19.84,27.03,27.32,DC,49,0.01111,0.00726,3245,44.9,70.11,244.4,561,High
EV000143,2026-01-09 07:35:00,329.99,-185.15,-61.1,40.39,15.0,-5.79,650,165,24749.1,128.8,90.8,124.4,2.33,3.86,23.27,30.22,25.79,DC,163,0.0058,0.00396,562,60.8,89.54,154.3,1593,Medium
EV000125,2026-01-09 07:40:00,363.15,-130.96,-47.56,92.0,36.41,21.04,1012,316,47756.3,56.3,49.7,91.0,1.1,2.31,13.83,42.12,49.03,AC,63,0.00709,0.00538,913,84.1,83.46,406.8,1268,Medium
EV000216,2026-01-09 07:45:00,325.43,8.42,2.74,46.63,16.58,9.69,449,228,172970.8,139.4,59.2,86.2,0.71,6.51,21.29,24.25,24.33,AC,172,0.00522,0.00324,2961,37.5,88.1,232.1,1492,Medium
EV000145,2026-01-09 07:50:00,327.41,-121.47,-39.77,37.38,46.3,28.43,885,250,216081.4,70.7,19.3,33.0,2.73,0.31,17.18,53.67,50.87,AC,131,0.00631,0.00436,3379,61.6,79.32,141.2,1055,High
EV000001,2026-01-09 07:55:00,403.54,-207.35,-83.68,5.83,25.39,15.87,1759,99,68199.3,212.5,33.7,56.1,3.96,6.12,12.82,37.86,33.69,DC,65,0.01124,0.0057,2376,65.1,73.75,40.0,678,High
EV000123,2026-01-09 08:00:00,329.36,-94.86,-31.24,98.65,15.0,-6.46,1377,562,35653.0,141.9,85.5,126.1,4.04,7.08,18.53,33.33,22.05,DC,49,0.01083,0.006,820,55.2,77.67,446.9,937,High
EV000246,2026-01-09 08:05:00,407.92,188.05,76.71,52.05,15.81,7.69,272,125,118268.9,104.4,24.0,35.8,3.2,2.4,19.11,23.37,19.3,AC,148,0.00528,0.00353,1858,73.1,93.63,186.3,1869,Low
EV000298,2026-01-09 08:10:00,394.45,193.6,76.37,47.74,34.57,23.95,141,52,251058.9,105.4,34.2,63.9,3.31,2.09,13.74,53.21,44.78,AC,42,0.00467,0.00323,3340,72.7,91.89,251.2,1683,Low
EV000100,2026-01-09 08:15:00,374.3,-54.89,-20.55,96.78,19.48,10.97,899,505,116734.4,220.8,112.5,128.0,0.24,2.07,13.76,29.33,27.63,DC,31,0.00643,0.00486,3170,82.7,80.33,345.0,1130,Medium
EV000023,2026-01-09 08:20:00,359.08,-53.44,-19.19,68.95,18.68,5.93,517,231,137499.4,235.9,17.1,33.4,2.53,5.78,17.17,32.08,31.11,DC,117,0.0043,0.00379,2240,47.2,89.07,266.2,1553,Medium
EV000102,2026-01-09 08:25:00,352.46,-157.48,-55.5,43.58,15.0,-2.76,1689,955,86546.2,125.7,53.1,72.2,0.29,7.26,17.19,31.5,22.35,AC,39,0.01011,0.00795,1733,48.8,68.05,175.7,489,High
EV000218,2026-01-09 08:30:00,356.9,-154.28,-55.06,93.77,15.0,0.19,500,294,116511.5,37.4,99.9,111.6,3.34,4.65,19.5,29.31,19.92,DC,151,0.00764,0.00369,1975,64.0,88.92,322.3,1652,Medium
EV000103,2026-01-09 08:35:00,337.98,-31.27,-10.57,87.98,20.97,7.2,1672,358,107439.1,217.3,15.2,37.1,1.68,3.19,23.07,31.61,26.95,DC,116,0.00952,0.00615,2817,71.2,72.38,272.5,614,High
EV000259,2026-01-09 08:40:00,351.53,197.51,69.43,15.76,24.07,16.19,1105,315,20530.4,121.4,80.1,117.6,3.62,7.3,20.47,39.65,33.84,DC,87,0.0065,0.0058,992,48.0,82.07,73.0,1253,Medium
EV000174,2026-01-09 08:45:00,337.86,28.26,9.55,18.88,51.18,35.85,810,486,39650.6,235.9,93.9,127.9,4.02,7.31,20.23,65.32,55.36,AC,119,0.00904,0.00467,644,38.8,81.56,83.8,1209,Medium
EV000152,2026-01-09 08:50:00,346.11,-20.62,-7.14,33.92,43.66,40.4,91,38,91784.6,215.3,60.7,82.3,1.76,4.56,13.0,55.96,51.47,AC,116,0.00428,0.00341,2195,54.7,93.76,164.2,1915,Low
EV000196,2026-01-09 08:55:00,389.66,20.09,7.83,23.23,15.0,-5.32,810,421,89322.3,188.8,107.9,149.5,0.86,6.63,19.78,29.82,26.21,DC,47,0.00619,0.00542,2005,51.7,84.17,108.6,1339,Medium
EV000139,2026-01-09 09:00:00,350.86,-21.16,-7.42,47.28,15.0,-5.82,375,33,155021.7,13.3,59.0,74.9,0.28,6.5,21.81,25.77,22.3,DC,40,0.00476,0.00347,2314,82.2,91.93,195.7,1774,Low
EV000173,2026-01-09 09:05:00,400.24,-192.08,-76.88,84.93,15.0,-4.7,1024,499,100359.0,180.9,66.4,116.9,1.13,2.59,18.37,24.63,22.86,AC,86,0.00975,0.00487,1437,76.8,80.36,316.5,1143,Medium
EV000249,2026-01-09 09:10:00,349.67,144.46,50.51,63.8,20.07,9.29,1190,497,2245.6,249.7,21.6,48.4,0.72,7.42,17.49,34.25,27.84,DC,150,0.0107,0.00601,50,91.4,80.46,180.7,1184,Medium
EV000089,2026-01-09 09:15:00,346.88,8.68,3.01,17.29,51.04,35.26,1589,525,112018.2,41.8,19.6,48.0,4.3,6.74,22.4,65.62,56.44,DC,106,0.00958,0.00678,2344,43.0,69.9,72.1,499,High
EV000282,2026-01-09 09:20:00,408.76,-167.8,-68.59,71.44,25.27,16.11,1775,465,187676.4,180.4,42.9,98.7,1.34,2.48,13.44,34.16,28.71,AC,90,0.00952,0.00655,2599,44.0,69.37,187.8,483,High
EV000151,2026-01-09 09:25:00,339.48,-128.4,-43.59,31.89,49.6,38.91,1019,603,18473.4,24.2,77.7,135.1,2.02,4.94,21.41,64.22,53.29,DC,65,0.00853,0.00534,560,24.1,79.58,117.3,1151,High
EV000035,2026-01-09 09:30:00,392.19,196.45,77.05,80.75,51.43,35.35,485,223,60460.6,240.1,76.0,91.1,3.33,4.31,20.47,70.61,57.8,AC,179,0.00473,0.00381,863,73.3,89.39,372.4,1580,Medium
EV000132,2026-01-09 09:35:00,375.4,26.4,9.91,49.88,24.25,19.16,1282,140,157803.2,120.6,27.9,67.0,1.27,7.87,20.89,35.38,34.19,DC,139,0.01035,0.00601,3263,73.3,78.82,142.3,1112,High
EV000169,2026-01-09 09:40:00,350.35,156.04,54.67,93.14,40.73,23.36,832,187,60545.5,184.4,101.7,139.0,0.98,6.96,22.46,60.45,51.6,AC,48,0.00575,0.00461,991,66.8,86.35,428.3,1526,Medium
EV000071,2026-01-09 09:45:00,330.4,-87.04,-28.76,74.3,50.28,37.86,789,51,82852.2,184.8,51.1,103.2,0.6,2.22,17.3,68.47,61.51,AC,119,0.00711,0.00437,1278,90.5,86.54,359.2,1519,Medium
EV000018,2026-01-09 09:50:00,325.51,-4.56,-1.48,64.35,26.14,21.41,765,155,104955.1,39.5,55.6,109.7,0.32,2.95,20.34,34.86,31.52,DC,54,0.00821,0.00469,3050,58.2,84.44,237.8,1404,Medium
EV000178,2026-01-09 09:55:00,395.17,215.22,85.05,63.88,15.0,3.69,484,204,36274.1,70.9,108.4,152.0,4.1,4.99,15.02,30.73,20.12,AC,110,0.00538,0.00327,950,20.4,91.5,217.5,1790,Low
EV000146,2026-01-09 10:00:00,397.95,69.71,27.74,57.15,32.32,23.35,298,62,33705.6,20.8,43.4,83.1,3.09,6.24,21.63,43.65,36.38,AC,86,0.00336,0.00313,751,61.6,93.51,187.6,1872,Low
EV000231,2026-01-09 10:05:00,343.39,33.84,11.62,22.28,17.68,9.15,1797,210,128948.1,201.8,49.6,77.1,1.71,1.77,15.36,27.19,27.04,AC,71,0.00922,0.00696,1675,31.1,74.34,86.8,732,High
EV000262,2026-01-09 10:10:00,384.89,-16.91,-6.51,55.33,28.64,24.89,282,114,84457.5,88.6,39.9,61.8,3.84,6.85,21.97,46.4,38.69,AC,86,0.00634,0.00383,2139,75.7,91.91,274.4,1769,Low
EV000205,2026-01-09 10:15:00,338.88,-80.09,-27.14,73.21,21.44,12.25,1027,478,22018.4,9.3,116.0,134.6,3.02,7.38,18.27,32.22,31.31,DC,113,0.00629,0.00471,369,76.3,82.54,279.1,1195,Medium
EV000171,2026-01-09 10:20:00,403.0,-73.4,-29.58,57.91,44.45,31.0,1240,519,15303.0,194.9,64.7,75.9,1.97,6.88,15.18,55.54,52.07,AC,178,0.01056,0.00528,610,77.0,77.76,217.8,1036,High
EV000252,2026-01-09 10:25:00,375.92,-8.74,-3.29,97.88,15.0,-6.39,946,199,143867.7,42.3,46.4,96.8,2.02,6.87,23.18,22.64,20.35,AC,34,0.00745,0.00501,3000,38.7,81.68,475.1,1217,Medium
EV000105,2026-01-09 10:30:00,329.92,32.0,10.56,23.98,33.31,17.44,1282,445,46886.0,247.8,98.0,145.0,1.53,3.43,18.87,45.17,36.32,AC,121,0.01053,0.00602,1459,51.4,77.94,109.9,1004,High
EV000100,2026-01-09 10:35:00,408.01,217.45,88.72,82.28,30.98,15.33,1357,747,179008.3,34.4,30.2,70.4,3.1,5.65,16.14,48.99,36.13,DC,132,0.00865,0.00629,2855,34.0,71.9,316.2,631,High
EV000296,2026-01-09 10:40:00,385.25,171.2,65.95,95.5,19.44,12.07,654,376,51104.5,49.3,36.7,58.0,2.12,7.28,18.01,27.11,25.54,AC,49,0.00762,0.00417,1200,34.2,85.68,315.6,1345,Medium
EV000217,2026-01-09 10:45:00,366.94,106.11,38.93,68.9,42.93,36.75,314,127,96477.5,160.0,35.5,58.3,2.63,4.21,24.12,59.65,53.96,AC,27,0.00667,0.00405,2633,82.8,90.2,361.2,1676,Low
EV000297,2026-01-09 10:50:00,325.27,42.02,13.67,6.71,15.0,6.84,80,40,50235.2,235.3,44.3,91.9,1.48,6.98,19.72,34.25,22.3,DC,47,0.00356,0.00341,2110,65.2,96.55,40.0,1943,Low
EV000234,2026-01-09 10:55:00,331.54,-114.26,-37.88,41.85,40.4,23.53,1186,307,10640.2,119.0,96.6,146.3,4.06,0.71,14.3,57.22,45.72,DC,81,0.01049,0.00528,226,51.4,82.52,182.3,1180,Medium
EV000111,2026-01-09 11:00:00,329.43,-113.09,-37.25,29.64,35.1,23.3,1617,501,216750.6,192.7,22.0,48.9,0.61,4.56,21.64,54.87,50.05,DC,55,0.01214,0.00682,3090,67.1,70.36,122.6,525,High
EV000216,2026-01-09 11:05:00,333.25,155.39,51.78,65.29,15.0,-7.76,554,266,86198.9,15.8,19.6,51.8,4.18,5.13,16.12,29.36,20.72,DC,159,0.00547,0.00409,2905,69.5,85.91,258.4,1430,Medium
EV000224,2026-01-09 11:10:00,398.14,49.29,19.62,24.71,36.08,27.75,853,314,30591.9,218.3,22.7,35.4,2.94,6.74,22.45,55.22,44.87,AC,61,0.00869,0.0042,891,38.8,84.25,110.6,1332,Medium
EV000201,2026-01-09 11:15:00,393.41,181.75,71.5,58.73,37.77,24.62,351,30,51028.8,68.4,113.2,131.2,3.52,5.22,19.52,46.32,45.15,DC,107,0.00564,0.00371,850,67.7,94.43,211.6,1880,Low
EV000113,2026-01-09 11:20:00,375.2,-32.66,-12.26,42.94,31.74,26.21,769,25,1940.1,113.0,70.0,95.1,3.51,6.88,16.21,40.11,46.72,AC,122,0.00548,0.00486,40,41.2,91.24,181.6,1709,Low
EV000111,2026-01-09 11:25:00,400.13,-131.3,-52.54,69.61,15.0,0.46,343,85,10821.3,215.5,81.1,138.3,3.19,5.7,14.7,30.43,23.32,AC,158,0.00369,0.00367,260,30.8,95.02,240.1,1897,Low
EV000147,2026-01-09 11:30:00,406.77,-126.34,-51.39,70.72,15.0,-7.62,208,24,81350.5,216.6,35.8,64.9,4.26,3.18,13.64,24.25,26.98,DC,76,0.00591,0.00265,1071,77.2,95.18,273.6,1917,Low
EV000268,2026-01-09 11:35:00,322.08,161.91,52.15,68.21,15.0,-4.43,324,93,26700.1,22.7,58.0,71.9,2.5,3.85,19.63,24.72,20.23,AC,21,0.00354,0.00294,923,94.5,93.25,305.5,1776,Low
EV000099,2026-01-09 11:40:00,331.36,-115.84,-38.39,43.78,51.64,36.5,34,17,37964.6,7.9,98.4,120.7,0.61,0.53,13.06,59.89,55.0,AC,94,0.00218,0.00356,1651,57.2,95.46,241.5,1996,Low
EV000092,2026-01-09 11:45:00,346.67,-178.13,-61.75,36.91,32.0,15.85,1207,347,120707.7,217.0,31.7,70.7,3.83,1.67,20.98,45.78,37.12,AC,49,0.01054,0.00594,1631,41.2,78.49,110.2,1079,High
EV000296,2026-01-09 11:50:00,370.73,-55.47,-20.57,15.59,40.48,26.87,1550,98,67096.3,70.6,59.1,99.3,2.91,5.04,24.15,49.38,49.29,DC,22,0.009,0.00605,2176,92.0,77.36,50.4,896,High
EV000199,2026-01-09 11:55:00,393.48,187.13,73.63,40.14,18.92,1.4,949,461,70308.7,87.3,42.9,82.9,1.55,3.9,13.07,37.87,30.72,DC,137,0.00857,0.00562,1209,61.2,82.02,183.5,1180,Medium
EV000074,2026-01-09 12:00:00,396.42,-88.05,-34.91,23.75,15.0,-5.96,749,35,48739.6,164.6,104.4,119.4,2.39,0.93,12.37,25.96,28.61,AC,116,0.00748,0.00465,1085,61.4,89.7,123.9,1587,Medium
EV000138,2026-01-09 12:05:00,352.87,-19.12,-6.75,87.41,54.92,39.37,1479,8,217975.8,153.1,89.1,121.5,3.41,1.05,13.17,64.3,58.18,AC,61,0.01052,0.006,3057,48.2,74.5,254.7,798,High
EV000019,2026-01-09 12:10:00,407.31,79.92,32.55,67.85,33.57,29.31,580,249,164075.6,234.4,29.8,56.6,3.46,7.02,22.64,50.12,43.51,AC,132,0.00764,0.00441,2360,56.8,86.58,344.8,1444,Medium
EV000019,2026-01-09 12:15:00,383.43,-83.46,-32.0,40.71,15.0,6.83,490,232,28932.5,210.0,114.4,163.8,1.86,6.78,23.32,32.8,24.66,DC,40,0.00665,0.00443,603,25.7,91.54,223.3,1767,Low
EV000250,2026-01-09 12:20:00,399.4,-68.74,-27.46,62.96,34.81,23.55,1119,444,77789.5,130.0,23.2,73.8,3.3,7.22,18.96,45.9,42.7,DC,155,0.0065,0.00493,1735,21.1,79.57,222.3,999,High
EV000225,2026-01-09 12:25:00,402.43,-0.54,-0.22,13.48,54.47,40.04,1297,563,72393.3,42.3,39.0,88.6,0.52,7.72,23.46,62.28,68.67,DC,36,0.00756,0.00531,956,54.7,75.62,54.1,877,High
EV000232,2026-01-09 12:30:00,366.62,133.2,48.83,63.55,55.77,38.8,1326,632,92564.9,83.5,100.8,118.8,0.76,2.3,12.13,69.15,69.22,DC,40,0.01129,0.00621,1758,51.9,73.45,170.0,721,High
EV000158,2026-01-09 12:35:00,333.7,-10.73,-3.58,5.47,24.02,19.29,28,17,45245.5,221.9,44.8,103.7,1.6,3.44,18.36,39.57,30.0,AC,63,0.00559,0.00263,827,26.2,97.91,40.0,2145,Low
EV000275,2026-01-09 12:40:00,379.98,-82.3,-31.27,15.05,35.95,24.56,931,332,190942.2,231.8,57.9,103.1,4.0,5.09,13.95,51.69,45.84,AC,179,0.00602,0.005,2655,85.3,81.65,54.8,1220,Medium
EV000144,2026-01-09 12:45:00,321.71,-179.0,-57.59,76.8,19.79,14.04,1363,339,55654.0,69.3,29.1,53.1,2.2,1.74,16.83,34.98,23.33,DC,74,0.00936,0.00567,992,70.1,79.7,313.9,1133,High
EV000240,2026-01-09 12:50:00,382.12,-62.81,-24.0,59.77,30.13,14.24,537,243,1913.8,156.3,38.9,56.4,1.73,6.84,15.23,43.01,37.59,DC,174,0.00735,0.00442,31,39.6,91.9,262.5,1764,Low
EV000275,2026-01-09 12:55:00,327.37,-187.02,-61.23,95.61,33.9,17.5,495,153,76640.9,212.6,78.9,97.0,3.58,6.16,21.58,45.56,38.14,AC,104,0.00671,0.004,1663,68.6,89.45,383.7,1643,Medium
EV000119,2026-01-09 13:00:00,385.45,-170.13,-65.58,26.32,18.1,9.53,1708,675,92084.5,16.1,74.6,88.2,1.69,7.57,21.03,23.1,23.97,AC,105,0.0123,0.00767,2425,71.5,69.57,87.1,508,High
EV000002,2026-01-09 13:05:00,347.59,154.37,53.66,64.83,40.91,34.81,1399,189,136332.5,36.2,64.2,85.8,0.26,0.48,16.85,54.23,50.54,AC,99,0.01049,0.0055,3441,93.3,74.53,230.3,784,High
EV000147,2026-01-09 13:10:00,351.08,32.91,11.55,23.44,29.08,12.26,824,323,47085.1,177.2,109.6,121.3,1.35,1.04,19.73,46.73,36.63,DC,103,0.00605,0.00461,999,63.4,85.88,113.5,1480,Medium
EV000172,2026-01-09 13:15:00,375.73,113.44,42.62,36.77,54.66,40.33,1799,905,87716.0,121.1,63.7,122.6,1.12,7.88,17.21,68.72,62.68,DC,115,0.01199,0.00801,1895,26.2,63.67,89.8,125,High
EV000238,2026-01-09 13:20:00,324.82,-143.32,-46.55,48.31,15.0,-4.74,1634,929,20724.6,206.7,41.9,69.9,1.46,2.72,23.98,30.77,29.13,AC,39,0.01117,0.00685,408,32.1,69.81,201.7,548,High
EV000009,2026-01-09 13:25:00,379.25,115.51,43.81,62.93,32.05,27.6,373,13,138041.1,214.8,43.0,59.1,1.78,3.52,22.45,39.23,35.77,AC,149,0.004,0.00314,3446,23.5,90.79,242.0,1725,Low
EV000177,2026-01-09 13:30:00,387.14,-25.33,-9.81,73.1,33.42,18.82,60,20,238047.5,66.9,99.2,119.9,0.98,6.93,23.11,43.03,38.25,DC,145,0.00615,0.00292,3317,39.1,93.82,303.0,1822,Low
EV000121,2026-01-09 13:35:00,381.18,184.59,70.36,65.66,23.5,11.93,270,84,99690.4,196.7,50.0,93.3,2.03,4.15,12.35,33.2,28.92,DC,157,0.00458,0.00337,2693,41.8,91.52,292.1,1763,Low
EV000254,2026-01-09 13:40:00,331.97,144.11,47.84,59.24,52.82,38.65,1169,631,44785.9,175.6,50.3,105.9,1.02,1.77,17.04,58.6,66.12,AC,56,0.00993,0.00621,1104,91.9,76.48,193.5,837,High
EV000068,2026-01-09 13:45:00,362.59,-217.77,-78.96,88.44,15.0,-5.13,993,46,21455.4,228.6,107.4,156.8,3.15,3.64,14.33,32.42,19.73,AC,173,0.00619,0.00535,477,58.4,87.15,408.7,1482,Medium
EV000064,2026-01-09 13:50:00,330.05,71.97,23.75,11.71,33.33,21.45,1332,550,113285.3,124.8,73.4,111.2,3.8,3.22,23.66,43.24,41.37,AC,147,0.01126,0.0066,2486,61.8,75.3,40.0,807,High
EV000264,2026-01-09 13:55:00,385.25,195.77,75.42,40.24,15.0,2.94,377,27,96790.1,10.8,64.1,102.9,2.47,6.56,15.41,30.99,26.26,AC,104,0.00404,0.00401,3375,43.2,88.98,144.8,1642,Medium
EV000284,2026-01-09 14:00:00,390.72,2.96,1.16,75.42,15.0,-1.29,140,12,139830.5,48.4,55.6,90.8,0.8,3.74,23.98,34.6,20.96,AC,52,0.00334,0.00362,2541,51.8,94.53,400.4,1884,Low
EV000161,2026-01-09 14:05:00,332.21,97.26,32.31,87.9,47.27,40.25,1531,122,7743.0,78.1,62.5,95.2,1.7,2.37,17.95,63.37,59.24,AC,110,0.01088,0.0057,97,82.2,78.91,348.3,1102,High
EV000099,2026-01-09 14:10:00,382.24,133.37,50.98,9.75,31.26,27.3,1799,582,50743.6,142.9,26.9,69.2,0.29,1.66,18.77,37.27,42.67,DC,105,0.01068,0.00681,1102,40.3,72.0,40.0,581,High
EV000006,2026-01-09 14:15:00,366.64,117.44,43.06,14.17,41.74,32.07,355,112,10324.1,210.0,33.6,59.0,3.63,1.35,20.05,55.13,55.15,AC,25,0.0059,0.0042,470,31.9,92.78,54.1,1838,Low
EV000023,2026-01-09 14:20:00,361.74,-3.28,-1.18,76.06,15.0,5.75,1025,18,203704.7,242.3,43.2,102.4,2.83,4.21,20.25,31.48,28.02,DC,26,0.00624,0.00423,3093,64.8,83.73,268.9,1325,Medium
EV000215,2026-01-09 14:25:00,403.37,-173.53,-70.0,92.82,44.09,35.1,1048,532,88000.5,63.4,115.1,153.2,4.03,7.57,18.43,50.78,56.76,DC,51,0.00735,0.00579,1839,43.8,77.27,373.2,901,High
EV000040,2026-01-09 14:30:00,374.86,175.92,65.95,53.05,37.82,20.17,153,5,135135.7,19.8,25.9,51.9,4.03,1.45,13.13,43.06,49.61,DC,132,0.00339,0.00248,2977,63.0,94.16,295.4,1820,Low
EV000296,2026-01-09 14:35:00,362.56,192.4,69.76,96.39,22.93,8.3,731,380,38667.6,22.4,86.6,143.7,3.05,3.93,14.06,31.9,36.1,AC,81,0.00884,0.00529,1214,31.5,84.45,456.7,1424,Medium
EV000298,2026-01-09 14:40:00,363.91,150.11,54.63,75.91,15.0,-8.22,1522,684,127386.4,157.7,58.3,82.3,1.31,0.5,13.1,22.62,20.67,DC,127,0.01118,0.00654,3040,83.8,71.4,193.2,570,High
EV000058,2026-01-09 14:45:00,327.19,133.63,43.72,30.01,18.36,13.43,1487,640,40262.2,194.6,28.2,79.0,0.41,3.31,19.45,37.1,24.16,DC,152,0.00811,0.00672,1160,60.3,74.14,132.1,721,High
EV000162,2026-01-09 14:50:00,396.57,109.63,43.48,92.09,29.96,22.48,1585,368,42131.4,77.0,79.4,130.9,0.24,4.53,21.04,42.46,43.38,DC,23,0.00908,0.00638,815,50.8,75.21,405.3,880,High
EV000063,2026-01-09 14:55:00,324.81,-200.86,-65.24,13.52,15.0,10.41,944,260,88145.9,190.5,41.1,90.1,1.83,3.86,15.65,32.5,18.22,DC,152,0.00616,0.0056,1464,59.6,82.79,55.5,1251,Medium
EV000126,2026-01-09 15:00:00,375.41,10.96,4.11,23.93,36.5,23.75,902,386,96821.5,186.1,16.0,32.0,4.47,5.87,20.98,52.0,46.28,DC,92,0.00725,0.00559,3285,94.3,79.32,98.9,1064,High
EV000219,2026-01-09 15:05:00,407.74,-124.28,-50.67,83.43,23.73,7.08,127,30,100746.7,6.3,71.6,104.4,0.64,6.1,18.52,39.23,32.63,AC,127,0.00585,0.00296,1814,26.0,95.35,442.8,1981,Low
EV000153,2026-01-09 15:10:00,331.27,140.55,46.56,21.98,50.82,37.29,292,20,132359.7,9.0,104.6,117.9,1.65,4.65,16.95,60.79,61.11,DC,90,0.00707,0.00264,2197,81.8,90.25,95.6,1616,Low
EV000254,2026-01-09 15:15:00,324.93,-74.61,-24.24,20.11,55.35,40.94,831,173,76044.5,118.8,42.6,61.9,0.84,7.88,18.49,62.15,63.62,AC,145,0.00868,0.00442,1173,40.8,83.87,96.4,1297,Medium
EV000202,2026-01-09 15:20:00,382.58,1.74,0.67,95.3,18.22,2.45,569,257,76155.7,142.4,85.0,141.7,2.39,0.53,21.22,32.35,25.47,DC,74,0.00608,0.00495,2752,88.0,87.52,337.0,1566,Medium
EV000162,2026-01-09 15:25:00,374.69,138.76,51.99,57.16,51.02,36.38,591,276,24628.4,76.1,58.3,77.1,2.95,2.97,14.88,70.7,56.67,AC,16,0.00597,0.00433,819,35.3,88.23,296.4,1567,Medium
EV000057,2026-01-09 15:30:00,325.28,-125.28,-40.75,22.08,42.93,28.51,509,50,96497.4,230.5,58.8,74.5,3.24,4.94,24.2,60.27,56.65,AC,77,0.00551,0.00406,1298,47.6,91.13,106.1,1786,Low
EV000248,2026-01-09 15:35:00,352.86,98.37,34.71,60.79,49.76,33.22,1009,186,72829.9,96.2,80.7,102.9,4.06,4.29,21.41,64.31,52.98,DC,123,0.00742,0.00449,2526,39.2,81.03,238.9,1222,Medium
EV000143,2026-01-09 15:40:00,388.91,-36.22,-14.09,83.83,31.0,27.75,398,225,39080.0,246.3,76.2,122.4,3.96,7.34,24.24,41.93,42.14,DC,169,0.00414,0.00406,615,54.1,91.3,424.0,1659,Low
EV000155,2026-01-09 15:45:00,366.56,-68.64,-25.16,80.71,23.68,12.43,200,107,196130.0,133.2,24.4,55.8,1.34,6.91,18.86,29.83,35.88,DC,22,0.00604,0.00395,2733,55.3,92.55,294.1,1730,Low
EV000070,2026-01-09 15:50:00,379.28,-104.69,-39.71,30.48,39.01,33.64,1490,823,80285.3,86.1,43.9,96.9,3.87,0.68,23.14,58.58,53.59,AC,150,0.00961,0.00651,1061,34.1,72.2,113.4,702,High
EV000069,2026-01-09 15:55:00,386.96,36.66,14.19,58.39,49.54,41.65,1002,452,65134.2,205.8,70.7,124.8,1.8,4.22,14.14,68.59,58.99,AC,112,0.00948,0.00607,2697,56.7,76.78,258.4,951,High
EV000129,2026-01-09 16:00:00,340.64,80.99,27.59,94.7,35.68,22.26,141,0,73252.1,59.0,62.5,100.9,0.53,2.0,12.05,55.21,44.53,AC,17,0.0054,0.00248,2067,93.1,94.22,356.5,1816,Low
EV000222,2026-01-09 16:05:00,390.1,-28.95,-11.29,38.32,15.0,8.53,1218,223,99193.4,247.6,44.0,64.4,0.92,0.24,17.59,29.89,28.02,AC,171,0.00949,0.00583,2747,79.7,78.47,123.6,985,High
EV000175,2026-01-09 16:10:00,377.09,-133.37,-50.29,32.62,41.68,37.68,954,431,26466.0,168.8,52.0,101.1,4.17,6.85,19.39,57.27,55.41,AC,128,0.00705,0.00561,607,48.8,83.25,107.3,1337,Medium
EV000249,2026-01-09 16:15:00,404.37,-41.85,-16.92,77.86,50.84,40.97,1147,612,114038.4,182.0,73.4,92.4,3.36,4.22,17.1,66.32,54.39,DC,126,0.00752,0.00598,1554,41.7,76.09,211.1,849,High
EV000068,2026-01-09 16:20:00,337.21,-193.26,-65.17,22.34,56.28,39.23,1378,633,20881.1,12.2,23.0,51.3,3.24,0.38,15.49,72.24,63.24,DC,87,0.00773,0.00686,296,73.8,75.73,83.3,800,High
EV000033,2026-01-09 16:25:00,360.02,43.78,15.76,90.12,33.51,19.92,1416,258,51688.8,145.7,15.2,55.3,2.36,1.09,22.22,41.12,36.86,DC,87,0.011,0.00629,751,48.8,79.49,307.4,1072,High
EV000270,2026-01-09 16:30:00,325.11,-69.98,-22.75,57.86,37.32,31.88,1326,564,39207.2,22.5,45.5,69.6,0.86,5.83,14.86,49.88,51.73,AC,70,0.01007,0.0065,1698,36.1,76.21,237.7,917,High
EV000219,2026-01-09 16:35:00,383.53,64.23,24.63,53.83,15.0,-7.59,1337,641,170559.5,92.2,102.9,144.5,3.98,6.3,13.61,28.16,27.07,DC,115,0.00768,0.00664,2591,69.8,73.16,179.2,708,High
EV000289,2026-01-09 16:40:00,388.1,17.82,6.91,19.33,34.42,23.36,262,17,49807.4,168.3,18.4,33.9,2.45,2.7,23.17,42.8,43.05,DC,152,0.00321,0.00346,2207,39.2,92.64,65.0,1770,Low
EV000032,2026-01-09 16:45:00,409.43,-119.76,-49.03,61.67,43.44,39.72,211,91,98929.0,206.6,82.6,127.6,4.21,1.37,20.49,48.81,56.9,AC,127,0.00311,0.00368,2210,33.1,93.23,319.0,1767,Low
EV000095,2026-01-09 16:50:00,358.89,161.04,57.8,95.96,32.32,28.75,1175,188,13641.9,203.2,47.9,63.0,2.88,2.65,20.21,42.07,46.26,DC,39,0.00678,0.00507,332,48.5,82.27,434.8,1235,Medium
EV000258,2026-01-09 16:55:00,377.32,-61.23,-23.1,59.03,16.26,0.01,420,46,58251.0,103.3,85.7,103.5,2.85,1.26,22.7,24.99,28.19,AC,130,0.00456,0.00402,2026,82.3,91.36,198.7,1743,Low
EV000017,2026-01-09 17:00:00,381.65,-201.32,-76.83,79.89,16.79,12.25,679,232,110428.0,210.6,50.2,91.7,3.72,6.21,22.46,35.7,27.02,AC,39,0.00558,0.00484,2775,58.3,85.93,348.0,1468,Medium
EV000010,2026-01-09 17:05:00,343.27,160.43,55.07,92.12,51.16,36.38,84,21,141877.4,66.2,114.4,149.4,0.9,4.12,22.79,70.26,64.18,DC,111,0.00243,0.00362,1909,59.4,94.56,350.3,1945,Low
EV000103,2026-01-09 17:10:00,333.0,81.25,27.06,62.25,23.78,6.35,106,35,101676.1,20.5,20.7,72.8,1.28,1.08,20.39,40.76,33.06,DC,113,0.0058,0.00255,2437,79.9,94.11,317.5,1908,Low
EV000033,2026-01-09 17:15:00,347.4,190.92,66.32,76.85,37.5,24.72,1185,163,11784.4,103.1,117.4,167.5,3.35,7.07,19.66,50.69,50.27,DC,25,0.00797,0.00477,494,59.7,84.01,241.9,1300,Medium
EV000122,2026-01-09 17:20:00,329.99,-201.99,-66.66,95.2,25.21,16.96,716,238,149722.9,115.8,33.2,67.1,3.64,0.23,23.95,36.96,35.31,AC,82,0.00819,0.0052,2607,36.2,84.3,428.4,1265,Medium
EV000169,2026-01-09 17:25:00,327.53,-141.0,-46.18,70.84,37.51,33.12,1059,438,50545.2,88.6,96.2,107.6,1.65,3.34,19.14,55.58,44.91,DC,59,0.00936,0.00529,1428,38.8,79.7,289.9,1090,High
EV000298,2026-01-09 17:30:00,341.21,24.02,8.2,29.7,40.93,29.63,1008,396,63560.9,198.8,68.5,102.1,0.83,5.93,24.75,53.64,55.57,AC,120,0.00725,0.00476,835,21.8,81.0,135.4,1123,Medium
EV000128,2026-01-09 17:35:00,349.32,-137.53,-48.04,72.07,15.0,4.54,328,33,95034.0,78.2,76.0,133.3,1.09,5.89,23.26,34.85,26.37,DC,130,0.0073,0.00298,2214,27.6,92.91,365.3,1784,Low
EV000116,2026-01-09 17:40:00,386.14,4.57,1.76,66.26,27.45,18.67,1369,514,83488.5,127.2,112.2,147.4,1.58,6.71,15.82,46.05,35.5,DC,38,0.00805,0.00608,1130,65.9,76.61,238.0,853,High
EV000128,2026-01-09 17:45:00,322.03,-37.99,-12.23,29.52,25.67,16.95,1777,485,158435.5,111.7,96.4,120.1,3.13,3.82,17.35,38.05,37.6,AC,30,0.01111,0.00765,3553,93.8,68.99,78.0,537,High
EV000177,2026-01-09 17:50:00,339.0,-125.85,-42.66,5.28,52.64,36.24,774,151,212358.5,223.3,50.9,62.2,1.85,4.8,22.29,60.93,55.75,DC,119,0.00673,0.00384,3150,41.2,83.63,40.0,1276,Medium
EV000078,2026-01-09 17:55:00,329.46,141.53,46.63,93.19,15.0,-3.8,748,401,111215.7,164.8,96.7,144.4,0.77,5.24,23.11,23.08,23.42,AC,140,0.00545,0.0046,2449,59.3,83.35,319.8,1307,Medium
EV000210,2026-01-09 18:00:00,347.72,151.11,52.54,85.77,15.0,4.47,1694,855,161145.6,241.5,113.6,129.4,0.6,3.99,20.93,29.79,26.35,DC,113,0.0104,0.00667,2400,64.0,66.82,293.0,444,High
EV000160,2026-01-09 18:05:00,332.35,-147.96,-49.18,92.91,39.47,32.19,239,15,60874.6,125.5,27.4,81.1,1.47,4.17,16.55,53.1,54.46,AC,51,0.00449,0.00397,1036,92.1,94.12,357.8,1905,Low
EV000231,2026-01-09 18:10:00,388.05,-217.22,-84.29,70.93,27.63,21.31,1213,460,109023.9,5.2,26.3,52.9,2.72,0.54,24.38,40.84,33.9,AC,162,0.00819,0.00591,2182,20.2,77.18,227.2,911,High
EV000236,2026-01-09 18:15:00,324.5,-209.22,-67.89,85.52,54.9,40.84,1207,461,33438.8,242.8,34.5,91.6,0.94,6.44,18.8,61.24,62.98,AC,143,0.00975,0.00527,1218,23.3,76.13,351.7,813,High
EV000234,2026-01-09 18:20:00,362.31,-194.62,-70.51,22.28,15.0,-5.76,1017,400,34872.1,14.4,115.1,142.7,3.75,3.12,24.42,21.87,23.01,AC,65,0.00818,0.00538,1654,26.9,82.2,106.2,1262,Medium
EV000260,2026-01-09 18:25:00,388.8,-74.27,-28.88,10.41,52.44,36.38,1306,439,85162.0,45.4,31.3,48.1,1.51,7.12,22.88,72.28,61.81,DC,145,0.01019,0.00617,1941,28.3,75.37,42.9,867,High
EV000021,2026-01-09 18:30:00,397.83,9.2,3.66,22.25,21.18,4.7,1722,688,139274.9,175.3,101.1,120.7,3.96,6.91,18.69,38.45,25.61,DC,161,0.01234,0.00647,2336,45.2,68.66,66.4,441,High
EV000280,2026-01-09 18:35:00,389.8,54.64,21.3,54.59,29.22,17.74,1634,509,217429.1,110.9,72.2,113.0,3.79,7.98,12.37,44.91,40.08,DC,151,0.00972,0.00736,3606,25.2,70.97,154.8,668,High
EV000008,2026-01-09 18:40:00,377.5,-17.91,-6.76,51.93,15.0,-7.15,1662,788,86395.5,202.7,54.6,102.2,3.25,0.29,21.83,30.32,26.03,AC,140,0.01074,0.00739,1428,27.6,69.52,183.4,588,High
EV000201,2026-01-09 18:45:00,368.92,72.46,26.73,82.58,52.09,36.84,1560,18,220820.7,11.4,45.8,98.8,4.12,1.01,14.17,59.33,65.67,AC,117,0.01132,0.00625,3186,84.8,73.96,294.4,689,High
EV000119,2026-01-09 18:50:00,358.5,-121.21,-43.45,90.9,27.28,22.01,1277,291,29196.8,65.2,39.2,58.7,1.03,2.73,20.52,39.27,38.46,AC,67,0.01058,0.00518,763,30.6,79.57,414.6,1011,High
EV000271,2026-01-09 18:55:00,352.13,93.85,33.05,63.23,53.54,36.15,1294,707,151308.6,104.7,62.6,118.1,2.07,4.47,19.26,58.78,63.93,DC,34,0.00987,0.00645,2779,77.2,70.29,250.6,643,High
EV000237,2026-01-09 19:00:00,391.9,-144.41,-56.59,72.89,15.0,-8.23,1740,260,66006.5,55.0,86.6,102.0,4.39,3.34,23.02,33.32,26.46,DC,23,0.01187,0.00661,2151,36.0,72.51,227.2,651,High
EV000052,2026-01-09 19:05:00,331.6,-178.67,-59.25,63.39,47.45,33.79,868,43,82245.9,90.3,115.6,145.6,3.74,1.89,13.77,55.27,52.99,DC,99,0.00801,0.00513,1219,29.9,85.04,311.4,1304,Medium
EV000111,2026-01-09 19:10:00,359.51,-102.19,-36.74,95.99,15.0,1.94,259,23,165357.3,9.1,49.4,98.0,2.46,3.53,22.14,24.82,19.37,DC,64,0.00655,0.0034,3257,89.4,91.94,373.2,1695,Low
EV000015,2026-01-09 19:15:00,399.81,-184.85,-73.9,29.3,20.32,15.97,492,288,160305.7,220.1,110.2,131.7,3.22,4.78,20.11,31.75,28.9,DC,94,0.00588,0.00414,2393,63.3,88.27,90.8,1550,Medium
EV000057,2026-01-09 19:20:00,408.24,-11.06,-4.52,20.37,15.0,-3.28,1092,191,110613.7,101.4,62.9,107.8,0.58,5.04,22.66,24.11,19.94,AC,162,0.01037,0.00497,1567,33.2,81.68,68.7,1240,Medium
EV000021,2026-01-09 19:25:00,392.69,-75.4,-29.61,99.68,21.26,11.19,579,207,192622.1,103.3,85.7,127.9,0.49,3.62,17.19,31.84,26.96,AC,44,0.00455,0.00365,3101,20.3,85.48,464.6,1399,Medium
EV000087,2026-01-09 19:30:00,385.4,56.89,21.93,87.07,39.6,27.96,891,97,91343.8,37.1,30.3,47.5,1.99,5.95,12.71,45.77,48.22,AC,153,0.00667,0.0042,1479,74.6,85.75,334.4,1469,Medium
EV000109,2026-01-09 19:35:00,376.23,61.25,23.04,79.4,15.0,6.28,1442,345,97795.1,241.4,25.9,66.7,0.47,3.33,15.84,24.29,28.26,DC,149,0.00889,0.00611,2372,90.9,76.25,311.7,925,High
EV000131,2026-01-09 19:40:00,337.24,-7.84,-2.64,18.49,17.95,8.19,708,102,32875.8,104.4,102.9,147.3,1.33,6.0,19.25,30.55,27.29,DC,58,0.00852,0.00466,1414,41.5,89.13,60.0,1534,Medium
EV000221,2026-01-09 19:45:00,402.46,-135.39,-54.49,47.98,31.48,16.64,1220,265,78111.3,164.0,114.9,153.3,0.67,0.81,17.06,46.93,43.14,DC,140,0.00989,0.00515,2008,94.1,79.97,229.3,1165,High
EV000187,2026-01-09 19:50:00,387.85,-44.69,-17.33,42.26,23.94,17.7,1602,69,82496.3,235.8,114.0,141.4,4.29,0.83,23.34,41.5,32.55,DC,86,0.00914,0.00587,1251,68.3,78.16,183.1,1019,High
EV000252,2026-01-09 19:55:00,342.23,-137.59,-47.09,14.99,58.94,41.44,1387,633,193443.5,33.8,63.6,75.7,4.34,3.68,20.2,67.8,64.99,DC,176,0.00965,0.0065,2998,36.9,69.83,49.2,545,High
EV000188,2026-01-09 20:00:00,331.03,-169.16,-56.0,73.59,51.04,36.35,1582,665,95393.3,194.3,41.6,92.3,1.08,5.94,24.6,70.79,54.43,AC,42,0.01105,0.00618,2122,72.9,69.37,179.8,494,High
EV000211,2026-01-09 20:05:00,366.31,-147.55,-54.05,43.35,29.69,19.43,990,162,39309.3,137.6,20.4,33.8,2.73,4.62,19.99,40.28,35.47,DC,151,0.00605,0.00486,1420,64.7,84.41,165.3,1364,Medium
EV000189,2026-01-09 20:10:00,321.15,8.11,2.6,7.09,22.45,17.29,1710,148,153994.5,249.8,83.6,139.2,2.71,6.65,23.76,41.6,35.55,AC,128,0.01085,0.00605,3409,59.5,73.03,40.0,730,High
EV000106,2026-01-09 20:15:00,399.83,82.72,33.08,67.53,19.06,1.66,1506,214,91306.2,24.9,110.8,153.2,2.3,4.34,12.37,25.91,26.28,DC,143,0.01129,0.00652,3321,30.7,74.91,262.6,770,High
EV000156,2026-01-09 20:20:00,359.91,-33.91,-12.2,54.74,44.42,31.39,325,161,49824.4,243.8,68.2,98.5,3.51,7.92,14.46,63.66,52.32,DC,143,0.00599,0.00358,1026,42.0,91.89,200.2,1698,Low
EV000023,2026-01-09 20:25:00,396.29,-198.19,-78.54,86.82,42.75,32.47,922,501,152536.2,170.8,91.7,107.3,0.69,1.9,17.73,59.1,49.03,DC,158,0.00676,0.0047,3079,66.7,78.9,384.7,975,High
EV000027,2026-01-09 20:30:00,380.1,-24.14,-9.18,13.01,27.74,10.21,1408,425,77313.6,143.8,16.2,45.1,3.49,0.8,12.29,45.9,32.14,AC,146,0.00859,0.00651,1188,80.1,78.1,45.4,1013,High
EV000221,2026-01-09 20:35:00,322.9,-63.79,-20.6,36.15,15.0,-3.0,568,284,55643.1,213.1,15.3,64.7,1.07,5.23,14.54,32.56,22.35,AC,105,0.00761,0.0042,1236,36.6,88.3,117.4,1547,Medium
EV000122,2026-01-09 20:40:00,390.76,205.18,80.18,71.43,28.53,22.49,1350,718,151561.8,98.2,113.7,171.4,3.98,6.1,15.3,34.14,32.84,DC,150,0.00766,0.00667,3142,91.7,72.24,233.3,645,High
EV000196,2026-01-09 20:45:00,398.62,-140.45,-55.99,93.09,40.75,36.17,828,425,208432.2,63.9,118.2,158.2,2.59,7.78,20.92,58.54,50.23,DC,100,0.0092,0.00432,2696,46.4,80.62,427.7,1145,Medium
EV000034,2026-01-09 20:50:00,340.52,25.16,8.57,13.21,15.0,7.16,123,65,46264.0,243.5,66.6,101.2,0.34,1.54,12.23,25.29,25.42,DC,26,0.00443,0.0027,877,32.8,96.42,51.2,1996,Low
EV000065,2026-01-09 20:55:00,388.41,208.77,81.09,75.51,28.71,21.08,388,137,189699.5,127.9,54.7,86.2,2.3,2.79,17.76,36.48,37.16,DC,160,0.00487,0.0036,2586,43.5,90.18,389.4,1718,Low
EV000191,2026-01-09 21:00:00,386.67,-46.0,-17.79,10.3,15.0,-9.73,972,141,116304.3,66.1,36.0,65.6,3.37,0.44,15.36,22.67,25.6,DC,175,0.00946,0.00527,1463,32.4,85.66,51.3,1443,Medium
EV000191,2026-01-09 21:05:00,400.22,-82.99,-33.22,5.26,15.0,-5.98,1119,635,11291.9,16.8,89.8,100.2,1.28,4.17,23.69,26.11,25.87,DC,89,0.00997,0.00634,162,56.3,79.15,40.0,1071,High
EV000247,2026-01-09 21:10:00,398.18,-61.0,-24.29,16.45,15.0,10.93,10,0,95141.6,68.0,51.9,95.2,1.18,0.61,12.31,22.95,23.98,AC,153,0.00385,0.00226,1530,85.4,97.48,81.8,2122,Low
EV000136,2026-01-09 21:15:00,355.11,197.73,70.22,96.17,15.0,-0.74,591,153,109238.4,208.2,36.4,89.9,2.0,5.48,24.73,31.1,18.74,DC,30,0.005,0.00388,1628,81.0,89.57,406.4,1582,Medium
EV000114,2026-01-09 21:20:00,388.04,-206.01,-79.94,15.86,15.0,-0.52,1331,600,61327.0,166.9,114.8,173.8,0.24,3.13,14.52,23.51,28.9,DC,58,0.00805,0.006,3052,93.4,73.49,50.2,767,High
EV000220,2026-01-09 21:25:00,339.6,-204.2,-69.35,43.31,43.22,36.26,580,47,164276.0,238.9,89.2,107.3,4.21,0.29,19.07,52.18,56.42,AC,106,0.00662,0.00442,3071,87.8,85.96,165.4,1407,Medium
EV000130,2026-01-09 21:30:00,339.61,-176.28,-59.87,80.98,15.0,11.5,71,2,97272.7,77.9,112.8,171.9,3.32,6.06,14.73,23.61,27.85,AC,171,0.00505,0.00349,1504,64.4,96.31,359.9,2015,Low
EV000133,2026-01-09 21:35:00,336.37,218.53,73.51,5.82,15.0,-3.16,720,152,58509.4,192.7,101.8,139.8,3.87,7.83,19.13,23.0,23.8,DC,132,0.00802,0.00499,943,56.7,88.91,40.0,1606,Medium
EV000082,2026-01-09 21:40:00,339.03,187.23,63.48,56.05,37.45,31.52,410,135,95547.0,212.8,79.8,113.0,0.83,6.05,17.35,46.1,51.52,DC,178,0.00549,0.00406,2210,40.0,89.13,269.0,1524,Medium
EV000226,2026-01-09 21:45:00,329.18,-214.99,-70.77,7.32,15.0,2.92,667,172,92396.6,239.4,66.1,101.6,4.05,0.24,23.99,33.4,19.77,AC,90,0.00625,0.00467,2781,92.5,85.34,40.0,1324,Medium
EV000289,2026-01-09 21:50:00,341.75,-70.66,-24.15,13.34,43.69,33.5,1400,10,16480.9,26.3,32.8,48.8,1.95,0.69,18.39,60.16,48.23,DC,156,0.00879,0.00543,476,83.4,81.83,40.0,1134,Medium
EV000055,2026-01-09 21:55:00,329.74,42.7,14.08,43.72,40.63,33.86,543,319,80013.2,39.7,54.5,104.6,2.26,1.87,13.97,56.48,48.42,AC,78,0.00457,0.0047,2815,45.5,84.19,207.7,1360,Medium
EV000285,2026-01-09 22:00:00,322.57,-83.11,-26.81,57.9,19.45,5.43,790,340,12092.7,147.6,54.6,101.0,0.84,2.79,16.17,37.37,33.19,DC,85,0.0076,0.00425,378,64.2,86.63,223.3,1443,Medium
EV000021,2026-01-09 22:05:00,352.21,23.28,8.2,91.63,15.0,-5.8,505,231,171624.4,35.4,39.2,75.0,1.86,7.38,24.02,20.24,26.66,DC,159,0.0058,0.00372,3002,82.9,87.11,413.6,1472,Medium
EV000276,2026-01-09 22:10:00,400.16,-1.78,-0.71,34.03,33.91,27.05,1680,833,134095.4,116.7,116.3,137.2,0.27,5.42,19.88,47.99,46.73,AC,95,0.00924,0.00783,2824,40.9,65.84,132.6,398,High
EV000159,2026-01-09 22:15:00,389.43,-60.82,-23.69,30.16,37.56,28.06,1044,504,26521.7,171.3,86.0,115.8,3.53,4.76,24.91,43.23,43.69,AC,179,0.00738,0.00569,561,54.4,80.98,91.7,1180,Medium
EV000151,2026-01-09 22:20:00,378.2,-133.06,-50.32,26.07,45.45,32.43,289,142,120916.4,115.9,54.7,70.5,0.88,2.25,17.68,53.55,48.57,DC,78,0.00364,0.00309,3118,89.0,88.74,102.7,1627,Medium
EV000041,2026-01-09 22:25:00,370.76,-118.89,-44.08,97.17,50.54,36.5,727,239,52524.5,118.1,109.6,131.8,3.01,2.76,14.32,67.77,63.18,AC,159,0.00859,0.00442,740,48.9,85.8,295.8,1421,Medium
EV000115,2026-01-09 22:30:00,324.37,141.52,45.9,75.22,41.09,35.24,1421,725,21769.6,1.3,48.9,82.3,3.21,4.76,12.43,55.27,53.56,AC,19,0.00841,0.00673,352,24.1,74.91,201.7,806,High
EV000100,2026-01-09 22:35:00,322.22,-42.7,-13.76,57.26,15.0,-3.59,1786,1051,163271.5,59.5,117.1,129.6,3.99,4.02,12.17,34.93,25.56,DC,86,0.01028,0.00827,3419,38.7,62.6,208.2,116,High
EV000196,2026-01-09 22:40:00,320.86,140.31,45.02,53.04,15.0,1.8,347,40,15094.5,9.2,66.3,123.0,4.11,3.74,23.15,31.45,23.41,DC,132,0.0063,0.0037,225,26.2,94.77,258.4,1916,Low
EV000064,2026-01-09 22:45:00,401.23,-52.45,-21.05,41.66,15.0,7.57,1588,414,212166.4,140.6,80.9,137.8,2.85,1.37,24.02,20.32,23.18,DC,100,0.00874,0.00692,2913,34.9,71.6,156.2,588,High
EV000098,2026-01-09 22:50:00,381.57,-161.57,-61.65,64.17,15.0,3.66,1055,39,17188.8,14.9,31.6,42.9,3.05,4.55,16.29,26.21,28.86,AC,124,0.00834,0.00506,516,88.1,87.26,325.3,1466,Medium
EV000259,2026-01-09 22:55:00,325.22,137.22,44.63,33.82,24.33,7.74,1638,642,201965.9,171.7,84.2,133.8,3.52,0.32,22.31,41.7,34.18,AC,95,0.00877,0.00656,3050,30.6,70.17,132.6,585,High
EV000038,2026-01-09 23:00:00,358.65,125.83,45.13,15.23,47.83,38.0,1715,749,51020.5,140.9,43.7,57.5,0.38,2.51,21.05,53.53,58.06,DC,110,0.01066,0.00692,1884,49.4,66.82,40.0,433,High
EV000252,2026-01-09 23:05:00,349.76,130.71,45.72,29.43,38.67,34.08,570,342,162661.5,16.5,33.3,55.4,1.16,5.94,24.92,49.95,43.1,DC,135,0.00807,0.00443,2128,83.1,86.67,150.2,1410,Medium
EV000073,2026-01-09 23:10:00,403.53,-78.63,-31.73,77.47,32.66,17.62,142,79,120388.0,74.4,112.2,137.9,3.08,3.84,15.9,44.05,45.84,DC,73,0.00482,0.00372,3635,38.8,91.62,257.4,1716,Low
EV000241,2026-01-09 23:15:00,397.87,197.55,78.6,12.17,30.91,27.43,1121,115,214264.1,121.5,80.8,114.7,1.16,0.84,17.93,50.68,38.83,DC,70,0.0067,0.00498,2826,77.1,82.0,40.0,1130,Medium
EV000031,2026-01-09 23:20:00,391.7,-102.87,-40.29,99.77,51.7,40.91,118,17,15807.6,146.0,34.0,64.1,0.95,0.74,19.56,70.36,63.4,DC,56,0.00386,0.0034,348,72.4,95.67,471.2,2007,Low
EV000120,2026-01-09 23:25:00,355.26,-86.89,-30.87,83.39,15.0,3.11,1447,197,168049.8,167.9,84.2,131.0,3.17,5.48,15.06,33.77,26.13,DC,26,0.01064,0.00572,2312,28.3,78.33,270.5,1008,High
EV000284,2026-01-09 23:30:00,334.38,-176.07,-58.87,21.24,17.58,10.73,704,153,228055.2,88.6,77.7,134.4,0.47,1.38,20.04,36.89,23.28,AC,130,0.00796,0.00422,3046,63.6,84.4,92.8,1333,Medium
EV000232,2026-01-09 23:35:00,406.46,117.67,47.83,64.15,21.11,17.52,648,62,38023.7,131.5,115.1,146.6,0.86,3.77,13.83,32.36,30.7,AC,58,0.00813,0.00428,759,81.4,90.22,287.1,1604,Low
EV000028,2026-01-09 23:40:00,344.85,-165.64,-57.12,92.0,15.0,-6.31,1520,359,15402.8,14.8,41.5,101.4,3.87,6.31,24.77,28.33,23.2,AC,73,0.00953,0.006,243,69.3,76.89,367.8,872,High
EV000235,2026-01-09 23:45:00,374.34,195.98,73.36,98.42,40.43,33.77,1742,245,39544.3,123.4,73.1,105.2,4.2,4.17,19.28,47.24,51.71,AC,148,0.01146,0.00667,1394,66.2,73.86,324.1,749,High
EV000240,2026-01-09 23:50:00,347.46,-173.78,-60.38,89.77,15.0,-7.51,1220,257,203682.2,223.6,103.6,149.0,2.86,3.29,23.28,20.01,20.53,AC,161,0.00696,0.00534,3582,21.2,76.26,346.3,956,High
EV000214,2026-01-09 23:55:00,404.86,128.97,52.21,69.8,45.5,31.96,592,194,4716.8,142.0,88.9,122.3,2.21,2.39,16.28,63.08,50.43,AC,162,0.00533,0.00475,92,74.9,89.46,285.2,1648,Medium
EV000255,2026-01-10 00:00:00,376.71,218.27,82.22,85.41,56.95,41.06,588,218,185444.9,219.2,21.6,57.8,0.24,6.11,21.74,70.05,66.65,DC,88,0.00639,0.00346,2975,20.3,84.56,422.8,1324,Medium
EV000209,2026-01-10 00:05:00,320.02,208.4,66.69,79.16,23.38,16.74,557,251,37928.0,88.4,99.2,135.7,1.03,4.49,16.56,29.47,36.6,AC,146,0.00658,0.00492,560,72.7,91.02,386.9,1667,Low
EV000057,2026-01-10 00:10:00,351.27,80.35,28.23,56.06,15.87,4.86,680,283,113378.7,59.9,56.3,73.9,3.24,7.01,16.07,34.55,28.19,AC,148,0.00645,0.00374,3429,94.8,84.59,234.8,1402,Medium
EV000046,2026-01-10 00:15:00,349.79,217.37,76.04,15.32,15.0,-8.01,558,223,18711.7,158.8,83.2,114.1,1.31,2.02,19.84,20.16,25.72,AC,93,0.00576,0.00358,276,70.8,89.48,50.0,1602,Medium
EV000039,2026-01-10 00:20:00,366.58,-216.61,-79.41,52.28,15.0,-4.2,710,155,99330.8,168.1,44.9,70.6,4.45,1.42,21.05,33.66,18.0,DC,90,0.00489,0.0037,1612,62.6,88.14,203.1,1626,Medium
EV000203,2026-01-10 00:25:00,344.09,-163.73,-56.34,27.59,19.94,8.21,876,252,109893.9,144.9,104.6,131.7,0.43,7.8,22.61,36.54,24.51,AC,105,0.0064,0.00471,1563,44.5,84.55,119.2,1410,Medium
EV000158,2026-01-10 00:30:00,400.85,115.07,46.13,82.19,15.0,-0.18,759,48,219866.0,227.9,21.5,79.0,3.51,3.23,21.94,22.02,19.81,DC,160,0.00763,0.00358,3071,42.5,86.31,304.1,1401,Medium
EV000053,2026-01-10 00:35:00,326.25,116.86,38.13,28.18,15.0,5.41,1700,504,82837.5,79.3,92.8,113.8,0.5,1.88,18.13,28.43,23.16,AC,44,0.00946,0.00617,1709,50.6,71.08,77.5,673,High
EV000020,2026-01-10 00:40:00,325.28,114.19,37.14,77.63,30.61,19.14,59,13,112861.2,218.7,73.0,110.8,3.92,2.07,12.95,44.04,36.33,DC,141,0.00472,0.00263,3154,65.4,95.4,408.7,2008,Low
EV000211,2026-01-10 00:45:00,342.3,186.87,63.96,63.38,15.0,-9.82,1599,194,86127.7,117.7,97.3,117.4,0.36,7.25,22.11,31.11,23.12,AC,171,0.01126,0.00682,1507,82.6,76.79,285.3,864,High
EV000298,2026-01-10 00:50:00,380.27,153.51,58.38,87.58,41.16,31.44,690,275,41156.3,186.0,80.6,110.8,4.31,3.08,15.63,58.93,52.47,AC,63,0.0066,0.00416,2030,93.3,85.13,348.2,1395,Medium
EV000048,2026-01-10 00:55:00,352.79,-59.63,-21.04,7.33,42.68,35.44,861,370,101493.3,214.2,17.9,63.8,2.27,2.37,19.9,56.84,55.52,DC,92,0.00651,0.00534,1538,30.8,82.19,40.0,1265,Medium
EV000060,2026-01-10 01:00:00,326.02,-174.88,-57.01,86.05,45.56,35.24,1297,238,14674.4,248.2,94.3,123.9,4.24,1.5,24.53,64.69,58.31,DC,116,0.00738,0.00556,227,46.1,80.32,315.4,1186,Medium
EV000077,2026-01-10 01:05:00,352.27,-77.69,-27.37,32.44,15.0,-1.41,176,100,21109.1,92.3,15.7,66.6,3.68,0.59,22.62,21.0,22.24,AC,152,0.00314,0.003,544,34.6,96.74,130.6,2005,Low
EV000232,2026-01-10 01:10:00,324.09,-29.29,-9.49,14.45,42.04,34.7,1477,129,208354.0,183.2,24.7,70.1,2.97,3.3,13.33,53.85,56.48,AC,59,0.0096,0.00654,2857,20.1,74.55,58.7,747,High
EV000180,2026-01-10 01:15:00,322.79,138.9,44.83,20.59,15.0,5.56,223,84,950.2,72.1,57.8,88.7,2.76,0.49,22.15,27.38,25.73,AC,126,0.00508,0.00315,47,63.8,95.78,71.6,1978,Low
EV000014,2026-01-10 01:20:00,362.43,-174.26,-63.16,53.6,32.11,27.43,844,281,65359.7,109.3,75.3,97.2,0.58,4.8,19.76,37.73,42.42,AC,144,0.00653,0.00505,2608,66.0,81.86,160.7,1277,Medium
EV000129,2026-01-10 01:25:00,393.99,197.3,77.73,84.18,15.0,-5.23,881,450,44172.4,131.4,77.6,91.1,3.91,3.99,22.35,20.35,23.76,AC,112,0.00601,0.00543,1971,52.4,82.32,352.3,1242,Medium
EV000165,2026-01-10 01:30:00,332.14,-101.0,-33.55,19.26,22.86,14.45,65,34,81085.6,59.3,17.6,69.0,4.32,4.08,16.46,32.99,36.79,DC,23,0.00454,0.00259,1989,34.5,96.99,70.6,1978,Low
EV000029,2026-01-10 01:35:00,363.41,45.03,16.36,78.94,24.41,6.48,1293,750,114723.8,126.8,21.7,42.3,3.46,0.97,19.49,39.49,29.81,AC,90,0.01087,0.00573,3064,46.6,71.27,258.7,559,High
EV000181,2026-01-10 01:40:00,386.9,94.17,36.43,19.69,32.52,18.38,501,224,87305.5,206.4,104.1,162.1,1.29,7.08,18.81,39.41,46.99,AC,170,0.0047,0.0034,1168,67.2,89.01,97.6,1667,Medium
EV000057,2026-01-10 01:45:00,381.92,-193.11,-73.75,49.71,42.57,34.74,921,309,90623.7,226.0,34.9,48.0,3.12,4.28,12.51,55.96,54.49,DC,113,0.00967,0.00479,2245,64.0,82.07,187.7,1232,Medium
EV000269,2026-01-10 01:50:00,376.39,-175.77,-66.16,97.57,16.41,10.1,144,25,150758.7,148.9,100.0,133.0,2.16,1.11,20.02,34.22,21.08,AC,96,0.00623,0.00284,2970,73.7,92.67,487.7,1836,Low
EV000240,2026-01-10 01:55:00,322.8,-56.04,-18.09,69.51,15.0,-2.14,94,5,235492.3,180.4,19.0,42.6,1.54,2.15,21.82,30.29,20.57,AC,176,0.00483,0.00363,3135,58.9,94.73,234.5,1947,Low
EV000171,2026-01-10 02:00:00,364.25,80.2,29.21,87.97,37.57,24.36,970,66,144386.4,245.4,94.8,131.0,2.13,0.41,15.22,44.65,46.14,AC,125,0.00946,0.00482,3203,77.3,82.68,363.6,1173,Medium
EV000207,2026-01-10 02:05:00,340.06,187.51,63.77,96.53,28.69,21.99,532,122,142426.6,195.8,84.6,107.2,4.13,3.14,22.69,33.93,37.73,DC,57,0.0052,0.00392,3028,90.4,88.66,374.3,1568,Medium
EV000149,2026-01-10 02:10:00,340.43,193.58,65.9,52.28,15.0,-4.1,397,19,90832.2,113.9,48.6,76.2,3.3,1.75,14.15,28.74,28.65,AC,158,0.0075,0.00352,1212,40.2,92.79,172.4,1835,Low
EV000119,2026-01-10 02:15:00,364.76,105.29,38.41,63.52,22.85,10.62,1345,472,158395.0,96.4,117.4,176.8,1.09,6.43,17.69,32.01,37.62,DC,76,0.01045,0.00574,2600,85.0,75.51,287.6,824,High
EV000109,2026-01-10 02:20:00,386.07,-107.62,-41.55,60.55,15.0,1.97,30,3,1241.9,103.7,98.6,126.3,1.88,1.84,12.14,29.38,29.98,AC,59,0.00458,0.00273,39,34.0,98.69,344.2,2184,Low
EV000032,2026-01-10 02:25:00,396.75,-181.65,-72.07,48.23,34.87,24.57,1167,72,141120.7,133.9,72.8,89.2,3.78,3.44,21.85,40.41,48.16,AC,85,0.00704,0.00447,2838,32.3,80.49,164.6,1156,Medium
EV000243,2026-01-10 02:30:00,368.0,11.76,4.33,99.29,38.12,24.1,875,504,45477.6,95.3,88.3,124.1,0.2,2.28,19.38,44.58,51.18,AC,117,0.0055,0.00478,778,57.4,81.87,391.0,1187,Medium
EV000048,2026-01-10 02:35:00,321.4,-164.1,-52.74,31.55,39.79,27.5,261,77,221403.5,51.4,24.7,63.5,0.87,1.03,15.36,45.1,47.0,DC,65,0.00559,0.00408,2988,50.0,91.8,117.0,1712,Low
EV000093,2026-01-10 02:40:00,376.58,88.66,33.39,31.91,38.57,34.09,1722,740,72865.3,241.6,42.8,77.1,4.49,3.19,18.72,52.12,52.6,AC,110,0.01079,0.00695,2508,76.9,67.16,127.1,391,High
EV000160,2026-01-10 02:45:00,396.14,210.6,83.43,92.72,40.83,34.36,59,17,81979.3,91.2,89.4,116.3,0.22,0.3,18.96,52.45,52.65,AC,155,0.00375,0.00337,1951,24.3,96.51,505.7,1948,Low
EV000183,2026-01-10 02:50:00,367.8,165.6,60.91,25.63,15.0,-3.91,291,84,111555.2,71.1,15.7,34.0,0.7,2.22,15.88,21.57,29.53,AC,72,0.00557,0.00404,3254,35.3,90.51,93.4,1730,Low
EV000132,2026-01-10 02:55:00,337.05,-83.11,-28.01,63.41,15.0,-3.01,1226,411,129027.8,174.5,54.6,74.8,3.0,3.21,14.45,30.45,21.33,AC,66,0.00985,0.00558,2776,41.7,77.48,200.3,1029,High
EV000075,2026-01-10 03:00:00,340.6,180.67,61.54,8.66,15.0,-1.97,978,363,231257.5,235.2,30.3,84.0,1.3,7.28,21.64,25.58,25.95,AC,58,0.00898,0.00561,3001,35.7,79.36,40.0,999,High
EV000247,2026-01-10 03:05:00,394.06,12.16,4.79,70.69,38.45,27.84,1096,338,153356.2,29.3,20.9,50.2,2.87,4.49,21.98,58.41,51.56,AC,38,0.0069,0.00572,2483,70.5,78.58,200.0,1095,High
EV000007,2026-01-10 03:10:00,327.36,191.13,62.57,68.03,24.96,10.69,25,3,64474.3,217.2,104.6,121.4,3.99,0.78,13.4,32.04,31.17,DC,95,0.00362,0.00232,2096,40.0,96.65,358.3,2090,Low
EV000223,2026-01-10 03:15:00,331.36,217.22,71.98,60.16,27.27,20.68,700,166,37340.4,209.7,84.1,133.8,3.72,3.47,21.93,41.75,32.43,AC,129,0.00573,0.00482,1294,83.2,87.48,238.5,1445,Medium
EV000088,2026-01-10 03:20:00,356.91,-93.97,-33.54,94.89,29.33,26.27,972,93,96458.7,49.4,105.9,163.5,1.74,5.13,18.94,46.98,35.35,AC,40,0.00988,0.00539,2652,65.9,83.22,362.1,1200,Medium
EV000165,2026-01-10 03:25:00,358.33,-80.84,-28.97,78.24,15.0,-9.85,1640,741,15184.1,126.5,114.5,169.8,3.0,6.13,14.15,24.84,26.99,DC,159,0.01194,0.00769,311,71.1,72.05,234.0,651,High
EV000214,2026-01-10 03:30:00,334.65,-92.49,-30.95,9.2,34.04,27.06,295,25,28447.8,224.8,50.5,84.1,3.88,0.75,18.9,45.88,44.16,AC,42,0.00566,0.00388,488,43.2,95.64,48.4,1917,Low
EV000059,2026-01-10 03:35:00,370.55,61.06,22.63,78.55,31.23,17.52,511,255,9140.1,99.3,119.1,156.0,3.15,5.19,18.04,43.91,40.37,DC,110,0.00426,0.00429,188,34.9,91.24,334.5,1698,Low
EV000061,2026-01-10 03:40:00,391.99,93.19,36.53,17.45,15.0,-4.91,527,187,69578.5,16.8,98.3,153.4,3.56,0.26,23.03,25.39,21.91,AC,112,0.00665,0.00454,1581,65.9,90.29,93.5,1643,Low
EV000258,2026-01-10 03:45:00,383.66,217.09,83.29,90.0,16.03,4.0,1221,377,55422.4,187.9,86.6,117.1,3.29,2.78,15.35,27.12,25.9,DC,161,0.00971,0.00637,1063,31.1,78.81,326.5,1026,High
EV000061,2026-01-10 03:50:00,389.06,-94.96,-36.95,5.66,35.69,29.01,539,263,53486.1,170.5,79.0,90.9,3.99,5.91,17.56,54.83,49.54,AC,53,0.00418,0.00413,1100,91.0,87.7,40.0,1506,Medium
EV000282,2026-01-10 03:55:00,395.89,85.91,34.01,44.21,27.54,19.67,1450,631,223340.2,10.1,58.1,89.2,4.04,5.39,19.74,33.35,41.37,AC,71,0.00841,0.00672,3060,62.7,70.51,177.5,530,High
EV000121,2026-01-10 04:00:00,353.59,-190.46,-67.34,92.04,15.0,-2.11,778,336,50287.4,245.1,58.4,87.2,1.21,1.68,14.43,24.9,23.2,AC,152,0.00682,0.00431,1133,81.5,86.62,431.2,1507,Medium
EV000211,2026-01-10 04:05:00,388.77,93.67,36.41,75.15,15.0,-8.33,1307,492,35605.7,179.7,94.9,117.7,1.72,6.12,20.0,26.2,23.07,DC,102,0.00835,0.00618,487,94.4,78.01,248.3,1045,High
EV000098,2026-01-10 04:10:00,389.31,141.2,54.97,80.63,15.0,3.02,1313,459,109632.5,154.1,47.4,66.5,1.27,4.42,13.57,21.67,27.02,AC,148,0.00878,0.00531,2395,88.0,77.06,249.6,898,High
EV000137,2026-01-10 04:15:00,397.47,-42.63,-16.95,18.15,20.66,10.41,884,517,22948.1,120.8,86.2,140.1,0.33,0.62,22.02,25.84,26.45,DC,156,0.00855,0.00499,798,80.6,82.56,79.1,1255,Medium
EV000118,2026-01-10 04:20:00,361.89,-2.2,-0.8,17.64,15.0,-3.28,238,102,55767.3,189.0,82.1,120.9,1.4,0.19,14.08,22.68,28.14,AC,144,0.00513,0.00309,2638,75.9,91.95,68.4,1732,Low
EV000267,2026-01-10 04:25:00,353.83,-183.25,-64.84,93.11,37.03,20.55,692,343,64214.5,151.2,54.7,94.0,3.12,1.64,19.97,42.71,49.51,DC,90,0.0049,0.00435,2608,62.8,84.78,391.7,1291,Medium
EV000027,2026-01-10 04:30:00,364.61,-95.94,-34.98,16.4,31.28,27.65,457,152,68435.3,151.7,56.1,85.5,0.42,6.87,20.67,49.16,43.33,AC,35,0.00682,0.00363,915,67.2,91.59,76.4,1695,Low
EV000032,2026-01-10 04:35:00,352.76,173.77,61.3,27.56,23.96,12.77,510,145,108438.3,215.3,17.7,34.6,0.43,6.07,17.52,37.39,30.54,DC,145,0.00597,0.00389,1606,66.3,90.11,111.2,1717,Low
EV000065,2026-01-10 04:40:00,340.58,100.92,34.37,71.25,15.0,3.22,336,40,5416.1,181.6,17.8,60.4,0.72,7.53,12.71,27.21,29.07,AC,119,0.00606,0.0035,75,62.2,95.69,266.4,1903,Low
EV000074,2026-01-10 04:45:00,371.12,-16.0,-5.94,57.42,21.96,7.03,1049,588,144287.8,245.1,22.6,37.6,2.7,3.4,12.91,39.64,25.43,AC,98,0.00761,0.00568,2965,92.7,76.35,262.5,949,High
EV000090,2026-01-10 04:50:00,377.85,-2.31,-0.87,75.62,18.84,14.19,1608,423,59382.1,98.5,56.2,91.9,2.66,6.96,21.22,26.55,24.48,AC,55,0.00965,0.00635,813,40.0,75.2,270.9,762,High
EV000183,2026-01-10 04:55:00,375.99,89.04,33.48,56.5,15.0,-3.87,75,25,143537.4,228.6,99.9,113.9,4.44,2.26,22.73,31.89,26.74,DC,133,0.00401,0.00268,2695,35.2,94.36,260.1,1923,Low
EV000284,2026-01-10 05:00:00,358.44,-219.05,-78.52,94.81,25.22,14.14,854,18,205013.6,205.6,30.5,56.8,0.35,3.76,21.89,41.94,36.07,AC,151,0.00577,0.0051,2825,34.3,85.63,450.8,1465,Medium
EV000247,2026-01-10 05:05:00,389.8,-82.44,-32.13,58.44,34.52,24.29,839,65,34520.9,50.1,25.7,77.0,0.47,4.43,18.15,42.16,48.13,AC,127,0.00812,0.00473,556,86.9,87.91,208.9,1510,Medium
EV000169,2026-01-10 05:10:00,370.16,-16.74,-6.2,78.78,44.93,40.74,723,155,58061.7,146.7,54.7,96.3,3.0,2.61,22.36,64.6,54.76,DC,32,0.00853,0.00427,1767,36.8,86.86,362.1,1458,Medium
EV000232,2026-01-10 05:15:00,350.19,95.18,33.33,54.1,26.9,13.63,659,293,90867.7,136.8,76.6,89.5,4.46,4.46,14.23,41.82,35.8,DC,126,0.00636,0.00512,2906,30.8,83.68,182.2,1340,Medium
EV000281,2026-01-10 05:20:00,321.59,51.89,16.69,20.94,21.25,17.56,141,29,42168.2,100.9,53.3,72.7,3.73,7.0,17.06,34.75,25.28,AC,65,0.00555,0.00334,856,20.6,96.75,95.0,2044,Low
EV000110,2026-01-10 05:25:00,394.25,24.98,9.85,58.08,15.0,4.01,1202,7,103040.2,48.2,34.4,93.7,2.0,6.15,23.43,32.41,21.11,DC,126,0.0069,0.00523,2931,33.4,79.94,210.4,1175,High
EV000181,2026-01-10 05:30:00,401.5,209.57,84.14,50.42,33.68,25.32,203,112,134224.9,157.0,112.1,134.1,1.28,7.6,19.06,53.4,46.5,DC,128,0.00495,0.00346,2804,67.4,91.5,236.0,1653,Low
EV000036,2026-01-10 05:35:00,395.48,-146.75,-58.04,7.32,44.32,37.12,46,28,53139.3,236.2,72.6,99.5,0.3,7.51,22.78,59.54,52.06,DC,44,0.00426,0.00348,1325,49.8,97.21,40.0,2074,Low
EV000230,2026-01-10 05:40:00,361.6,209.64,75.81,40.17,15.0,-8.16,1614,656,12350.8,39.4,25.0,60.9,3.4,4.12,12.17,34.39,22.57,DC,44,0.01134,0.00733,235,80.4,73.39,142.3,792,High
EV000148,2026-01-10 05:45:00,385.22,-26.54,-10.23,19.0,15.0,2.87,1623,950,25105.2,147.7,81.4,130.5,3.72,0.07,13.63,29.29,26.26,DC,153,0.00946,0.00762,521,53.1,69.57,70.5,556,High
EV000231,2026-01-10 05:50:00,341.1,0.53,0.18,48.5,24.99,7.3,705,190,144464.6,148.6,81.6,123.6,0.24,7.41,12.9,43.62,32.17,DC,92,0.00664,0.00489,2270,82.4,86.56,156.1,1471,Medium
EV000060,2026-01-10 05:55:00,398.32,30.49,12.14,40.64,50.86,39.73,1697,579,41835.6,207.2,86.1,113.2,1.17,5.57,18.88,66.4,55.33,AC,56,0.01105,0.00723,956,52.6,70.38,160.6,564,High
EV000271,2026-01-10 06:00:00,406.04,138.65,56.29,47.88,32.77,20.27,725,280,255644.4,119.2,48.1,92.6,0.94,3.43,22.52,39.7,40.22,AC,56,0.0055,0.00474,3396,60.7,83.23,141.3,1245,Medium
EV000121,2026-01-10 06:05:00,362.63,114.13,41.39,32.08,15.0,7.09,886,496,69418.1,158.3,28.3,41.0,4.48,5.2,22.22,31.09,24.21,AC,94,0.00712,0.00532,2069,71.4,81.77,110.0,1131,Medium
EV000052,2026-01-10 06:10:00,402.56,85.55,34.44,59.02,15.0,-7.54,2,0,160707.3,56.3,37.7,66.5,2.8,0.63,13.26,27.52,22.82,DC,157,0.00593,0.00349,2888,83.9,96.12,319.6,1983,Low
EV000068,2026-01-10 06:15:00,331.89,43.85,14.55,8.76,15.0,-3.81,1644,229,109011.4,193.2,56.8,81.4,0.77,6.42,24.47,24.35,19.84,AC,101,0.01127,0.00569,2567,43.9,73.84,40.0,808,High
EV000253,2026-01-10 06:20:00,381.41,-105.92,-40.4,39.95,53.16,40.06,837,290,72293.2,80.1,74.4,103.2,4.13,0.45,20.9,63.48,60.76,AC,54,0.00626,0.00498,1756,26.5,83.13,183.1,1342,Medium
EV000091,2026-01-10 06:25:00,348.93,-217.51,-75.9,7.38,15.0,-4.58,429,128,179934.5,48.8,23.2,80.5,2.77,6.88,13.57,21.51,26.19,AC,180,0.00415,0.00446,3287,28.1,89.36,40.0,1683,Medium
EV000165,2026-01-10 06:30:00,347.49,-104.57,-36.34,45.64,39.2,31.31,1560,441,262359.5,70.1,20.3,76.4,2.22,3.6,13.35,45.64,47.06,AC,124,0.00858,0.00701,3430,57.9,71.63,121.3,615,High
EV000010,2026-01-10 06:35:00,385.49,156.51,60.33,72.14,46.53,40.33,440,114,12694.5,164.6,52.4,104.8,2.16,6.43,18.99,55.72,59.49,DC,23,0.00708,0.00429,311,63.3,90.76,365.9,1732,Low
EV000102,2026-01-10 06:40:00,335.74,-218.6,-73.39,60.74,15.0,-1.74,564,5,37275.0,90.1,38.3,67.0,3.92,4.11,13.82,34.29,19.22,AC,90,0.00454,0.00457,1161,61.7,90.38,248.7,1594,Low
EV000205,2026-01-10 06:45:00,327.05,-91.41,-29.9,61.52,58.19,41.56,1561,558,64490.1,149.5,36.7,53.1,2.15,3.72,24.5,68.69,71.7,AC,152,0.00862,0.00599,1060,79.1,70.99,221.7,628,High
EV000232,2026-01-10 06:50:00,371.55,-121.98,-45.32,20.4,37.44,20.1,786,113,158027.5,138.7,97.5,127.1,2.05,4.24,12.87,50.99,43.36,AC,176,0.00522,0.00429,2964,39.4,84.6,89.1,1422,Medium
EV000226,2026-01-10 06:55:00,360.22,-165.49,-59.61,79.59,23.85,7.9,283,24,35232.1,34.8,57.2,104.9,2.48,4.96,12.91,35.4,27.05,DC,168,0.00587,0.00326,565,21.5,96.1,352.7,2011,Low
EV000121,2026-01-10 07:00:00,378.11,-192.07,-72.62,9.24,25.2,18.92,1228,727,132359.2,189.4,68.5,122.0,1.96,3.33,19.96,40.85,37.59,AC,64,0.00705,0.00543,2902,85.7,73.76,40.0,685,High
EV000047,2026-01-10 07:05:00,330.32,63.8,21.07,97.29,46.98,41.85,1413,755,121630.4,19.7,60.4,112.6,2.22,6.61,21.97,65.27,54.34,DC,133,0.01066,0.00606,2725,77.4,70.89,245.6,625,High
EV000300,2026-01-10 07:10:00,349.52,202.22,70.68,50.56,53.9,40.81,458,251,99526.5,149.9,31.4,81.0,0.29,5.93,24.23,59.13,62.51,DC,119,0.00615,0.00427,2252,88.4,87.31,262.2,1560,Medium
EV000226,2026-01-10 07:15:00,331.99,82.1,27.26,23.26,31.43,26.95,375,125,121086.1,141.6,55.1,97.0,3.47,6.2,24.09,45.53,40.47,AC,167,0.00613,0.00403,2005,69.7,91.6,117.9,1712,Low
EV000131,2026-01-10 07:20:00,328.93,116.71,38.39,71.34,27.15,10.63,1744,364,101625.0,62.2,93.5,147.8,3.27,2.96,17.46,38.87,33.23,AC,57,0.01016,0.00632,3297,76.5,70.73,284.6,580,High
EV000128,2026-01-10 07:25:00,377.56,171.27,64.66,74.78,15.0,-2.33,822,140,167185.6,200.1,78.9,138.4,2.02,2.92,14.21,28.41,22.93,AC,173,0.00743,0.00423,3023,47.1,83.1,267.8,1303,Medium
EV000024,2026-01-10 07:30:00,372.66,193.2,72.0,81.94,45.08,37.57,1205,377,122173.8,77.8,68.2,86.9,3.9,3.66,19.52,56.98,52.09,AC,84,0.00781,0.00577,1687,27.5,78.19,378.4,1038,High
EV000235,2026-01-10 07:35:00,324.65,-45.06,-14.63,10.45,15.0,-4.94,1689,12,63272.9,125.8,42.8,64.8,4.11,0.89,21.97,31.25,18.07,DC,106,0.00882,0.00685,1131,92.3,78.75,41.0,983,High
EV000181,2026-01-10 07:40:00,345.67,62.38,21.56,67.32,37.37,21.72,1165,192,146789.6,96.9,76.9,130.9,2.47,6.36,23.29,53.18,45.55,DC,53,0.00818,0.00554,2388,44.8,78.93,238.5,1078,High
EV000266,2026-01-10 07:45:00,353.74,-124.31,-43.97,9.07,19.23,16.03,999,161,208930.6,131.1,63.7,81.9,3.88,3.34,17.46,30.72,26.92,AC,88,0.00764,0.00563,2723,65.7,82.95,40.0,1199,Medium
EV000254,2026-01-10 07:50:00,395.34,66.67,26.36,34.16,22.76,15.33,426,120,71457.6,99.3,99.2,146.0,0.75,1.48,18.32,33.57,30.09,DC,31,0.00444,0.00349,2749,73.2,89.81,161.6,1653,Medium
EV000171,2026-01-10 07:55:00,339.89,138.21,46.98,14.89,41.53,36.99,433,121,8373.5,82.1,108.6,150.4,4.12,0.09,16.32,50.5,44.68,DC,108,0.00377,0.0034,119,30.5,91.58,59.9,1702,Low
EV000111,2026-01-10 08:00:00,361.7,-127.3,-46.04,53.7,45.41,28.09,941,394,69882.1,229.7,51.0,91.8,4.34,5.52,13.94,59.45,57.5,DC,174,0.00975,0.00584,2199,29.0,80.98,152.7,1104,Medium
EV000091,2026-01-10 08:05:00,339.82,218.9,74.39,43.22,16.6,5.7,90,19,57628.4,85.0,62.1,95.2,2.33,3.47,13.69,33.23,19.63,AC,17,0.00381,0.00261,2246,35.5,94.65,211.7,1942,Low
EV000154,2026-01-10 08:10:00,373.77,-146.81,-54.87,61.44,53.14,41.26,1271,307,21108.6,3.2,36.0,51.4,2.83,7.53,15.04,67.05,59.64,DC,130,0.01041,0.00553,959,69.4,78.19,240.2,1079,High
EV000108,2026-01-10 08:15:00,364.41,159.3,58.05,5.04,26.59,22.39,81,36,69851.8,173.4,93.4,116.1,0.73,7.99,19.27,45.39,36.08,DC,58,0.00396,0.0027,1067,76.1,96.66,40.0,1968,Low
EV000128,2026-01-10 08:20:00,350.31,104.84,36.73,99.11,15.0,-8.6,1209,71,32663.2,180.5,81.3,98.5,3.72,0.11,12.08,21.44,20.56,DC,47,0.00905,0.00559,498,68.3,84.93,299.0,1382,Medium
EV000103,2026-01-10 08:25:00,394.37,-2.38,-0.94,16.42,42.72,32.57,1104,446,270970.9,180.4,28.1,51.9,1.05,2.56,19.59,50.07,55.28,DC,162,0.00779,0.00514,3551,23.7,75.6,57.0,860,High
EV000143,2026-01-10 08:30:00,361.48,-49.87,-18.03,53.45,29.62,19.14,246,26,14191.0,164.9,29.9,54.5,0.61,2.1,23.31,40.83,38.39,DC,86,0.00371,0.00313,312,71.2,95.33,217.7,1914,Low
EV000281,2026-01-10 08:35:00,377.71,-197.4,-74.56,62.97,15.0,-9.63,712,336,36810.4,62.4,53.0,92.1,2.94,7.03,18.25,28.59,24.74,AC,91,0.00725,0.00526,1353,73.2,86.27,250.7,1377,Medium
EV000062,2026-01-10 08:40:00,391.22,-101.28,-39.62,86.16,33.44,16.58,295,65,28651.9,22.0,80.5,95.2,4.25,2.83,14.73,48.47,41.09,DC,119,0.00705,0.00311,393,38.8,94.7,403.2,1848,Low
EV000277,2026-01-10 08:45:00,355.07,-111.23,-39.49,8.45,21.05,13.13,1650,585,2351.7,141.2,117.2,133.3,0.7,2.42,12.39,38.75,35.44,DC,135,0.01235,0.007,67,86.3,74.9,40.0,803,High
EV000188,2026-01-10 08:50:00,373.89,161.3,60.31,63.45,15.0,-1.02,326,176,61440.5,30.5,91.0,107.2,3.75,1.28,24.5,31.32,21.84,DC,180,0.00435,0.00423,837,24.6,93.42,241.1,1857,Low
EV000042,2026-01-10 08:55:00,341.99,45.97,15.72,46.62,22.24,11.97,329,98,115943.7,173.7,74.9,120.6,2.37,7.19,22.35,37.08,32.2,AC,47,0.00509,0.00391,2579,41.6,91.36,163.2,1708,Low
EV000276,2026-01-10 09:00:00,345.99,-177.95,-61.57,7.47,41.92,28.09,1217,502,109742.5,218.2,65.9,117.2,2.12,0.76,24.54,61.48,46.86,AC,119,0.00716,0.00567,1395,77.9,77.07,40.0,866,High
EV000180,2026-01-10 09:05:00,341.22,-65.42,-22.32,60.84,15.0,-1.05,876,89,141269.6,147.9,104.0,123.1,3.4,2.16,19.24,34.48,18.53,DC,123,0.00572,0.00477,2203,82.0,84.98,298.7,1413,Medium
EV000164,2026-01-10 09:10:00,378.18,164.85,62.34,48.26,29.55,22.13,1347,510,2875.7,150.0,70.6,99.6,1.68,0.07,18.44,39.26,38.19,AC,77,0.01027,0.00639,41,64.7,78.15,170.6,1043,High
EV000141,2026-01-10 09:15:00,344.1,-153.25,-52.73,11.19,15.36,0.73,162,28,180223.3,237.2,97.9,155.3,3.38,5.15,16.4,25.19,27.25,AC,73,0.00598,0.00242,2987,46.2,94.37,40.0,1861,Low
EV000157,2026-01-10 09:20:00,407.66,5.34,2.17,91.35,44.77,41.14,1545,635,75087.7,82.7,34.9,62.2,2.93,7.62,14.22,53.4,55.72,AC,140,0.01061,0.0071,2547,34.1,69.65,265.1,478,High
EV000136,2026-01-10 09:25:00,409.62,198.25,81.21,13.83,48.73,36.39,1335,383,204805.8,145.3,118.8,167.6,3.14,3.2,13.63,57.13,56.66,AC,58,0.00933,0.00614,2809,84.8,75.05,56.3,872,High
EV000090,2026-01-10 09:30:00,337.97,-22.03,-7.44,69.04,26.28,15.47,593,99,124581.4,157.0,25.2,76.9,1.85,7.79,18.38,43.86,35.53,AC,91,0.00617,0.00398,3288,79.6,86.5,249.5,1516,Medium
EV000174,2026-01-10 09:35:00,394.0,-40.51,-15.96,7.49,19.79,14.43,757,307,96388.6,148.8,79.4,127.3,2.5,6.27,16.58,28.31,29.31,DC,45,0.00556,0.0046,2579,38.6,83.62,40.0,1314,Medium
EV000036,2026-01-10 09:40:00,326.4,-34.59,-11.29,66.87,57.43,39.46,1569,650,66500.0,220.9,37.3,96.7,3.23,4.12,14.71,69.86,68.7,DC,67,0.00857,0.0073,1142,39.8,71.07,273.4,533,High
EV000095,2026-01-10 09:45:00,385.44,-26.58,-10.25,70.18,18.28,0.96,1734,702,20167.5,42.7,111.3,162.7,2.7,7.36,19.56,23.5,24.71,DC,163,0.01113,0.0076,763,51.8,70.23,251.5,612,High
EV000137,2026-01-10 09:50:00,343.02,76.57,26.27,13.05,16.94,8.72,1302,269,18566.8,116.7,70.6,113.2,2.7,4.95,21.81,26.49,25.68,AC,20,0.0102,0.00581,766,56.6,80.33,47.8,1059,Medium
EV000106,2026-01-10 09:55:00,332.82,-126.31,-42.04,54.08,15.0,-3.12,1696,968,88949.9,126.0,49.0,75.6,0.42,0.3,18.73,27.35,29.36,AC,150,0.01171,0.00702,3494,46.3,63.57,140.3,197,High
EV000256,2026-01-10 10:00:00,371.08,168.39,62.49,58.67,54.61,37.29,1096,570,41397.9,105.5,37.4,54.6,0.41,7.37,22.84,69.82,58.16,AC,52,0.0068,0.00631,610,87.7,78.39,188.1,1033,High
EV000162,2026-01-10 10:05:00,332.37,103.74,34.48,93.74,24.43,14.51,183,107,22142.1,153.3,104.1,137.1,2.79,7.18,14.24,40.73,37.09,DC,109,0.00425,0.00376,596,94.4,95.67,314.5,1948,Low
EV000239,2026-01-10 10:10:00,397.09,-6.48,-2.57,37.69,38.1,20.93,1003,158,8327.2,84.9,69.7,96.0,2.7,5.44,24.6,44.2,46.51,DC,44,0.00912,0.00567,327,28.3,85.18,188.7,1402,Medium
EV000171,2026-01-10 10:15:00,340.06,-159.12,-54.11,85.96,43.32,38.01,1705,231,103413.4,246.2,59.2,80.4,4.11,3.92,21.77,56.63,53.97,DC,34,0.0122,0.006,2654,45.5,71.38,358.4,699,High
EV000161,2026-01-10 10:20:00,405.83,120.61,48.95,24.44,38.81,32.02,1710,88,3232.8,203.9,52.3,96.5,4.27,0.57,13.74,44.96,52.24,AC,64,0.00902,0.00574,154,40.2,77.99,87.8,920,High
EV000255,2026-01-10 10:25:00,389.85,-192.41,-75.01,25.59,15.0,-0.67,713,403,177271.5,113.3,95.4,114.4,2.61,5.62,24.37,33.87,25.31,AC,81,0.00829,0.00465,2235,86.8,83.63,85.9,1324,Medium
EV000193,2026-01-10 10:30:00,366.47,-136.33,-49.96,78.86,23.1,7.37,1301,637,64563.6,131.8,50.3,77.6,1.59,0.85,12.19,42.83,28.12,DC,75,0.00814,0.0065,1964,62.0,73.92,333.9,744,High
EV000140,2026-01-10 10:35:00,338.32,159.45,53.95,87.49,34.57,22.37,1453,201,60099.3,86.6,92.7,137.2,0.34,5.04,23.24,41.21,48.61,DC,80,0.01071,0.00564,1419,70.6,78.63,289.2,1054,High
EV000187,2026-01-10 10:40:00,322.03,80.2,25.83,99.41,34.29,27.72,508,184,141033.5,44.3,29.5,42.7,4.24,0.61,23.03,40.72,46.03,AC,37,0.00575,0.0041,1933,94.8,89.58,513.8,1560,Medium
EV000072,2026-01-10 10:45:00,387.11,-204.6,-79.2,38.74,23.02,7.96,1502,596,224059.7,229.4,73.8,85.9,0.22,4.68,17.98,32.15,31.18,AC,76,0.00957,0.00617,3230,53.7,71.03,139.7,529,High
EV000257,2026-01-10 10:50:00,392.57,183.27,71.95,93.76,15.0,-6.02,1419,538,33805.2,40.1,42.6,77.8,1.62,5.6,20.6,20.54,26.39,AC,125,0.01006,0.00692,1295,44.8,76.82,277.4,879,High
EV000204,2026-01-10 10:55:00,382.6,-119.77,-45.82,70.55,15.19,4.21,1592,257,260231.9,213.8,94.3,124.2,1.68,3.38,22.94,20.79,19.63,AC,152,0.01159,0.00645,3480,26.8,73.03,242.4,699,High
EV000009,2026-01-10 11:00:00,339.25,219.19,74.36,22.4,39.0,29.87,1488,324,99892.1,46.4,32.2,72.7,4.19,5.42,20.54,49.59,44.69,DC,41,0.00889,0.00612,1331,22.9,75.75,94.0,842,High
EV000288,2026-01-10 11:05:00,353.35,-172.42,-60.92,76.47,15.0,0.28,931,208,35830.9,227.8,39.2,98.5,4.36,2.77,15.14,22.61,22.98,DC,132,0.00708,0.00414,1567,38.5,83.82,271.2,1266,Medium
EV000003,2026-01-10 11:10:00,388.65,-100.55,-39.08,14.58,39.68,31.13,1162,220,123044.4,196.2,21.9,34.0,2.11,2.41,21.81,53.65,52.9,DC,54,0.00668,0.00468,2876,22.6,77.8,46.3,1026,High
EV000299,2026-01-10 11:15:00,368.4,52.31,19.27,77.22,34.69,21.93,460,190,11308.7,205.1,52.1,93.5,1.32,5.48,23.7,51.47,44.28,AC,106,0.00774,0.00456,326,51.7,90.8,249.0,1697,Low
EV000245,2026-01-10 11:20:00,401.82,59.8,24.03,44.41,31.21,15.66,479,240,110288.6,35.6,18.6,57.0,4.16,1.98,16.94,42.63,44.06,AC,110,0.00443,0.00334,2325,93.2,88.6,212.4,1637,Medium
EV000042,2026-01-10 11:25:00,352.5,-197.18,-69.51,79.07,33.01,24.72,271,79,64345.2,248.5,48.8,92.4,1.55,5.13,17.51,41.51,40.65,AC,112,0.00697,0.00316,1840,73.8,93.85,357.2,1842,Low
EV000162,2026-01-10 11:30:00,377.65,61.94,23.39,38.41,25.26,18.74,1730,426,169471.4,160.1,37.5,64.2,1.5,3.07,21.62,36.2,37.96,AC,168,0.01248,0.00654,2642,28.0,72.11,121.3,688,High
EV000203,2026-01-10 11:35:00,365.19,69.62,25.42,30.16,15.37,2.23,850,473,82207.8,215.8,51.2,79.7,4.07,4.29,22.23,25.05,27.98,AC,66,0.0093,0.0048,3419,73.7,79.34,135.6,1131,High
EV000083,2026-01-10 11:40:00,348.27,54.25,18.89,64.3,45.18,28.13,869,137,35843.6,195.8,30.5,42.5,1.2,7.36,19.9,63.05,57.71,DC,173,0.00576,0.00426,540,90.4,87.15,205.7,1469,Medium
EV000155,2026-01-10 11:45:00,339.89,159.11,54.08,33.85,15.8,8.89,849,472,1692.5,75.1,80.4,98.2,1.84,6.35,13.93,24.21,21.68,DC,21,0.00612,0.00483,46,31.2,84.9,119.0,1361,Medium
EV000104,2026-01-10 11:50:00,401.07,-111.63,-44.77,39.54,23.43,14.51,1758,164,192252.8,138.0,106.1,164.7,3.5,7.07,14.8,36.44,38.22,DC,21,0.01244,0.00704,2968,93.8,71.69,115.1,674,High
EV000180,2026-01-10 11:55:00,321.71,-72.88,-23.45,8.37,32.69,16.89,788,461,89240.8,71.2,21.4,52.7,0.58,2.13,19.93,44.2,42.91,DC,83,0.00808,0.00416,3516,69.4,81.53,40.0,1219,Medium
EV000087,2026-01-10 12:00:00,408.75,48.3,19.74,71.45,15.1,10.82,484,247,109074.3,12.5,48.4,83.3,3.38,4.15,18.98,22.85,22.75,AC,162,0.00782,0.00446,2587,83.9,87.33,258.8,1468,Medium
EV000087,2026-01-10 12:05:00,331.4,-29.2,-9.68,28.09,15.0,0.25,737,297,132001.4,114.7,43.9,90.7,3.83,5.9,23.8,22.43,19.68,DC,32,0.00682,0.00497,3304,82.6,83.45,110.7,1247,Medium
EV000221,2026-01-10 12:10:00,352.96,68.51,24.18,83.19,15.0,0.51,866,267,208846.9,115.1,44.4,96.3,3.11,4.57,15.32,26.99,21.44,DC,58,0.00602,0.00416,3145,90.2,81.97,322.7,1185,Medium
EV000027,2026-01-10 12:15:00,333.77,126.4,42.19,10.49,15.0,-6.97,1435,130,1834.4,25.7,15.5,40.3,3.59,4.52,22.92,30.6,25.68,AC,61,0.00795,0.00611,54,90.6,80.29,40.0,1076,Medium
EV000216,2026-01-10 12:20:00,362.53,-211.45,-76.66,43.39,15.0,1.66,1099,192,99044.7,199.3,87.0,110.8,1.11,1.77,20.01,32.64,25.54,DC,149,0.01037,0.0048,3336,83.0,78.91,123.3,1052,High
EV000178,2026-01-10 12:25:00,386.52,-169.63,-65.57,42.56,28.05,16.14,1116,361,18771.1,201.1,80.9,94.1,2.83,0.55,15.31,42.26,32.8,AC,114,0.00705,0.0055,520,61.8,83.38,172.0,1266,Medium
EV000125,2026-01-10 12:30:00,356.95,-19.83,-7.08,41.87,25.16,18.14,906,225,3015.7,53.0,117.8,131.2,2.78,2.71,21.61,35.21,33.35,DC,76,0.00891,0.00535,108,25.3,87.09,138.2,1450,Medium
EV000149,2026-01-10 12:35:00,330.28,-181.05,-59.8,30.03,15.0,-5.28,1388,92,102138.8,26.3,53.7,93.4,1.27,4.19,19.81,22.39,28.02,AC,132,0.00784,0.00603,3366,88.3,76.37,110.8,951,High
EV000290,2026-01-10 12:40:00,382.8,151.41,57.96,92.65,15.0,1.24,1758,332,86255.0,235.7,56.3,107.9,3.25,7.4,22.78,29.39,21.95,DC,53,0.00918,0.00738,3318,83.3,69.57,336.6,514,High
EV000152,2026-01-10 12:45:00,363.13,-81.47,-29.58,81.68,43.06,36.55,1669,704,46712.4,9.2,35.7,72.0,3.25,7.64,22.39,54.02,56.53,AC,76,0.01201,0.00689,921,54.8,70.78,317.1,671,High
EV000140,2026-01-10 12:50:00,354.79,-147.98,-52.5,89.25,29.45,18.02,364,18,55852.2,160.9,108.7,158.1,2.31,3.41,19.3,42.93,41.46,AC,170,0.00509,0.00416,2600,33.3,91.17,379.8,1695,Low
EV000287,2026-01-10 12:55:00,325.26,-101.64,-33.06,32.26,15.0,-2.52,169,14,189899.1,205.3,47.0,89.5,3.11,5.83,19.6,22.43,29.78,DC,138,0.0059,0.00377,2616,25.1,93.83,107.8,1829,Low
EV000268,2026-01-10 13:00:00,341.32,162.19,55.36,77.8,20.61,11.35,1527,682,223414.9,4.0,77.5,125.9,2.95,5.23,20.15,25.9,25.78,AC,80,0.01116,0.00664,3305,59.8,70.29,313.7,631,High
EV000032,2026-01-10 13:05:00,379.54,-111.33,-42.25,71.28,41.6,24.73,428,257,2430.5,102.8,64.5,98.9,2.15,1.75,21.02,49.75,55.46,DC,82,0.00742,0.00402,49,90.1,91.46,334.4,1787,Low
EV000092,2026-01-10 13:10:00,341.2,72.77,24.83,91.1,33.78,27.55,1007,605,111434.1,5.0,100.8,147.8,1.12,1.18,22.16,53.29,43.7,DC,68,0.00941,0.00515,2586,78.2,78.62,357.2,947,High
EV000026,2026-01-10 13:15:00,368.56,12.79,4.71,38.24,17.74,14.2,225,22,141281.7,123.9,109.7,134.7,4.46,1.91,24.68,35.91,32.07,AC,112,0.00336,0.00371,2400,95.0,94.56,190.1,1932,Low
EV000181,2026-01-10 13:20:00,392.33,-195.97,-76.89,32.15,15.0,0.37,284,70,90605.7,54.0,92.9,129.6,2.76,4.57,23.95,29.6,27.67,AC,30,0.0063,0.00271,1637,66.2,93.08,158.3,1789,Low
EV000148,2026-01-10 13:25:00,365.37,136.68,49.94,71.02,21.76,16.61,1200,438,18605.8,14.4,102.7,147.1,0.36,6.32,13.97,34.79,33.4,AC,61,0.0068,0.00555,543,41.2,81.6,273.6,1134,Medium
EV000020,2026-01-10 13:30:00,402.21,-177.75,-71.49,97.56,30.0,21.55,1535,305,162313.2,115.4,19.7,50.8,2.13,4.53,21.66,42.72,38.07,AC,88,0.01002,0.00661,3383,66.3,73.84,278.4,743,High
EV000076,2026-01-10 13:35:00,400.74,45.9,18.39,11.45,55.2,41.92,523,19,166751.1,173.9,29.0,74.1,0.89,0.71,13.62,71.91,62.85,DC,139,0.00737,0.00361,3293,89.0,86.45,47.4,1513,Medium
EV000137,2026-01-10 13:40:00,348.96,159.67,55.72,75.99,28.76,21.53,785,5,153161.1,27.3,57.7,69.9,3.27,4.78,21.84,45.52,33.09,AC,88,0.00632,0.00443,2250,20.9,87.18,330.4,1475,Medium
EV000239,2026-01-10 13:45:00,367.49,43.38,15.94,87.01,43.17,30.63,89,33,192717.5,15.9,95.4,129.5,2.99,5.25,16.96,48.42,50.87,DC,129,0.00266,0.0036,2514,49.2,92.6,392.7,1866,Low
EV000236,2026-01-10 13:50:00,327.38,171.02,55.99,88.21,36.77,27.33,411,235,256768.5,62.6,86.8,126.5,1.74,0.19,15.41,46.13,51.13,AC,145,0.00403,0.00355,3233,32.5,87.63,386.3,1497,Medium
EV000176,2026-01-10 13:55:00,341.69,153.07,52.3,68.59,34.61,26.19,953,68,34664.7,244.2,60.7,84.4,3.66,6.06,18.83,45.4,45.85,DC,73,0.00832,0.00402,1364,62.2,86.12,350.9,1447,Medium
EV000115,2026-01-10 14:00:00,383.04,140.03,53.64,23.93,15.0,-0.15,1744,638,22649.7,29.7,112.7,160.9,0.42,5.22,22.1,27.19,21.0,AC,123,0.00961,0.0065,907,63.6,71.02,85.5,648,High
EV000248,2026-01-10 14:05:00,373.91,171.4,64.09,47.6,15.0,-4.11,1220,118,126698.1,75.8,79.3,91.8,1.34,4.94,17.94,34.16,28.15,AC,41,0.00964,0.00503,3409,74.2,80.15,167.8,1170,Medium
EV000016,2026-01-10 14:10:00,403.54,50.0,20.18,59.99,17.95,5.82,552,158,119143.9,44.9,34.4,88.2,4.46,3.3,23.91,31.73,30.61,DC,33,0.00457,0.00458,1892,76.4,88.95,253.7,1519,Medium
EV000149,2026-01-10 14:15:00,350.73,-46.51,-16.31,59.03,15.0,-0.74,442,137,87137.3,171.2,52.5,88.2,2.93,2.32,20.72,24.53,22.78,AC,101,0.0067,0.00357,3299,28.8,88.49,296.9,1532,Medium
EV000026,2026-01-10 14:20:00,352.49,171.38,60.41,39.66,15.02,9.13,131,46,200974.1,146.1,50.0,90.4,1.91,5.17,18.52,29.4,28.46,AC,102,0.00318,0.00377,2799,88.9,93.18,139.7,1829,Low
EV000214,2026-01-10 14:25:00,369.09,217.76,80.37,7.12,15.0,-6.44,7,1,91862.4,150.9,89.5,145.1,4.22,4.1,18.84,21.52,19.52,AC,114,0.00347,0.0032,1616,22.1,97.11,40.0,2073,Low
EV000024,2026-01-10 14:30:00,378.21,13.04,4.93,37.13,47.09,29.88,1331,495,20921.8,12.8,45.1,62.6,2.68,7.19,22.02,62.04,54.95,AC,147,0.01131,0.00638,269,73.7,76.44,144.1,841,High
EV000219,2026-01-10 14:35:00,399.67,41.57,16.61,71.75,15.0,-8.5,892,485,110254.3,249.7,78.6,99.5,2.45,1.42,12.02,27.92,25.14,DC,153,0.00666,0.00511,1787,73.9,81.41,303.3,1138,Medium
EV000059,2026-01-10 14:40:00,408.97,73.14,29.91,59.79,15.0,1.61,1578,468,31971.7,112.4,16.1,44.6,2.13,4.26,18.48,34.09,27.47,AC,103,0.01078,0.00592,1296,20.4,73.61,196.3,808,High
EV000122,2026-01-10 14:45:00,350.74,175.12,61.42,63.05,15.0,-4.56,1125,525,90838.1,34.0,77.6,96.7,2.7,5.04,12.42,31.33,25.15,AC,85,0.00789,0.00574,1300,45.8,78.32,200.4,950,High
EV000058,2026-01-10 14:50:00,338.44,-63.23,-21.4,70.09,31.19,28.1,1726,277,101844.9,192.3,52.8,109.6,1.54,7.31,19.19,41.57,39.71,DC,48,0.01218,0.00694,3560,82.2,69.9,234.7,615,High
EV000073,2026-01-10 14:55:00,399.98,-151.86,-60.74,5.61,15.0,-4.23,321,18,4322.1,37.3,110.5,124.8,3.34,5.47,17.27,29.61,21.23,DC,48,0.00535,0.00323,102,56.1,95.71,40.0,1957,Low
EV000126,2026-01-10 15:00:00,339.38,106.0,35.97,21.52,15.31,3.11,518,232,221735.7,138.5,41.3,83.5,2.17,3.12,12.8,29.67,22.79,AC,16,0.00641,0.00344,3440,23.2,86.05,86.2,1501,Medium
EV000156,2026-01-10 15:05:00,320.25,165.55,53.02,6.43,44.77,35.73,1073,357,188095.7,208.7,105.4,126.5,3.89,2.19,20.9,54.05,54.62,AC,29,0.00725,0.00561,3211,65.7,77.39,40.0,989,High
EV000211,2026-01-10 15:10:00,370.17,-101.5,-37.57,38.37,48.88,37.88,198,37,3838.0,139.7,115.0,158.7,2.57,7.07,14.58,55.44,57.48,AC,84,0.00329,0.00249,181,63.6,95.8,204.4,1929,Low
EV000039,2026-01-10 15:15:00,376.45,101.06,38.05,18.23,15.0,-0.8,375,123,88969.3,185.3,60.4,79.3,4.07,1.5,14.3,25.66,27.5,AC,129,0.00589,0.0044,1272,64.3,92.23,65.5,1708,Low
EV000070,2026-01-10 15:20:00,359.42,-161.37,-58.0,75.03,26.36,23.33,600,340,52376.8,32.7,17.5,73.7,1.54,5.57,12.69,37.35,39.8,AC,166,0.00447,0.0047,1025,54.4,88.92,383.0,1526,Medium
EV000260,2026-01-10 15:25:00,391.3,134.29,52.55,53.48,15.0,6.36,404,218,140577.8,202.4,21.0,77.8,0.28,5.02,21.77,31.71,29.16,AC,78,0.00435,0.00376,2022,71.8,90.28,178.2,1716,Low
EV000243,2026-01-10 15:30:00,361.28,207.21,74.86,13.67,41.91,31.54,574,31,194392.2,58.1,116.3,152.7,0.85,5.03,15.16,50.62,47.95,AC,103,0.00616,0.00409,2647,59.9,88.18,51.2,1517,Medium
EV000037,2026-01-10 15:35:00,336.11,-99.47,-33.43,57.24,42.4,28.6,620,34,52152.2,129.7,75.7,101.4,1.14,3.94,16.52,61.06,52.31,DC,167,0.00582,0.00405,1832,22.7,87.78,179.4,1485,Medium
EV000297,2026-01-10 15:40:00,342.66,-163.93,-56.17,38.82,29.72,25.99,1541,348,254890.7,166.9,37.0,62.7,3.58,2.29,24.11,45.54,41.01,DC,94,0.01046,0.00675,3243,92.0,74.24,108.1,704,High
EV000227,2026-01-10 15:45:00,378.92,-16.08,-6.09,30.14,55.2,37.88,431,238,51401.6,58.7,76.2,133.0,1.21,1.79,20.84,63.82,61.1,AC,120,0.00594,0.00434,894,69.1,89.4,107.9,1560,Medium
EV000057,2026-01-10 15:50:00,343.18,129.47,44.43,20.93,34.48,17.73,376,133,73997.3,113.2,92.3,104.2,3.81,0.86,17.71,52.9,46.22,DC,101,0.00668,0.00436,1551,31.2,91.42,84.1,1801,Low
EV000149,2026-01-10 15:55:00,357.5,39.44,14.1,66.23,30.84,13.16,1772,1048,47000.8,55.7,17.9,60.4,0.35,3.17,21.27,37.84,33.88,DC,171,0.00999,0.00754,2105,75.2,66.05,189.8,336,High
EV000241,2026-01-10 16:00:00,397.9,-13.17,-5.24,89.4,15.0,-4.32,683,288,9401.2,214.4,99.1,145.5,1.63,1.34,18.9,27.78,25.07,DC,149,0.00515,0.00462,413,70.7,88.97,333.8,1625,Medium
EV000055,2026-01-10 16:05:00,387.03,206.92,80.08,67.88,39.52,29.71,672,369,34087.7,223.1,25.0,62.1,0.54,5.85,19.7,45.19,43.79,AC,125,0.00788,0.00426,522,64.7,86.1,238.7,1367,Medium
EV000199,2026-01-10 16:10:00,379.85,150.08,57.01,51.34,47.34,31.61,1120,414,114160.5,169.3,42.3,98.0,4.45,3.07,13.06,65.19,58.93,DC,106,0.00702,0.00605,3309,51.4,75.81,217.1,910,High
EV000160,2026-01-10 16:15:00,383.57,-209.06,-80.19,9.37,42.59,26.21,1676,334,40460.9,61.4,45.3,87.0,0.83,6.87,20.6,60.36,56.18,DC,179,0.01172,0.0061,558,65.2,73.61,40.0,709,High
EV000071,2026-01-10 16:20:00,323.73,-91.67,-29.68,46.0,33.71,30.59,888,258,142417.1,230.0,63.2,111.9,4.5,2.29,23.58,42.69,46.64,AC,27,0.00648,0.00491,2527,80.6,83.75,163.5,1289,Medium
EV000131,2026-01-10 16:25:00,403.87,101.61,41.04,63.23,18.71,9.68,218,46,3040.6,249.5,45.2,98.3,1.6,6.82,20.39,35.08,30.32,DC,109,0.00506,0.00393,55,32.2,97.72,305.8,2080,Low
EV000166,2026-01-10 16:30:00,344.75,-107.41,-37.03,13.96,15.64,7.34,543,190,20053.5,164.2,74.8,116.5,2.77,4.7,24.33,22.39,26.46,AC,116,0.00751,0.0046,254,29.7,90.64,68.1,1631,Low
EV000144,2026-01-10 16:35:00,339.26,-136.88,-46.44,24.04,27.33,11.81,1537,870,50965.2,187.6,28.9,65.4,2.18,5.19,19.88,35.27,42.12,AC,43,0.00966,0.00692,726,35.3,72.02,94.8,708,High
EV000228,2026-01-10 16:40:00,373.7,-156.85,-58.62,19.65,49.67,33.64,376,191,233658.7,234.0,32.5,68.2,1.37,2.29,22.79,68.52,62.37,DC,138,0.0058,0.00339,3387,26.6,87.88,71.7,1469,Medium
EV000177,2026-01-10 16:45:00,346.1,57.47,19.89,47.75,26.82,16.3,947,496,12748.8,4.7,65.3,95.1,3.08,4.16,21.97,38.54,32.6,AC,67,0.00605,0.00494,202,80.8,82.49,221.2,1264,Medium
EV000040,2026-01-10 16:50:00,335.51,-83.69,-28.08,69.52,45.78,29.97,477,18,84280.6,93.7,16.0,31.6,0.7,2.46,22.26,52.39,52.62,AC,32,0.00497,0.0035,3531,56.2,86.89,219.6,1525,Medium
EV000031,2026-01-10 16:55:00,351.35,34.3,12.05,73.37,21.44,7.22,1036,99,106196.9,208.2,85.3,139.8,4.27,3.65,13.1,26.85,31.14,AC,174,0.0063,0.00504,1927,85.0,83.1,346.4,1208,Medium
EV000154,2026-01-10 17:00:00,324.94,37.65,12.24,72.51,18.77,7.61,1527,232,128693.5,173.1,45.3,83.8,3.32,7.64,14.64,31.41,29.27,AC,22,0.00907,0.00565,2018,25.8,75.7,311.7,849,High
EV000134,2026-01-10 17:05:00,339.78,-88.39,-30.03,58.54,36.8,32.27,1542,538,152885.1,184.9,100.3,154.7,2.63,1.15,22.61,44.98,51.25,AC,73,0.00848,0.00676,2383,88.2,72.22,231.9,674,High
EV000095,2026-01-10 17:10:00,363.13,189.33,68.75,89.17,17.27,7.61,117,10,55381.6,220.0,48.0,90.9,0.72,6.8,22.09,27.37,27.39,DC,20,0.00524,0.00252,1188,39.3,96.52,372.1,2042,Low
EV000172,2026-01-10 17:15:00,383.98,-80.87,-31.05,73.75,30.99,24.06,96,15,26923.9,232.4,69.8,93.3,4.36,5.62,13.87,40.1,44.12,AC,134,0.0044,0.00337,576,34.4,98.82,407.7,2104,Low
EV000038,2026-01-10 17:20:00,348.54,-45.01,-15.69,68.89,50.73,32.97,937,80,44280.2,39.5,43.8,80.8,1.19,1.34,13.73,58.24,65.72,DC,138,0.00891,0.00534,1848,73.0,84.53,205.8,1377,Medium
EV000102,2026-01-10 17:25:00,384.83,45.66,17.57,45.52,15.0,-4.29,379,196,97325.2,15.1,119.1,169.5,2.86,7.93,13.86,25.95,29.19,DC,91,0.00387,0.00349,3079,86.5,88.42,230.2,1589,Medium
EV000266,2026-01-10 17:30:00,328.89,-20.66,-6.79,91.13,47.2,33.31,106,62,187143.5,105.8,106.3,150.7,4.09,5.03,22.0,63.69,61.36,AC,170,0.00558,0.0029,2400,24.3,92.27,476.5,1811,Low
EV000275,2026-01-10 17:35:00,321.55,-152.87,-49.15,27.77,29.34,24.69,1685,497,126745.0,83.0,26.9,68.1,3.91,7.97,16.61,43.28,40.52,AC,26,0.01218,0.00714,2963,40.9,71.25,99.8,577,High
EV000295,2026-01-10 17:40:00,359.61,-201.94,-72.62,81.33,33.76,16.56,443,245,172829.7,183.7,93.8,153.1,3.68,1.4,24.09,50.77,44.13,AC,28,0.00521,0.00441,2528,75.3,88.27,342.8,1603,Medium
EV000038,2026-01-10 17:45:00,347.07,-164.21,-56.99,50.02,23.18,10.5,1510,359,179121.3,194.1,82.6,106.1,0.2,4.63,22.61,33.8,37.97,DC,62,0.00975,0.00575,2478,41.2,75.49,186.8,822,High
EV000002,2026-01-10 17:50:00,385.69,121.04,46.68,38.93,15.0,-0.37,1127,413,105378.4,66.0,55.0,92.9,1.48,3.3,18.0,24.52,26.17,AC,130,0.00687,0.00605,2633,92.8,78.74,165.8,978,High
EV000028,2026-01-10 17:55:00,339.45,108.59,36.86,15.4,15.0,5.69,227,52,16170.1,237.0,118.5,161.5,0.42,3.55,13.33,28.38,26.81,DC,47,0.00686,0.00293,804,54.8,94.79,56.8,1986,Low
EV000235,2026-01-10 18:00:00,362.06,-113.19,-40.98,70.48,22.42,12.74,1577,746,72463.0,55.6,43.1,72.2,2.22,7.64,12.78,29.37,26.78,DC,87,0.00966,0.00679,1384,45.2,70.38,239.8,601,High
EV000052,2026-01-10 18:05:00,367.53,216.83,79.69,14.65,15.0,0.79,1409,726,8472.7,112.4,76.1,134.2,1.01,4.71,15.35,30.21,20.69,DC,36,0.00966,0.0069,233,32.8,75.94,63.9,823,High
EV000093,2026-01-10 18:10:00,361.66,-52.93,-19.14,6.69,49.95,40.08,1262,557,16072.6,37.8,78.9,101.3,0.37,3.0,23.38,67.48,63.29,AC,155,0.01015,0.00641,211,91.6,77.99,40.0,927,High
EV000201,2026-01-10 18:15:00,380.49,-165.24,-62.87,29.97,51.02,36.38,435,254,119946.6,170.0,104.3,149.7,4.24,7.29,20.55,64.36,63.15,DC,97,0.00738,0.00356,3131,92.6,84.85,120.0,1372,Medium
EV000176,2026-01-10 18:20:00,322.83,186.38,60.17,15.14,27.47,18.34,1241,483,100818.2,23.0,29.4,51.6,4.17,4.57,22.59,37.94,39.97,DC,79,0.01078,0.00554,1737,94.3,78.33,52.7,1010,High
EV000227,2026-01-10 18:25:00,331.58,-207.01,-68.64,90.01,36.42,25.44,136,37,179509.1,132.7,15.0,47.1,3.52,0.8,22.21,50.17,46.21,AC,45,0.00377,0.00335,2552,66.2,94.83,486.9,1936,Low
EV000293,2026-01-10 18:30:00,373.87,-210.12,-78.56,86.48,15.0,4.7,334,29,33993.4,154.8,114.6,150.6,0.75,6.04,18.97,32.83,23.99,AC,180,0.00653,0.00347,570,63.5,94.26,318.5,1826,Low
EV000021,2026-01-10 18:35:00,340.22,-13.26,-4.51,79.17,41.7,24.24,126,0,49850.3,158.8,51.1,98.3,2.06,3.03,23.5,50.73,50.96,DC,96,0.00624,0.00232,1674,91.3,94.46,434.3,1902,Low
EV000004,2026-01-10 18:40:00,369.88,-203.57,-75.3,17.76,31.35,21.06,948,244,89769.9,75.5,90.6,130.2,4.48,3.84,15.39,50.03,37.04,DC,132,0.00586,0.00444,3415,76.0,79.8,76.5,1063,High
EV000085,2026-01-10 18:45:00,407.71,-77.13,-31.45,65.24,54.71,37.63,290,101,243069.3,60.6,89.9,121.9,2.9,0.63,17.1,68.56,57.86,DC,150,0.00654,0.00395,3133,94.1,87.72,226.6,1539,Medium
EV000199,2026-01-10 18:50:00,344.29,201.34,69.32,21.06,23.21,16.88,693,237,205559.9,236.9,17.9,52.3,2.75,3.55,20.87,37.78,38.1,DC,76,0.00605,0.00435,3525,27.2,84.11,74.9,1390,Medium
EV000221,2026-01-10 18:55:00,405.79,7.3,2.96,20.17,20.46,5.36,299,131,100833.0,160.4,86.9,97.3,0.72,4.59,17.4,34.73,31.36,DC,67,0.00328,0.00353,2977,47.4,91.32,108.0,1655,Low
EV000229,2026-01-10 19:00:00,389.35,-161.12,-62.73,28.72,15.0,-4.39,350,152,37617.3,167.5,41.8,82.2,3.37,0.02,15.61,21.0,27.2,AC,84,0.00399,0.0039,1868,39.3,90.49,123.0,1654,Low
EV000085,2026-01-10 19:05:00,347.49,215.99,75.05,76.85,32.21,17.35,1645,52,194329.2,184.7,102.3,142.0,1.07,5.16,12.34,48.99,43.5,DC,39,0.01063,0.00646,3425,79.6,74.98,258.9,747,High
EV000228,2026-01-10 19:10:00,327.37,-85.04,-27.84,10.81,32.02,25.06,92,48,23643.6,149.3,119.5,131.9,4.32,0.06,17.53,50.73,35.36,AC,50,0.00518,0.00258,662,22.6,98.4,50.3,2062,Low
EV000115,2026-01-10 19:15:00,372.55,145.97,54.38,32.89,18.88,1.1,82,11,226067.4,113.5,26.8,57.7,3.44,1.28,20.93,34.56,30.99,DC,88,0.00269,0.00339,3621,22.0,92.75,149.5,1779,Low
EV000113,2026-01-10 19:20:00,384.91,-38.35,-14.76,46.02,15.0,4.64,994,469,59976.7,1.1,76.1,126.2,3.4,1.87,21.67,26.62,25.6,DC,138,0.00695,0.00566,1244,78.2,81.75,181.3,1138,Medium
EV000001,2026-01-10 19:25:00,389.36,-178.98,-69.69,12.27,31.95,21.9,1125,312,43230.5,229.7,62.8,105.7,2.71,3.04,21.84,39.36,45.42,DC,180,0.00841,0.00517,786,38.5,82.95,48.9,1317,Medium
EV000106,2026-01-10 19:30:00,383.59,35.06,13.45,9.72,29.14,18.41,1650,882,19624.2,236.0,35.6,54.5,3.51,7.07,22.07,40.16,36.79,DC,155,0.01247,0.00711,442,34.9,71.44,40.0,653,High
EV000239,2026-01-10 19:35:00,360.91,6.86,2.48,77.46,37.45,24.5,556,140,112340.4,77.5,87.3,143.9,1.51,0.15,17.6,44.77,49.56,AC,151,0.00481,0.00475,1865,89.3,89.71,267.8,1705,Medium
EV000219,2026-01-10 19:40:00,376.42,95.93,36.11,92.89,29.15,14.22,722,145,208250.3,80.8,30.0,49.5,0.32,4.18,20.16,48.02,38.51,AC,45,0.00679,0.00422,3049,28.8,85.93,410.6,1449,Medium
EV000240,2026-01-10 19:45:00,381.24,214.05,81.6,16.44,55.05,40.84,1502,283,79341.0,21.5,53.5,100.5,3.83,5.35,12.61,70.05,67.36,DC,78,0.0094,0.00581,2144,45.6,73.24,61.2,767,High
EV000175,2026-01-10 19:50:00,405.7,201.12,81.59,12.1,43.58,35.54,900,31,62614.1,109.5,89.0,129.0,3.31,6.62,23.11,59.29,53.1,DC,60,0.00777,0.00478,1161,65.4,85.27,47.7,1384,Medium
EV000171,2026-01-10 19:55:00,336.95,-157.93,-53.22,73.81,55.87,40.59,1610,873,73739.7,232.0,63.7,108.2,3.54,7.98,23.2,73.44,69.02,AC,116,0.0085,0.00635,2471,78.0,65.87,182.3,311,High
EV000004,2026-01-10 20:00:00,404.1,-1.46,-0.59,25.43,15.0,-5.33,173,29,11589.8,168.5,73.3,116.4,2.09,7.59,15.38,28.03,23.19,DC,71,0.00391,0.00314,189,69.2,97.92,116.0,2056,Low
EV000250,2026-01-10 20:05:00,362.21,-149.35,-54.1,73.62,19.1,8.98,936,247,190039.4,226.8,114.6,159.5,3.0,4.66,15.62,37.47,24.35,DC,119,0.00747,0.00515,2414,52.6,82.23,332.5,1224,Medium
EV000082,2026-01-10 20:10:00,342.76,34.02,11.66,94.46,15.54,5.09,765,244,201115.3,233.0,72.3,117.7,0.24,3.45,14.44,31.83,24.58,AC,164,0.00776,0.00531,3229,78.4,84.51,475.8,1304,Medium
EV000290,2026-01-10 20:15:00,333.73,-128.97,-43.04,32.68,27.08,18.24,1380,210,55040.0,52.7,43.2,95.1,3.13,1.29,24.98,34.83,32.1,DC,52,0.00938,0.0065,1605,66.0,78.66,144.1,1088,High
EV000232,2026-01-10 20:20:00,322.64,203.02,65.5,59.18,33.49,17.5,1466,270,184863.2,132.9,81.2,107.6,2.68,1.6,18.56,41.29,37.75,DC,25,0.01147,0.00609,2367,44.5,75.08,191.5,794,High
EV000082,2026-01-10 20:25:00,328.96,19.86,6.53,85.17,15.0,-1.12,1716,396,87556.9,117.5,38.9,98.8,4.34,3.97,14.4,24.02,25.41,DC,106,0.01064,0.00646,1934,69.8,71.83,299.2,718,High
EV000193,2026-01-10 20:30:00,404.71,120.45,48.75,74.03,30.15,24.02,1546,715,60857.6,133.0,96.7,154.3,3.02,1.59,24.67,47.2,36.1,DC,159,0.00891,0.00608,2242,53.0,71.24,256.1,695,High
EV000220,2026-01-10 20:35:00,320.54,-67.71,-21.7,33.84,30.46,13.98,1354,532,146902.2,58.7,56.8,91.7,3.55,5.28,21.64,42.13,34.11,DC,48,0.00865,0.00685,2875,86.4,74.44,128.2,804,High
EV000179,2026-01-10 20:40:00,360.48,141.22,50.91,63.53,27.73,22.23,339,188,249039.5,52.6,84.6,113.8,1.79,1.71,16.25,47.49,33.15,AC,50,0.00636,0.00399,3255,67.6,89.24,240.5,1634,Medium
EV000148,2026-01-10 20:45:00,356.99,163.24,58.28,14.06,18.6,8.89,903,464,98815.2,128.2,98.9,122.2,3.97,6.4,17.85,27.97,26.17,DC,74,0.00728,0.00501,1999,50.8,81.65,51.2,1204,Medium
EV000285,2026-01-10 20:50:00,325.86,-184.87,-60.24,55.14,30.55,21.56,624,184,140244.0,119.8,78.0,89.7,0.65,5.09,22.01,36.67,35.43,DC,172,0.00618,0.00476,2681,63.2,86.28,267.7,1396,Medium
EV000300,2026-01-10 20:55:00,397.16,62.67,24.89,13.74,15.0,-0.22,1297,500,11748.1,197.2,40.5,68.4,1.78,4.04,17.64,34.59,20.43,AC,61,0.00902,0.00614,192,73.5,79.75,40.0,1023,High
EV000268,2026-01-10 21:00:00,341.9,101.99,34.87,86.19,56.59,40.45,103,6,248583.9,212.1,80.6,109.6,2.92,0.86,14.67,72.13,65.62,DC,81,0.00531,0.00289,3600,23.4,91.21,377.1,1795,Low
EV000117,2026-01-10 21:05:00,379.05,-145.51,-55.16,75.23,20.69,3.45,622,286,26186.1,16.3,101.6,122.9,3.48,0.25,24.57,36.41,30.6,AC,164,0.00503,0.00467,480,85.7,89.79,331.0,1715,Medium
EV000110,2026-01-10 21:10:00,352.03,-144.85,-50.99,8.38,43.39,25.91,964,122,97257.9,156.7,93.5,143.0,2.23,4.18,22.5,63.08,49.97,DC,115,0.00709,0.00555,2978,56.9,82.46,40.0,1235,Medium
EV000022,2026-01-10 21:15:00,397.93,180.63,71.88,13.71,26.61,14.15,1707,408,27622.5,182.2,60.2,89.7,1.94,2.78,12.11,33.41,33.22,DC,152,0.00937,0.00642,389,91.1,75.64,40.0,921,High
EV000291,2026-01-10 21:20:00,380.41,-114.79,-43.67,62.41,15.0,2.12,999,170,117898.8,202.9,99.0,131.9,1.91,5.09,17.43,30.14,20.34,AC,73,0.00859,0.00427,3572,36.0,80.77,260.0,1107,Medium
EV000124,2026-01-10 21:25:00,327.67,-36.07,-11.82,31.84,17.23,13.87,359,106,9426.6,177.1,85.3,120.6,1.83,6.75,22.71,36.67,30.13,AC,150,0.0055,0.00404,207,83.1,94.88,166.6,1973,Low
EV000272,2026-01-10 21:30:00,328.17,-70.63,-23.18,60.49,31.99,25.91,633,241,99811.5,65.9,25.3,52.3,2.07,1.82,13.46,44.29,38.56,DC,75,0.00595,0.00372,1264,46.9,87.23,271.4,1452,Medium
EV000022,2026-01-10 21:35:00,345.83,-88.76,-30.7,22.19,41.47,23.73,793,378,190419.0,239.0,74.7,128.8,4.04,2.34,14.39,48.64,48.73,DC,66,0.00705,0.00417,3326,34.7,81.15,64.1,1207,Medium
EV000191,2026-01-10 21:40:00,408.51,35.81,14.63,89.76,35.59,29.99,86,13,29018.3,229.7,99.8,140.2,0.8,0.54,20.93,43.66,41.31,AC,58,0.00292,0.00364,691,35.9,97.47,343.1,1982,Low
EV000080,2026-01-10 21:45:00,348.17,-75.48,-26.28,47.93,45.52,31.84,1611,455,65542.9,123.1,118.0,163.8,3.54,4.15,17.85,57.52,55.59,AC,36,0.01237,0.00596,2578,76.7,71.54,177.8,701,High
EV000229,2026-01-10 21:50:00,360.94,-179.16,-64.67,64.26,48.28,37.67,614,309,92493.2,227.0,15.0,67.6,3.0,0.26,15.77,61.9,55.1,DC,90,0.00648,0.00385,1649,56.8,85.64,237.3,1444,Medium
EV000129,2026-01-10 21:55:00,333.51,-28.7,-9.57,50.02,15.0,0.02,1178,430,116780.9,60.8,59.2,101.7,3.36,0.45,12.17,30.71,24.39,DC,68,0.00977,0.00613,1604,91.4,79.68,206.8,1022,High
EV000008,2026-01-10 22:00:00,339.36,-183.23,-62.18,65.2,39.39,22.76,934,108,151357.3,139.9,51.6,66.8,0.58,4.51,14.07,49.97,54.29,AC,60,0.00593,0.00407,2215,43.6,82.54,291.9,1293,Medium
EV000270,2026-01-10 22:05:00,357.18,156.88,56.03,68.75,37.5,21.26,399,197,107256.9,74.6,81.4,99.8,3.6,1.28,16.93,54.88,42.72,DC,60,0.00486,0.00349,2527,42.4,88.79,219.1,1606,Medium
EV000264,2026-01-10 22:10:00,343.75,-101.33,-34.83,70.62,17.39,9.06,36,16,22529.9,33.9,38.4,54.5,0.67,6.5,24.24,32.97,28.97,AC,123,0.00424,0.00227,553,60.7,99.0,248.2,2066,Low
EV000053,2026-01-10 22:15:00,346.18,106.31,36.8,61.08,22.36,17.63,1573,292,62024.8,13.2,86.1,137.4,2.12,5.41,20.26,42.07,34.1,DC,117,0.0083,0.00618,2260,81.1,74.5,227.6,751,High
EV000013,2026-01-10 22:20:00,333.53,-45.68,-15.23,37.23,38.16,24.87,262,90,156193.2,72.6,37.4,51.6,3.41,0.61,19.72,50.45,47.5,DC,116,0.0031,0.00389,3302,65.6,89.18,124.9,1536,Medium
EV000085,2026-01-10 22:25:00,354.04,111.62,39.52,39.6,53.21,38.5,721,372,201720.6,183.8,107.9,126.1,3.31,1.73,14.26,65.47,57.66,DC,32,0.00748,0.00429,3006,61.8,81.54,181.3,1221,Medium
EV000185,2026-01-10 22:30:00,355.5,-107.03,-38.05,5.94,29.68,20.49,1012,434,125211.9,246.8,57.0,83.6,2.58,7.42,20.01,41.15,34.25,DC,70,0.00973,0.00491,3410,45.8,77.39,40.0,1001,High
EV000246,2026-01-10 22:35:00,390.98,30.99,12.12,14.53,30.53,13.87,941,551,10671.8,132.8,89.9,140.3,2.53,2.6,22.87,38.66,39.3,AC,110,0.00684,0.00576,232,62.4,83.76,55.2,1239,Medium
EV000292,2026-01-10 22:40:00,386.38,-126.06,-48.71,36.63,15.0,-4.87,1749,811,47029.4,193.4,18.1,36.1,1.33,0.86,14.06,31.87,19.3,DC,71,0.0121,0.00754,2199,92.1,67.91,130.8,394,High
EV000276,2026-01-10 22:45:00,404.76,-203.07,-82.2,18.68,22.77,10.73,1262,99,93822.6,8.4,44.0,78.3,4.1,6.27,13.75,34.62,28.13,AC,88,0.01026,0.00587,2340,34.0,81.04,66.9,1219,Medium
EV000174,2026-01-10 22:50:00,359.66,155.53,55.94,18.03,32.89,27.75,842,356,232480.4,115.0,106.8,152.7,1.05,0.36,24.74,48.86,43.27,AC,25,0.00884,0.00517,3322,58.5,81.53,79.2,1176,Medium
EV000002,2026-01-10 22:55:00,334.22,-135.86,-45.41,13.74,16.25,1.85,332,10,239839.3,188.6,76.2,89.0,4.0,4.6,15.29,25.12,21.17,AC,147,0.0038,0.00294,3294,67.9,90.59,67.0,1664,Low
EV000272,2026-01-10 23:00:00,392.85,121.13,47.59,41.66,30.95,25.56,1712,280,187537.8,231.8,85.6,116.7,0.29,2.32,14.76,42.2,41.7,AC,60,0.01093,0.00599,3343,21.8,70.57,110.5,583,High
EV000220,2026-01-10 23:05:00,381.09,115.86,44.15,33.78,53.12,37.94,859,506,152737.3,154.4,49.4,107.1,3.97,6.62,22.31,58.44,57.37,AC,143,0.00621,0.00469,2550,64.9,78.84,95.8,984,High
EV000248,2026-01-10 23:10:00,396.91,108.45,43.04,99.51,49.71,41.85,1477,158,133601.7,160.4,68.8,94.9,1.5,4.38,24.53,63.14,55.61,AC,44,0.01095,0.00651,1837,54.8,76.66,403.4,871,High
EV000094,2026-01-10 23:15:00,331.69,50.72,16.82,39.17,17.3,0.26,182,20,43666.0,191.4,34.0,85.5,0.8,5.75,20.6,22.83,32.19,AC,16,0.0031,0.00344,2061,68.9,94.44,189.1,1873,Low
EV000009,2026-01-10 23:20:00,398.46,-199.67,-79.56,24.0,19.31,1.47,1377,450,86120.8,156.9,25.1,58.4,3.91,5.56,21.22,38.04,30.37,AC,26,0.01147,0.00564,3074,30.0,74.45,78.7,850,High
EV000242,2026-01-10 23:25:00,371.3,-207.23,-76.94,92.7,51.02,38.59,1701,406,82484.5,54.2,97.7,113.2,3.18,3.11,14.31,68.48,55.7,AC,139,0.01144,0.0062,1556,75.2,70.72,263.3,601,High
EV000035,2026-01-10 23:30:00,385.1,10.15,3.91,99.84,25.7,17.18,773,434,32182.2,26.1,20.1,34.6,1.74,0.95,22.25,36.49,29.61,DC,97,0.00861,0.00509,552,73.7,86.61,512.6,1455,Medium
EV000273,2026-01-10 23:35:00,353.63,203.61,72.0,18.35,37.62,29.17,1634,127,188973.1,140.2,37.8,68.7,3.25,7.23,19.2,49.76,44.34,AC,109,0.01233,0.00559,2696,23.5,75.04,57.7,757,High
EV000267,2026-01-10 23:40:00,390.52,-113.36,-44.27,68.57,44.76,38.03,1622,493,63931.4,70.5,111.7,162.8,4.2,6.36,18.58,55.11,59.1,AC,161,0.01212,0.0071,1441,91.5,72.71,223.2,624,High
EV000209,2026-01-10 23:45:00,324.03,-74.75,-24.22,48.35,57.08,39.64,457,273,175640.6,38.8,94.4,133.3,1.27,2.68,22.62,70.74,72.04,AC,132,0.00667,0.00356,3151,61.1,84.85,150.2,1365,Medium
EV000254,2026-01-10 23:50:00,342.88,196.8,67.48,49.26,15.0,-2.83,436,235,98326.1,187.5,24.0,39.6,3.09,1.87,15.35,25.3,26.45,AC,15,0.005,0.00425,3265,56.3,88.12,260.1,1557,Medium
EV000068,2026-01-10 23:55:00,350.89,112.3,39.41,38.13,15.0,-7.86,1120,48,27547.6,80.1,37.5,95.2,0.75,4.71,12.07,26.9,19.01,AC,172,0.00683,0.00451,970,20.2,85.5,136.1,1398,Medium
EV000168,2026-01-11 00:00:00,371.2,-67.51,-25.06,85.67,15.0,-8.82,1259,146,30630.7,82.3,31.0,53.7,1.8,2.7,16.17,29.86,20.82,DC,41,0.00852,0.00584,1279,48.8,81.19,366.5,1101,Medium
EV000068,2026-01-11 00:05:00,342.36,31.55,10.8,27.61,36.57,20.45,817,82,168974.5,68.6,51.7,81.3,1.34,1.01,20.68,47.17,49.05,AC,74,0.00756,0.00441,3554,79.8,82.52,98.5,1309,Medium
EV000071,2026-01-11 00:10:00,363.17,-157.26,-57.11,90.74,37.25,28.51,831,219,137522.8,113.2,76.4,89.1,3.61,2.0,16.75,49.57,44.63,DC,29,0.00724,0.00516,1908,59.8,84.54,284.5,1276,Medium
EV000016,2026-01-11 00:15:00,330.69,-84.93,-28.09,44.47,15.0,-6.58,598,344,66036.5,74.0,36.7,68.3,4.07,4.55,15.99,24.58,25.61,AC,119,0.00646,0.00416,1670,41.7,87.6,147.4,1453,Medium
EV000046,2026-01-11 00:20:00,350.06,-49.29,-17.25,25.65,31.0,22.09,1120,406,222177.7,20.6,84.0,100.4,1.77,7.07,23.35,39.19,39.61,AC,47,0.00799,0.00594,3538,52.5,77.07,102.6,921,High
EV000155,2026-01-11 00:25:00,370.21,123.7,45.8,19.09,15.0,-8.06,472,250,20488.5,238.4,59.7,76.4,0.39,6.79,18.55,32.64,22.19,DC,30,0.00585,0.00441,447,48.8,92.35,63.2,1850,Low
EV000168,2026-01-11 00:30:00,405.09,167.53,67.86,11.07,15.0,6.72,1419,351,30683.8,105.1,35.1,94.1,0.59,7.63,21.19,33.85,22.53,AC,148,0.0113,0.00619,1368,85.5,78.42,40.0,980,High
EV000067,2026-01-11 00:35:00,387.83,28.64,11.11,99.41,51.44,34.22,784,199,201662.5,72.9,37.0,54.3,1.8,6.98,18.43,61.83,61.57,AC,141,0.00549,0.00478,3012,55.4,82.88,341.2,1179,Medium
EV000207,2026-01-11 00:40:00,408.64,135.66,55.43,47.14,15.0,-1.78,1434,111,102042.4,40.8,16.4,56.9,2.43,4.27,18.55,32.17,20.67,DC,83,0.00988,0.00521,3255,37.9,76.07,201.6,954,High
EV000201,2026-01-11 00:45:00,351.43,-210.6,-74.01,72.96,15.0,-4.98,755,27,67886.5,225.4,79.6,101.1,3.9,7.92,12.77,30.12,29.06,AC,128,0.00793,0.00372,1129,21.0,88.66,302.3,1587,Medium
EV000141,2026-01-11 00:50:00,390.44,29.32,11.45,84.86,21.32,12.04,1349,229,43917.9,177.8,55.1,71.1,2.18,7.18,20.87,37.55,28.68,AC,51,0.00767,0.00563,1322,74.3,79.87,346.8,1062,High
EV000196,2026-01-11 00:55:00,335.67,30.72,10.31,30.85,15.0,-5.5,1755,412,16188.0,158.0,82.1,133.7,0.39,1.79,23.37,30.7,18.16,AC,179,0.01173,0.00622,470,30.2,73.78,108.7,733,High
EV000032,2026-01-11 01:00:00,401.17,-202.15,-81.1,31.11,15.0,-3.99,1679,711,165741.4,52.3,25.4,83.9,0.78,4.6,13.57,30.34,27.47,AC,171,0.00923,0.00653,2490,39.9,69.69,110.0,468,High
EV000294,2026-01-11 01:05:00,368.13,22.04,8.11,56.96,39.95,30.67,175,44,74983.2,237.8,42.4,56.6,3.76,4.74,19.81,45.62,53.96,DC,18,0.00322,0.00298,1969,68.9,94.78,193.9,1943,Low
EV000251,2026-01-11 01:10:00,386.46,158.87,61.4,82.01,46.31,31.11,841,476,6544.2,10.3,46.5,74.3,3.78,4.03,15.75,55.41,56.32,AC,55,0.00912,0.00447,104,94.3,82.81,353.6,1273,Medium
EV000037,2026-01-11 01:15:00,398.34,145.44,57.93,75.07,34.8,29.53,797,330,240976.7,148.0,21.0,48.3,0.91,7.33,19.12,51.74,45.93,DC,151,0.00842,0.00473,3436,85.9,81.24,246.2,1185,Medium
EV000050,2026-01-11 01:20:00,349.65,-6.67,-2.33,51.85,28.71,16.62,1722,430,51978.0,237.0,79.4,116.5,1.1,4.38,16.3,36.29,41.52,DC,107,0.01095,0.00637,2508,63.2,70.87,171.1,603,High
EV000217,2026-01-11 01:25:00,358.91,-115.22,-41.35,68.58,46.25,36.56,609,256,130132.5,74.5,110.4,141.3,4.03,0.24,22.32,53.19,56.51,AC,170,0.00758,0.00428,3588,81.7,83.88,310.9,1303,Medium
EV000006,2026-01-11 01:30:00,342.09,148.14,50.68,75.32,15.0,-1.35,686,87,47936.5,41.8,61.1,106.9,3.15,6.63,15.28,20.73,24.78,AC,108,0.00805,0.00375,679,70.3,88.75,305.1,1568,Medium
EV000235,2026-01-11 01:35:00,353.0,63.23,22.32,50.87,45.8,34.06,1336,222,184982.4,78.2,101.8,151.9,0.5,5.65,20.53,53.94,53.85,AC,177,0.00787,0.0051,3535,68.8,74.8,201.2,788,High
EV000041,2026-01-11 01:40:00,387.8,-70.3,-27.26,60.95,17.41,6.97,1383,666,243114.7,220.1,82.5,132.6,1.61,0.24,23.62,31.36,20.5,AC,26,0.00898,0.00684,3498,30.8,70.44,250.5,595,High
EV000293,2026-01-11 01:45:00,333.73,-207.35,-69.2,76.99,15.0,2.68,1635,610,277362.0,158.6,77.5,116.1,1.15,7.03,22.35,22.85,21.02,DC,32,0.0116,0.00751,3601,33.2,68.49,289.3,460,High
EV000067,2026-01-11 01:50:00,389.38,92.72,36.1,80.03,34.49,27.45,163,43,31592.7,162.2,111.0,155.3,3.87,2.76,19.93,44.42,46.54,DC,86,0.0063,0.00276,1167,32.1,94.53,360.1,1936,Low
EV000142,2026-01-11 01:55:00,344.79,89.49,30.85,27.55,15.0,-2.09,714,427,31786.6,96.2,117.4,139.9,2.85,4.61,20.81,30.68,22.21,DC,87,0.00749,0.00537,1408,31.3,84.3,94.7,1333,Medium
EV000102,2026-01-11 02:00:00,387.82,-59.65,-23.14,74.92,27.66,13.89,1346,91,19308.7,106.4,105.2,126.9,3.77,4.54,18.77,35.38,38.59,AC,112,0.01101,0.00549,315,78.9,81.67,287.6,1150,Medium
EV000006,2026-01-11 02:05:00,368.68,11.49,4.24,58.13,39.52,22.73,403,175,79781.4,221.3,25.3,44.3,2.45,1.46,12.98,50.0,46.9,DC,69,0.00645,0.00424,3097,88.8,87.61,229.1,1492,Medium
EV000028,2026-01-11 02:10:00,360.2,-204.15,-73.54,33.06,15.0,-1.27,54,27,157170.6,84.6,75.0,125.5,3.59,7.85,15.2,27.05,27.87,AC,92,0.00389,0.00258,2953,82.1,94.87,157.8,1948,Low
EV000273,2026-01-11 02:15:00,343.51,-22.24,-7.64,71.62,44.06,40.03,969,147,101560.1,42.6,60.8,94.8,3.32,2.75,22.08,54.65,50.72,AC,133,0.00942,0.00536,1829,44.5,81.97,265.2,1160,Medium
EV000281,2026-01-11 02:20:00,400.73,81.55,32.68,59.1,29.76,17.29,1462,21,201098.5,18.0,36.5,79.2,1.5,7.57,19.12,46.47,42.13,DC,28,0.01024,0.00622,2564,94.1,77.54,270.2,901,High
EV000081,2026-01-11 02:25:00,331.98,-35.46,-11.77,62.41,15.03,-0.84,211,106,17592.8,135.1,82.1,118.0,2.1,1.79,22.57,31.05,26.15,AC,171,0.00569,0.00322,521,87.4,96.1,243.7,1959,Low
EV000055,2026-01-11 02:30:00,352.76,6.9,2.43,93.5,15.0,-0.53,704,279,23480.3,126.3,80.6,126.2,1.27,6.83,19.79,23.24,23.39,DC,174,0.00599,0.00491,882,56.4,88.45,326.0,1597,Medium
EV000299,2026-01-11 02:35:00,403.26,-167.67,-67.62,38.11,40.65,36.65,359,213,247914.9,34.2,60.2,119.3,3.6,2.4,24.83,56.47,50.48,DC,88,0.0035,0.00303,3268,67.4,87.22,159.7,1484,Medium
EV000246,2026-01-11 02:40:00,369.59,92.13,34.05,10.83,17.48,13.51,134,79,20056.5,127.3,18.9,57.4,4.2,3.8,16.99,26.31,23.05,AC,72,0.00587,0.00254,410,58.5,97.61,56.1,2085,Low
EV000241,2026-01-11 02:45:00,361.18,214.18,77.36,43.08,31.23,26.33,1177,660,190135.1,43.7,73.5,96.4,0.26,7.68,20.29,44.93,41.16,DC,130,0.01023,0.00548,3294,62.5,73.55,124.8,668,High
EV000062,2026-01-11 02:50:00,391.88,64.58,25.31,45.1,15.0,-1.74,1751,669,83169.3,58.0,16.4,50.8,2.55,2.2,15.76,23.97,28.05,DC,53,0.01114,0.00778,2620,28.2,69.12,177.1,474,High
EV000179,2026-01-11 02:55:00,403.2,115.74,46.67,37.5,40.1,27.64,818,84,93322.1,125.6,30.1,84.2,1.94,7.38,18.83,49.07,51.6,AC,177,0.00614,0.00505,2959,92.5,83.94,165.4,1276,Medium
EV000203,2026-01-11 03:00:00,342.2,78.4,26.83,31.99,15.0,-6.18,1598,536,145907.5,1.7,110.8,169.2,2.25,1.73,14.62,22.66,24.25,AC,80,0.01123,0.00651,2727,34.1,72.52,127.4,682,High
EV000285,2026-01-11 03:05:00,343.43,88.72,30.47,23.27,18.24,13.42,969,286,38592.8,13.4,87.1,144.6,2.95,7.9,24.27,36.42,30.61,DC,134,0.00716,0.00507,617,22.1,84.96,79.4,1345,Medium
EV000205,2026-01-11 03:10:00,379.28,-75.23,-28.53,18.59,30.67,20.4,895,164,42241.2,57.8,72.8,127.7,1.07,3.96,13.96,44.07,44.64,DC,146,0.00581,0.00468,2077,34.5,84.05,71.3,1336,Medium
EV000140,2026-01-11 03:15:00,344.17,116.93,40.24,47.13,44.89,37.41,1583,423,137474.3,28.2,92.9,136.4,0.4,3.52,21.27,55.13,53.9,DC,166,0.00945,0.00717,2304,42.5,73.15,148.1,681,High
EV000081,2026-01-11 03:20:00,320.07,-120.67,-38.62,13.85,15.0,-0.14,1484,822,18684.9,31.2,87.9,133.9,1.82,4.71,21.36,24.67,23.22,AC,124,0.00985,0.00647,783,64.5,73.58,48.1,684,High
EV000084,2026-01-11 03:25:00,388.64,135.55,52.68,29.87,39.76,29.75,1130,401,152897.1,86.6,17.4,31.7,4.3,5.24,16.04,55.99,44.27,AC,45,0.00809,0.00489,3278,59.2,77.42,100.1,987,High
EV000294,2026-01-11 03:30:00,397.64,121.06,48.14,10.37,15.72,8.35,145,36,9647.2,55.7,97.3,155.6,1.3,6.79,14.2,29.88,23.23,DC,83,0.0054,0.00261,165,58.0,97.49,58.9,2029,Low
EV000279,2026-01-11 03:35:00,366.55,-99.23,-36.37,74.23,30.05,12.46,57,5,30086.4,160.3,91.3,125.2,0.25,0.97,21.81,46.19,43.64,DC,17,0.00598,0.00348,1442,44.5,96.67,419.2,1943,Low
EV000215,2026-01-11 03:40:00,368.78,-125.23,-46.18,63.34,21.91,7.99,1368,508,23858.5,223.0,49.2,74.3,0.76,6.57,12.88,40.69,34.9,DC,107,0.01019,0.00608,401,49.9,77.14,252.0,986,High
EV000154,2026-01-11 03:45:00,370.28,-77.5,-28.7,22.33,15.0,0.07,842,321,5894.1,34.3,32.3,91.5,3.19,7.95,23.94,30.08,24.67,AC,79,0.00848,0.00467,84,92.8,87.43,68.4,1579,Medium
EV000284,2026-01-11 03:50:00,348.18,205.89,71.69,98.77,16.4,8.02,264,148,189093.3,154.1,15.2,50.3,2.7,5.66,23.52,25.76,23.83,AC,60,0.00694,0.00331,2548,67.1,92.44,409.2,1859,Low
EV000206,2026-01-11 03:55:00,321.51,97.39,31.31,96.1,48.83,33.12,1685,617,64100.7,111.2,106.6,158.1,3.13,2.2,22.71,66.66,62.2,AC,167,0.01091,0.00643,3188,90.2,67.45,382.4,341,High
EV000031,2026-01-11 04:00:00,369.33,-134.88,-49.82,25.69,45.33,37.72,701,293,132933.9,49.9,19.9,59.2,3.26,2.52,21.43,63.23,60.22,DC,127,0.00699,0.00405,2285,91.0,84.01,124.0,1327,Medium
EV000116,2026-01-11 04:05:00,391.36,-63.75,-24.95,21.21,31.01,26.65,1727,111,62047.3,194.5,73.3,131.9,2.91,5.1,13.54,50.0,43.27,AC,47,0.00922,0.00701,2053,26.1,75.82,71.4,834,High
EV000151,2026-01-11 04:10:00,339.95,-4.33,-1.47,8.08,15.0,-2.69,787,244,71794.5,194.8,87.4,129.9,2.52,6.61,19.61,34.97,23.42,DC,59,0.00523,0.00495,1275,24.7,87.33,40.0,1542,Medium
EV000121,2026-01-11 04:15:00,346.97,-128.1,-44.45,58.93,26.0,13.12,719,318,39983.8,141.3,105.9,132.1,2.44,3.41,18.58,37.44,36.96,DC,58,0.00788,0.00516,1624,52.8,86.13,289.5,1492,Medium
EV000104,2026-01-11 04:20:00,371.06,218.46,81.06,99.68,52.48,34.96,32,14,89978.4,209.7,101.9,155.7,0.69,6.97,13.35,61.23,55.59,DC,137,0.00507,0.00231,2987,32.0,94.27,485.9,1915,Low
EV000037,2026-01-11 04:25:00,323.48,-106.5,-34.45,19.21,43.68,39.97,1541,229,9906.4,226.5,17.2,43.0,3.73,5.52,23.7,52.65,55.88,DC,180,0.00958,0.00629,226,79.6,78.18,69.0,961,High
EV000020,2026-01-11 04:30:00,401.13,93.72,37.59,72.65,15.0,-2.29,216,1,45695.2,245.4,17.9,47.2,4.07,7.29,23.09,20.35,23.24,AC,38,0.00486,0.00284,935,67.9,95.95,382.3,1908,Low
EV000166,2026-01-11 04:35:00,351.52,89.82,31.57,51.9,30.57,13.48,194,24,125707.1,45.4,46.3,97.8,2.44,1.19,22.58,45.5,34.79,DC,50,0.00555,0.00253,3325,82.6,92.32,196.6,1709,Low
EV000018,2026-01-11 04:40:00,394.02,-104.71,-41.26,35.69,15.0,-3.66,657,89,9995.0,229.7,21.3,33.4,2.35,0.92,16.56,23.89,19.35,AC,119,0.00856,0.00453,166,25.7,91.53,175.7,1757,Low
EV000059,2026-01-11 04:45:00,372.64,-72.19,-26.9,18.38,40.13,35.4,580,257,91465.5,78.9,118.6,149.9,0.36,1.02,20.64,46.58,51.01,AC,178,0.0068,0.00454,1200,61.5,86.89,69.8,1528,Medium
EV000102,2026-01-11 04:50:00,379.95,-5.89,-2.24,47.23,15.0,-3.67,865,405,17407.2,163.5,32.6,48.7,0.62,4.68,20.65,28.9,19.38,AC,47,0.0058,0.0044,829,94.8,84.74,226.9,1414,Medium
EV000150,2026-01-11 04:55:00,385.77,-122.61,-47.3,16.09,15.0,2.67,583,5,49096.8,98.6,108.4,146.9,3.38,2.85,17.15,23.31,20.88,DC,134,0.00787,0.00399,925,29.0,90.6,76.4,1646,Low
EV000093,2026-01-11 05:00:00,323.06,-141.49,-45.71,33.73,21.53,5.5,1233,737,165564.8,199.2,49.1,92.5,2.08,6.87,12.94,31.89,25.87,DC,62,0.0086,0.00653,2381,94.9,75.37,106.8,879,High
EV000219,2026-01-11 05:05:00,328.0,-162.3,-53.23,81.73,48.11,34.52,1780,581,132123.6,188.8,67.5,100.0,3.66,2.93,18.5,67.25,52.38,DC,151,0.0118,0.00766,1953,54.9,67.73,242.0,408,High
EV000085,2026-01-11 05:10:00,387.65,-211.01,-81.8,10.68,15.0,-2.99,639,163,74973.9,47.5,92.5,133.9,2.11,3.82,22.69,32.23,27.93,AC,132,0.00557,0.0049,1081,45.4,88.31,40.1,1573,Medium
EV000122,2026-01-11 05:15:00,366.26,-17.22,-6.31,85.2,43.53,34.51,1249,517,187822.9,174.7,117.8,134.1,1.48,4.35,21.84,51.75,57.8,DC,53,0.00941,0.00586,3322,69.2,73.03,331.3,682,High
EV000099,2026-01-11 05:20:00,328.83,180.9,59.49,53.84,39.26,30.52,656,313,103132.5,70.6,54.0,65.0,3.64,0.75,16.33,55.44,52.68,DC,117,0.00524,0.00475,2859,49.1,83.42,193.5,1365,Medium
EV000158,2026-01-11 05:25:00,369.02,159.97,59.03,51.85,39.26,26.56,966,378,89661.8,154.3,63.1,104.8,2.8,4.28,13.57,47.75,46.16,DC,52,0.00609,0.00518,1190,31.1,81.57,186.9,1254,Medium
EV000198,2026-01-11 05:30:00,327.49,135.98,44.53,16.93,31.36,14.6,869,381,106467.1,42.8,54.0,108.0,2.93,0.26,19.88,41.55,40.25,AC,133,0.00746,0.00484,2129,63.9,82.68,52.3,1318,Medium
EV000196,2026-01-11 05:35:00,365.01,115.91,42.31,78.95,46.05,31.2,182,108,139668.9,111.8,31.0,51.9,1.37,3.66,22.35,53.17,49.71,AC,20,0.00368,0.00302,1908,87.0,92.27,367.6,1775,Low
EV000002,2026-01-11 05:40:00,355.02,-155.59,-55.24,24.72,26.82,13.54,654,283,116990.1,181.4,116.3,169.8,2.68,2.22,13.77,45.06,38.9,AC,126,0.00509,0.0049,2962,52.2,85.38,88.1,1413,Medium
EV000147,2026-01-11 05:45:00,362.77,4.01,1.45,9.8,33.66,27.88,1046,278,90027.2,93.1,47.5,59.6,1.66,3.89,24.84,40.98,44.11,AC,180,0.00691,0.00481,3387,63.3,79.6,40.0,1099,High
EV000220,2026-01-11 05:50:00,322.59,98.77,31.86,14.36,20.9,4.19,1011,261,151417.3,29.2,71.2,89.2,3.32,1.77,21.55,30.67,29.95,AC,167,0.00961,0.00553,2699,30.5,80.97,41.8,1151,Medium
EV000184,2026-01-11 05:55:00,369.31,160.21,59.17,29.19,38.96,30.9,346,203,177158.2,98.2,43.8,76.9,1.78,5.59,12.99,46.13,43.97,AC,64,0.00513,0.00304,3077,43.2,89.03,115.0,1609,Medium
EV000064,2026-01-11 06:00:00,380.04,-156.67,-59.54,54.76,15.91,4.63,1564,69,97154.0,64.1,85.2,111.6,2.88,2.94,12.8,30.14,20.67,DC,104,0.01067,0.00646,1412,81.4,78.98,240.7,1018,High
EV000041,2026-01-11 06:05:00,398.81,107.54,42.89,39.21,56.87,40.66,357,47,146926.4,205.7,84.4,102.7,1.43,2.01,22.18,63.69,65.28,AC,160,0.00449,0.00304,3033,43.6,89.41,166.6,1632,Medium
EV000174,2026-01-11 06:10:00,391.99,-79.15,-31.03,66.62,25.52,21.14,210,111,188256.1,225.1,116.4,140.0,1.85,5.74,15.22,37.08,28.96,DC,131,0.00501,0.00405,2862,94.7,91.0,351.6,1657,Low
EV000017,2026-01-11 06:15:00,388.7,207.1,80.5,79.22,15.0,-9.49,546,138,64488.4,240.7,18.5,71.8,1.29,3.05,22.9,22.58,28.09,DC,65,0.00782,0.00446,1099,56.5,90.69,406.7,1619,Low
EV000264,2026-01-11 06:20:00,395.44,-21.65,-8.56,51.67,45.3,40.47,1674,347,210635.0,169.7,66.5,125.7,2.39,1.82,23.79,59.33,55.71,DC,134,0.01168,0.00668,2832,51.3,71.51,171.2,562,High
EV000246,2026-01-11 06:25:00,336.65,-212.69,-71.6,8.48,57.79,40.92,359,38,60829.6,110.2,17.6,57.0,3.16,3.51,15.95,75.21,62.83,AC,126,0.00448,0.00332,1079,63.8,90.83,40.0,1676,Low
EV000183,2026-01-11 06:30:00,393.3,-161.86,-63.66,61.49,44.46,37.55,650,337,14061.8,25.6,33.0,58.4,0.77,6.45,12.29,63.26,52.56,DC,52,0.00585,0.00438,342,76.2,88.25,305.7,1587,Medium
EV000105,2026-01-11 06:35:00,339.52,-21.36,-7.25,11.23,36.35,22.01,1169,48,204392.7,107.0,53.0,86.4,1.73,3.77,24.52,43.19,48.96,AC,142,0.00705,0.00564,3158,30.6,80.35,50.2,1061,Medium
EV000043,2026-01-11 06:40:00,360.57,-29.29,-10.56,19.63,21.1,13.19,1696,111,74834.9,58.2,62.5,85.0,3.11,0.03,18.32,34.03,25.02,DC,46,0.00915,0.00572,1780,58.2,75.53,73.1,858,High
EV000232,2026-01-11 06:45:00,376.35,95.01,35.76,39.98,19.58,2.61,1402,165,135998.3,40.5,53.2,80.9,3.02,0.52,20.14,37.2,34.58,DC,38,0.01153,0.00573,2399,89.6,78.93,124.3,1014,High
EV000239,2026-01-11 06:50:00,406.91,-208.39,-84.79,18.83,15.0,8.67,653,269,113453.7,212.3,76.3,100.0,3.23,4.97,21.7,26.19,20.08,DC,156,0.00513,0.00453,2147,51.6,86.29,81.5,1444,Medium
EV000045,2026-01-11 06:55:00,338.31,153.62,51.97,82.45,15.0,4.39,1538,700,4147.1,72.3,117.0,137.6,2.7,6.19,14.01,33.88,18.0,DC,94,0.00949,0.00655,133,51.7,73.66,345.3,729,High
EV000127,2026-01-11 07:00:00,361.77,111.35,40.28,91.66,26.29,11.13,1369,677,34500.3,139.2,77.1,106.7,1.45,2.46,16.61,38.03,33.92,DC,61,0.00893,0.00691,502,35.0,76.01,372.4,803,High
EV000273,2026-01-11 07:05:00,377.89,9.79,3.7,42.73,31.5,15.81,1546,48,95920.4,142.8,38.7,86.2,1.26,7.69,13.08,43.85,35.28,AC,44,0.01164,0.00573,1485,26.1,78.88,144.4,1089,High
EV000078,2026-01-11 07:10:00,362.7,-195.93,-71.06,18.57,15.0,-1.86,626,206,46738.4,156.2,55.0,80.8,2.43,5.96,12.99,24.62,19.15,DC,23,0.00838,0.00414,1227,49.8,87.63,88.7,1555,Medium
EV000001,2026-01-11 07:15:00,340.53,-110.87,-37.75,31.57,37.65,31.1,1392,285,179489.0,185.5,63.9,85.1,1.63,1.38,20.75,56.03,41.66,AC,29,0.01126,0.00577,2403,37.6,76.56,115.9,976,High
EV000228,2026-01-11 07:20:00,402.68,-192.92,-77.68,17.16,49.34,39.27,1422,28,2647.6,148.1,110.6,162.5,3.84,6.69,13.61,59.06,57.02,DC,137,0.0115,0.00561,48,43.7,80.46,55.9,1083,Medium
EV000047,2026-01-11 07:25:00,385.78,-20.7,-7.99,90.66,34.28,25.55,763,83,237728.0,9.0,111.2,158.4,0.28,6.18,13.69,50.42,38.94,DC,20,0.00817,0.00428,3428,86.4,83.75,330.7,1250,Medium
EV000231,2026-01-11 07:30:00,327.65,-159.33,-52.21,52.33,15.0,-5.82,307,13,56432.7,34.0,102.8,155.8,0.64,5.5,22.51,25.66,22.12,DC,157,0.00667,0.00274,996,42.3,94.42,221.4,1861,Low
EV000110,2026-01-11 07:35:00,390.09,-90.26,-35.21,41.26,23.31,9.34,1053,239,13256.5,223.5,107.5,159.4,2.24,1.69,13.45,31.01,30.88,DC,48,0.00701,0.0054,642,25.1,84.46,128.0,1355,Medium
EV000098,2026-01-11 07:40:00,342.49,-11.25,-3.85,91.76,48.61,33.49,477,236,146181.7,179.4,80.4,119.9,1.72,4.46,21.05,56.74,57.59,AC,60,0.00664,0.00379,3621,91.9,85.21,454.2,1425,Medium
EV000268,2026-01-11 07:45:00,360.24,2.53,0.91,85.83,16.87,12.82,236,138,124164.9,205.6,104.7,157.5,1.07,7.71,23.72,28.89,25.02,DC,22,0.00328,0.00346,2597,33.2,91.55,329.1,1781,Low
EV000246,2026-01-11 07:50:00,329.95,-136.38,-45.0,63.47,39.36,36.27,1612,901,145669.0,7.3,80.9,114.0,3.49,1.28,23.33,59.29,51.53,AC,61,0.01166,0.00717,3054,43.3,65.57,217.3,255,High
EV000230,2026-01-11 07:55:00,339.66,-12.47,-4.24,37.72,15.0,-0.88,649,22,215905.1,121.5,47.9,72.3,2.3,3.83,13.98,20.09,25.6,AC,151,0.00791,0.00387,3439,56.8,85.96,178.9,1356,Medium
EV000181,2026-01-11 08:00:00,395.96,197.21,78.09,23.87,30.45,20.22,180,92,133033.3,238.9,50.1,61.7,3.65,5.39,21.05,35.6,43.14,DC,176,0.00561,0.00271,2911,28.9,92.34,130.1,1782,Low
EV000159,2026-01-11 08:05:00,363.76,129.05,46.94,16.99,15.0,-9.57,1196,65,145873.3,191.3,63.2,79.9,2.04,2.74,19.12,29.76,29.52,AC,144,0.00752,0.00575,2509,31.9,81.42,61.1,1174,Medium
EV000195,2026-01-11 08:10:00,387.82,103.97,40.32,73.79,26.01,20.78,1529,562,96818.9,36.8,26.9,45.1,0.86,1.9,18.35,41.9,38.5,DC,62,0.01065,0.00613,1310,48.4,74.44,231.4,757,High
EV000126,2026-01-11 08:15:00,329.91,-14.84,-4.9,95.98,35.82,19.24,1588,418,99263.5,34.0,33.4,68.5,4.26,2.32,18.76,42.16,50.23,AC,91,0.01144,0.00639,2552,81.0,72.96,251.2,693,High
EV000182,2026-01-11 08:20:00,358.35,30.13,10.8,17.48,15.0,1.57,1226,621,42261.7,243.9,27.1,53.6,3.04,3.51,14.4,33.5,19.88,AC,120,0.01083,0.00594,800,39.1,78.8,74.9,1113,High
EV000038,2026-01-11 08:25:00,331.23,23.23,7.7,69.32,37.78,22.63,1510,377,14172.3,15.3,86.9,107.5,1.33,1.58,13.66,43.86,46.66,AC,138,0.0086,0.0061,324,25.8,77.27,262.2,917,High
EV000046,2026-01-11 08:30:00,390.16,-114.93,-44.84,22.07,15.0,-1.56,410,36,110894.1,82.1,96.9,114.8,2.75,1.29,16.41,26.28,25.59,DC,35,0.0052,0.00344,1600,83.6,91.2,92.5,1735,Low
EV000208,2026-01-11 08:35:00,333.05,-89.37,-29.76,14.07,48.51,32.04,1053,191,20118.5,62.3,96.0,106.2,4.39,3.98,16.81,54.34,58.01,DC,158,0.00708,0.00481,360,57.0,83.07,61.5,1234,Medium
EV000150,2026-01-11 08:40:00,402.33,190.53,76.66,33.39,34.15,24.43,782,179,163778.3,61.4,70.5,107.0,0.81,4.75,12.55,46.74,40.75,AC,135,0.00549,0.00486,3183,31.4,84.15,112.3,1319,Medium
EV000006,2026-01-11 08:45:00,344.18,-179.35,-61.73,50.21,15.0,-2.5,949,419,82095.6,120.4,116.7,143.0,3.51,1.47,19.29,29.81,23.49,DC,155,0.00696,0.00474,2501,46.5,80.58,179.9,1189,Medium
EV000282,2026-01-11 08:50:00,350.36,-181.1,-63.45,74.34,47.09,41.42,353,32,206237.6,229.1,56.0,90.3,2.49,0.7,21.42,61.9,51.13,DC,150,0.00662,0.00388,3078,67.2,89.73,300.2,1638,Medium
EV000267,2026-01-11 08:55:00,337.2,166.06,56.0,62.54,48.59,37.84,699,141,140856.8,50.7,102.9,127.9,2.31,7.57,21.52,63.13,56.79,AC,31,0.00831,0.00441,3138,59.5,84.5,255.4,1426,Medium
EV000272,2026-01-11 09:00:00,398.98,-151.39,-60.4,88.13,16.03,13.03,1053,381,52675.1,229.2,43.7,70.5,3.16,6.29,22.67,30.8,26.09,DC,149,0.00838,0.00587,1567,77.2,82.07,258.4,1253,Medium
EV000187,2026-01-11 09:05:00,331.5,125.73,41.68,28.69,15.0,-7.8,1372,293,61625.8,142.8,22.1,43.3,0.4,1.41,14.67,28.79,21.0,AC,50,0.00897,0.00616,1853,73.1,77.0,94.4,974,High
EV000002,2026-01-11 09:10:00,342.73,-16.0,-5.48,73.96,22.42,19.29,549,227,63025.0,76.0,66.3,94.8,1.69,6.69,14.78,42.02,37.14,AC,111,0.00613,0.00467,1848,61.1,87.67,324.4,1466,Medium
EV000059,2026-01-11 09:15:00,361.5,146.0,52.78,11.6,28.64,23.02,761,318,71678.8,223.4,41.7,101.7,3.07,2.12,23.31,43.53,41.51,AC,51,0.0067,0.00406,1360,50.4,85.13,40.0,1441,Medium
EV000069,2026-01-11 09:20:00,342.58,107.23,36.73,42.61,15.45,8.46,975,285,84022.3,54.3,110.6,134.6,2.91,4.16,23.29,29.54,18.92,AC,20,0.00864,0.00515,3363,51.3,80.69,135.8,1163,Medium
EV000164,2026-01-11 09:25:00,339.0,89.85,30.46,55.35,20.58,9.38,1459,449,127782.5,233.1,44.4,72.9,2.38,6.14,13.13,39.12,34.43,AC,172,0.00993,0.00647,1880,58.0,75.58,235.2,935,High
EV000025,2026-01-11 09:30:00,336.76,-143.27,-48.25,72.19,15.57,2.79,1232,158,147055.0,119.4,109.4,138.7,2.87,4.27,19.02,35.56,23.83,DC,135,0.00933,0.00542,2663,84.0,80.6,229.8,1181,Medium
EV000222,2026-01-11 09:35:00,404.77,-112.1,-45.37,44.52,18.14,3.55,370,202,173660.8,221.2,43.0,60.1,1.29,5.88,15.02,34.02,29.33,AC,36,0.00624,0.0032,3131,47.3,89.67,221.1,1597,Medium
EV000182,2026-01-11 09:40:00,326.29,32.18,10.5,84.75,50.82,38.93,1506,700,127086.9,150.7,28.7,40.6,4.26,0.16,15.9,67.33,63.54,AC,95,0.01105,0.00673,1880,89.2,69.43,240.0,505,High
EV000043,2026-01-11 09:45:00,372.91,74.63,27.83,24.55,15.0,7.78,369,205,3425.7,170.9,26.4,75.3,3.87,0.29,23.08,27.04,22.63,AC,61,0.00577,0.00341,50,85.8,93.7,115.2,1851,Low
EV000276,2026-01-11 09:50:00,333.99,3.29,1.1,45.64,44.6,38.19,676,266,36515.0,237.0,93.6,122.0,3.54,5.6,16.73,62.87,48.75,DC,57,0.00626,0.00452,1416,25.3,85.02,157.5,1337,Medium
EV000047,2026-01-11 09:55:00,331.24,-131.26,-43.48,59.77,15.0,-9.12,460,174,51654.4,130.7,72.8,127.0,0.32,5.48,24.45,21.41,23.03,DC,126,0.00774,0.00357,694,86.3,92.03,218.9,1690,Low
EV000111,2026-01-11 10:00:00,334.51,-90.99,-30.44,48.45,50.16,36.58,188,48,18967.2,197.5,86.0,114.2,0.6,3.45,13.26,55.73,55.94,DC,168,0.00672,0.00388,782,30.9,94.49,206.6,1958,Low
EV000215,2026-01-11 10:05:00,389.26,159.34,62.02,67.97,15.1,4.08,1182,297,94338.6,6.3,71.5,109.5,3.17,4.57,19.11,24.15,19.24,AC,156,0.01027,0.00487,1369,56.4,80.87,314.5,1100,Medium
EV000277,2026-01-11 10:10:00,330.51,127.72,42.21,33.55,31.88,19.33,630,379,13174.1,36.4,51.1,111.0,3.48,0.85,16.37,51.18,43.39,AC,49,0.00508,0.00475,260,84.6,87.06,153.3,1527,Medium
EV000134,2026-01-11 10:15:00,342.84,167.31,57.36,32.82,28.94,15.33,1677,657,47398.6,226.1,59.5,91.6,2.17,3.41,19.98,44.17,42.67,AC,30,0.00996,0.00729,934,45.0,71.91,131.3,706,High
EV000184,2026-01-11 10:20:00,345.55,-196.76,-67.99,78.41,38.34,23.07,698,340,281865.7,57.2,60.2,88.6,4.4,2.18,17.21,43.86,49.78,AC,41,0.00524,0.00451,3619,80.3,81.16,277.4,1175,Medium
EV000251,2026-01-11 10:25:00,350.91,142.15,49.88,71.34,37.05,32.17,1013,578,66284.2,192.3,36.1,48.6,3.29,1.84,23.64,42.48,43.69,AC,48,0.00914,0.00477,1867,63.8,79.0,209.4,1008,High
EV000191,2026-01-11 10:30:00,369.84,198.47,73.4,95.77,15.72,5.72,104,38,45658.4,235.2,39.5,97.4,2.92,6.62,12.16,24.21,23.31,AC,175,0.00626,0.00352,799,54.6,97.51,335.3,2108,Low
EV000206,2026-01-11 10:35:00,395.76,-44.6,-17.65,73.5,15.0,-1.32,1215,20,104741.2,130.9,115.3,161.7,4.43,1.22,21.64,23.42,23.27,DC,178,0.00878,0.00449,1459,76.8,82.03,339.5,1137,Medium
EV000116,2026-01-11 10:40:00,348.48,-118.24,-41.2,75.12,15.0,-1.27,463,163,57108.1,77.2,38.7,90.0,1.47,5.62,18.59,22.73,29.46,AC,45,0.00744,0.00368,2115,27.3,88.55,332.3,1639,Medium
EV000083,2026-01-11 10:45:00,386.79,137.31,53.11,27.87,32.82,20.27,934,547,73067.3,217.5,61.4,98.8,3.59,1.44,18.78,45.22,40.55,AC,64,0.00909,0.00494,1630,31.1,80.1,98.2,1029,Medium
EV000243,2026-01-11 10:50:00,377.19,-56.14,-21.18,14.6,19.39,2.59,1291,20,124524.2,59.8,79.5,97.5,0.66,3.51,17.38,25.75,24.21,AC,73,0.00729,0.0052,1745,21.6,82.32,57.1,1276,Medium
EV000165,2026-01-11 10:55:00,392.99,-212.23,-83.41,33.07,33.92,30.45,1084,358,195736.6,160.8,32.1,85.3,1.32,7.53,15.09,44.81,40.72,AC,156,0.0068,0.00582,2498,20.3,79.7,96.0,1045,High
EV000147,2026-01-11 11:00:00,388.17,201.52,78.22,93.35,15.0,2.69,244,47,169497.1,142.9,83.7,97.5,4.31,0.96,23.46,20.06,22.3,DC,131,0.00661,0.00271,2976,33.9,91.62,322.6,1735,Low
EV000262,2026-01-11 11:05:00,408.7,-200.62,-81.99,17.09,35.27,29.26,1065,468,78122.4,48.5,20.4,32.8,1.71,6.81,23.96,50.29,44.52,AC,122,0.00751,0.00478,2257,49.4,77.66,61.0,1000,High
EV000288,2026-01-11 11:10:00,348.31,217.94,75.91,22.6,28.91,12.12,429,29,141127.1,193.1,89.0,126.0,1.17,3.47,15.89,44.19,36.12,AC,143,0.0038,0.00395,2059,77.6,91.98,121.4,1771,Low
EV000018,2026-01-11 11:15:00,402.79,26.87,10.82,6.44,15.0,9.38,57,6,241103.3,94.8,62.8,117.8,0.26,0.61,13.63,22.11,18.3,DC,65,0.00419,0.00274,3035,34.9,94.24,40.0,1910,Low
EV000208,2026-01-11 11:20:00,389.33,187.03,72.82,17.97,17.6,5.2,439,23,47973.6,200.6,46.9,103.9,0.54,4.34,13.37,36.31,23.51,DC,117,0.00446,0.00379,1814,68.1,91.17,63.0,1719,Low
EV000129,2026-01-11 11:25:00,348.24,148.18,51.6,97.83,26.44,14.36,32,11,6756.3,246.0,32.4,74.7,3.7,1.97,18.48,45.65,40.82,AC,46,0.00249,0.00292,264,42.3,99.63,499.0,2107,Low
EV000233,2026-01-11 11:30:00,329.13,-94.91,-31.24,55.22,45.48,31.46,1409,76,221938.4,162.6,35.4,55.0,2.01,7.01,13.24,52.39,57.72,AC,77,0.01,0.00631,3524,25.6,76.27,160.7,897,High
EV000053,2026-01-11 11:35:00,406.45,-111.53,-45.33,81.69,15.0,-0.35,1666,357,59971.4,92.7,86.1,133.6,4.2,7.85,22.79,33.34,27.41,DC,162,0.00943,0.00646,1697,63.0,73.2,314.5,782,High
EV000027,2026-01-11 11:40:00,339.08,11.46,3.89,39.88,15.0,-5.23,1329,441,118999.8,213.3,76.9,110.6,1.56,1.52,22.74,24.15,19.27,AC,156,0.00921,0.00571,3395,31.0,75.16,126.0,837,High
EV000039,2026-01-11 11:45:00,387.51,41.19,15.96,20.14,47.76,38.39,1013,142,78456.7,54.4,69.8,128.8,2.43,4.22,22.66,54.12,56.36,DC,32,0.00615,0.00541,2453,64.7,81.34,98.2,1189,Medium
EV000100,2026-01-11 11:50:00,359.67,127.36,45.81,30.61,15.0,-6.6,514,276,205158.1,185.8,47.5,83.0,4.32,1.27,23.29,33.21,25.92,DC,130,0.00768,0.00344,2984,37.0,87.18,118.4,1470,Medium
EV000114,2026-01-11 11:55:00,336.66,102.05,34.36,33.05,31.18,23.16,89,32,28540.8,67.0,94.8,107.4,0.5,1.9,22.31,37.08,44.57,AC,172,0.00611,0.00295,426,72.0,98.39,167.2,2051,Low
EV000196,2026-01-11 12:00:00,390.02,164.63,64.21,15.46,41.54,37.75,1119,323,64914.8,145.3,41.4,58.1,3.5,4.09,20.55,54.45,47.35,DC,95,0.00777,0.00521,1813,52.8,80.74,52.6,1152,Medium
EV000024,2026-01-11 12:05:00,337.32,64.98,21.92,82.21,36.99,21.86,1398,792,54534.0,111.8,84.6,124.2,3.47,6.05,14.38,48.41,47.03,AC,142,0.00924,0.00663,2119,67.8,72.74,336.6,702,High
EV000265,2026-01-11 12:10:00,377.76,-109.25,-41.27,35.49,15.0,-4.1,517,61,104703.7,54.7,74.0,116.6,2.8,5.28,17.09,22.59,27.46,DC,35,0.00691,0.00376,1791,45.4,91.36,123.2,1768,Low
EV000293,2026-01-11 12:15:00,405.1,-85.24,-34.53,41.31,15.0,7.6,306,157,52648.7,37.4,50.7,88.8,1.14,1.68,23.65,22.49,21.18,AC,157,0.00388,0.0035,2344,71.5,91.82,206.2,1675,Low
EV000127,2026-01-11 12:20:00,384.57,144.33,55.51,12.42,15.56,6.45,563,285,169883.9,31.7,40.2,99.9,2.36,0.98,18.43,33.79,30.08,DC,51,0.00431,0.00462,3539,32.3,86.07,46.3,1380,Medium
EV000265,2026-01-11 12:25:00,360.6,-192.67,-69.48,50.8,34.61,27.43,1427,471,6484.8,179.2,81.0,113.6,3.04,1.34,12.08,46.61,47.18,AC,155,0.01149,0.00571,128,55.0,77.53,231.9,885,High
EV000209,2026-01-11 12:30:00,357.8,-112.9,-40.4,12.44,29.95,14.04,307,167,25803.2,44.1,48.3,94.6,3.9,0.87,18.51,37.27,36.91,DC,84,0.00443,0.00349,995,65.6,93.6,60.5,1823,Low
EV000169,2026-01-11 12:35:00,388.89,207.3,80.62,31.36,35.52,19.72,1605,84,14201.0,193.2,70.2,108.7,3.23,4.89,17.03,52.2,41.22,DC,53,0.00923,0.00642,406,74.4,78.6,140.9,997,High
EV000181,2026-01-11 12:40:00,343.96,102.33,35.2,83.68,48.68,41.37,425,29,73586.7,12.9,95.1,134.1,0.8,1.82,12.08,56.18,58.67,DC,57,0.00695,0.00423,3586,32.6,87.27,435.5,1436,Medium
EV000261,2026-01-11 12:45:00,325.34,-115.95,-37.72,52.61,15.0,-4.15,116,42,14040.3,135.4,93.9,149.9,3.01,0.46,17.32,31.64,23.38,DC,149,0.00312,0.00253,559,83.4,97.19,232.6,2057,Low
EV000293,2026-01-11 12:50:00,363.48,38.7,14.07,62.93,32.92,28.64,554,166,207462.2,120.9,47.9,92.8,1.6,6.8,15.71,50.14,40.75,DC,76,0.00806,0.00477,3524,26.0,86.57,273.5,1505,Medium
EV000066,2026-01-11 12:55:00,323.06,-60.02,-19.39,24.22,20.19,6.4,1644,231,85535.7,142.5,55.1,103.6,1.02,7.27,23.87,35.61,27.86,DC,133,0.01181,0.00583,1675,33.0,75.27,108.6,847,High
EV000214,2026-01-11 13:00:00,382.1,48.95,18.71,24.33,15.0,6.87,204,95,46117.8,137.5,62.2,114.9,3.38,7.36,24.54,32.67,24.12,DC,117,0.00387,0.004,1284,26.5,95.24,86.3,1858,Low
EV000152,2026-01-11 13:05:00,343.56,78.21,26.87,48.06,19.63,14.63,206,9,69071.2,105.9,117.3,166.9,3.43,5.26,14.87,29.6,31.08,DC,58,0.00505,0.00288,1901,57.9,94.79,243.6,1943,Low
EV000016,2026-01-11 13:10:00,359.38,124.83,44.86,96.33,23.0,14.6,876,218,15876.8,173.8,88.2,100.0,0.59,2.98,22.7,28.21,33.27,AC,167,0.00761,0.0042,537,86.6,87.46,425.4,1453,Medium
EV000194,2026-01-11 13:15:00,359.76,-205.42,-73.9,87.21,36.0,19.73,456,9,34122.8,87.6,17.9,40.6,0.71,1.7,12.93,42.85,45.15,AC,157,0.00614,0.00309,1255,32.6,93.23,338.6,1751,Low
EV000130,2026-01-11 13:20:00,390.24,-117.11,-45.7,85.15,15.0,-3.12,479,50,89078.4,68.2,97.7,149.8,3.2,7.42,21.28,28.1,19.7,DC,81,0.00434,0.00313,1832,84.2,90.99,432.5,1658,Low
EV000192,2026-01-11 13:25:00,389.13,-99.86,-38.86,93.27,36.56,31.25,1361,497,129650.0,68.4,90.4,113.0,2.01,0.51,24.35,52.54,44.72,AC,64,0.00895,0.00657,2920,22.9,74.19,382.8,755,High
EV000215,2026-01-11 13:30:00,320.28,-139.29,-44.61,54.3,15.0,-7.64,1797,246,126564.1,78.8,85.2,102.6,4.24,6.04,16.15,21.73,26.97,AC,163,0.0118,0.00675,2385,56.4,71.58,196.7,601,High
EV000251,2026-01-11 13:35:00,352.19,-14.15,-4.98,90.01,30.81,22.18,214,88,72623.9,222.6,20.7,52.0,1.88,1.86,21.99,45.49,40.44,DC,166,0.00493,0.00369,1994,87.4,93.53,446.5,1765,Low
EV000258,2026-01-11 13:40:00,322.8,212.32,68.54,92.24,16.1,4.86,479,25,18433.8,12.5,110.3,158.4,1.09,5.92,15.3,31.6,25.87,AC,104,0.00483,0.00373,577,80.1,92.27,453.1,1740,Low
EV000288,2026-01-11 13:45:00,329.97,116.24,38.35,93.19,15.0,-0.91,1289,510,69990.8,28.0,41.9,93.1,3.84,2.63,17.37,21.0,28.36,AC,62,0.01069,0.00634,1998,39.9,77.16,398.7,896,High
EV000117,2026-01-11 13:50:00,373.12,218.06,81.36,90.78,19.99,2.08,460,40,59380.0,170.6,69.8,80.1,4.11,4.48,24.44,36.37,33.39,DC,45,0.00735,0.00435,2810,89.5,89.37,473.7,1609,Medium
EV000219,2026-01-11 13:55:00,369.41,-75.62,-27.93,36.6,42.47,36.22,1104,385,114007.4,18.8,41.7,68.7,1.62,4.49,21.45,50.61,56.63,DC,48,0.00737,0.0052,2556,41.7,78.94,117.6,1099,High
EV000005,2026-01-11 14:00:00,379.08,15.25,5.78,24.64,34.83,23.91,42,0,77005.5,226.1,44.6,65.5,3.42,0.87,22.69,54.77,44.89,DC,25,0.00448,0.00271,1226,59.2,96.24,114.6,1961,Low
EV000045,2026-01-11 14:05:00,387.57,189.3,73.37,11.81,41.7,33.88,127,12,188990.3,9.2,103.7,132.4,0.35,3.65,21.67,55.24,55.57,AC,148,0.00402,0.00301,3392,79.8,92.39,46.6,1743,Low
EV000158,2026-01-11 14:10:00,334.34,67.72,22.64,17.94,46.06,31.76,36,20,203671.8,36.2,40.5,75.4,0.83,2.68,21.89,57.99,52.05,DC,101,0.00531,0.00244,2950,74.3,93.18,93.8,1857,Low
EV000290,2026-01-11 14:15:00,361.75,101.82,36.83,51.29,15.0,4.24,1660,515,44186.1,234.9,25.8,44.0,0.52,3.61,15.93,25.72,27.26,AC,165,0.00936,0.00708,1844,46.5,72.53,136.5,631,High
EV000004,2026-01-11 14:20:00,357.3,87.36,31.22,26.92,42.55,30.88,778,179,109082.7,145.0,84.3,129.0,1.99,1.88,20.0,48.09,46.37,AC,162,0.00519,0.00421,1729,78.4,84.61,117.9,1289,Medium
EV000085,2026-01-11 14:25:00,377.87,-5.1,-1.93,91.13,33.87,26.22,640,257,126778.6,64.6,80.6,105.2,1.62,6.62,15.77,45.48,39.09,AC,117,0.00814,0.00369,2022,34.7,86.11,401.5,1377,Medium
EV000030,2026-01-11 14:30:00,377.72,184.53,69.7,35.65,34.22,29.5,1710,893,23787.6,165.1,67.3,83.8,3.49,6.01,14.77,49.87,48.92,DC,62,0.01058,0.00769,356,36.9,70.82,135.6,559,High
EV000143,2026-01-11 14:35:00,393.8,-209.26,-82.41,33.55,15.0,-5.68,1495,549,206791.5,206.0,116.1,145.2,2.3,5.96,20.71,20.74,18.47,DC,60,0.00992,0.0057,2793,79.3,73.21,102.1,648,High
EV000130,2026-01-11 14:40:00,348.06,-4.92,-1.71,52.56,36.22,25.07,1159,6,69984.5,234.6,44.3,66.5,3.65,7.82,24.02,50.27,45.95,AC,31,0.00914,0.00548,2353,93.3,82.04,157.4,1282,Medium
EV000031,2026-01-11 14:45:00,324.79,21.71,7.05,97.75,46.39,36.87,467,84,106987.6,22.5,35.7,47.8,3.55,4.64,23.23,52.92,54.72,AC,114,0.00493,0.0043,3544,53.4,85.79,333.2,1366,Medium
EV000178,2026-01-11 14:50:00,330.08,-205.51,-67.83,77.56,40.51,28.88,1460,483,107083.7,70.8,98.1,112.5,2.26,6.4,17.53,46.78,52.26,DC,63,0.0109,0.00692,1412,69.6,75.14,311.9,779,High
EV000222,2026-01-11 14:55:00,379.94,-138.43,-52.6,90.5,15.0,-7.1,591,48,237278.4,201.3,18.0,62.0,1.97,1.1,15.62,23.73,18.07,DC,106,0.00765,0.00328,3179,42.7,88.03,382.7,1510,Medium
EV000133,2026-01-11 15:00:00,399.86,69.83,27.92,91.74,32.41,28.63,1343,13,177737.9,49.5,44.6,90.7,3.02,3.81,22.44,44.19,40.0,DC,120,0.01015,0.00561,3405,68.0,77.86,339.9,939,High
EV000176,2026-01-11 15:05:00,356.79,0.43,0.15,37.54,15.0,0.37,837,460,80585.1,14.5,118.4,146.1,1.9,6.81,15.16,31.13,27.91,DC,78,0.00882,0.00456,1250,92.7,82.59,162.9,1170,Medium
EV000004,2026-01-11 15:10:00,395.76,-23.71,-9.38,64.25,28.92,23.99,104,62,208433.3,176.8,45.6,67.7,3.63,3.67,17.83,48.8,33.41,AC,165,0.00428,0.0023,2637,31.3,93.27,286.8,1869,Low
EV000090,2026-01-11 15:15:00,345.0,152.26,52.53,68.64,15.0,-1.13,1257,660,111685.0,97.0,86.0,141.1,1.24,0.86,20.91,26.54,24.77,AC,171,0.00825,0.00635,2440,23.0,75.59,304.8,790,High
EV000251,2026-01-11 15:20:00,327.01,-111.62,-36.5,49.96,22.38,10.3,1267,506,121047.7,182.7,101.3,133.1,4.35,2.04,13.31,38.73,30.66,DC,111,0.00873,0.00622,3134,76.4,75.71,156.9,843,High
EV000070,2026-01-11 15:25:00,365.43,-146.23,-53.44,40.04,32.2,17.42,1538,543,11354.3,133.7,59.3,74.1,2.56,3.72,20.24,41.44,44.92,AC,71,0.0103,0.00641,392,68.9,74.28,161.9,826,High
EV000014,2026-01-11 15:30:00,389.35,-212.79,-82.85,17.99,24.68,11.94,1461,363,197110.4,239.1,76.9,91.9,1.05,2.83,24.57,31.43,32.14,DC,169,0.01034,0.00617,2618,29.8,75.55,50.7,819,High
EV000296,2026-01-11 15:35:00,396.74,14.95,5.93,92.99,29.6,23.86,666,225,89021.1,209.8,94.4,148.3,2.64,7.37,14.87,41.58,37.0,AC,134,0.00608,0.00372,1176,82.9,87.19,314.7,1419,Medium
EV000221,2026-01-11 15:40:00,402.02,-62.72,-25.22,55.88,45.76,40.23,1276,539,67165.2,236.7,79.2,105.2,2.79,4.63,17.57,52.03,52.37,DC,134,0.01097,0.00638,1061,87.1,76.84,197.8,906,High
EV000065,2026-01-11 15:45:00,355.56,4.48,1.59,65.77,15.0,-2.27,584,173,113380.8,191.8,34.9,85.2,1.67,2.6,19.48,34.49,25.52,DC,20,0.00796,0.00466,1997,42.8,88.63,233.9,1504,Medium
EV000103,2026-01-11 15:50:00,365.17,-23.12,-8.44,40.82,21.73,13.73,945,161,103753.6,76.4,115.2,152.6,3.13,1.2,24.48,40.33,30.69,DC,149,0.00667,0.00412,1569,81.9,83.85,146.5,1301,Medium
EV000165,2026-01-11 15:55:00,395.1,-40.31,-15.93,63.59,15.0,-7.44,585,341,151802.8,52.6,18.2,69.9,4.33,5.91,13.68,22.49,22.31,AC,178,0.00457,0.00463,2711,89.5,85.51,234.3,1451,Medium
EV000150,2026-01-11 16:00:00,331.78,109.97,36.48,75.64,27.96,12.04,1255,482,5736.2,200.6,67.4,119.7,0.28,2.79,17.05,45.62,42.46,AC,145,0.01077,0.00649,119,47.5,79.8,247.7,1162,High
EV000041,2026-01-11 16:05:00,333.86,-164.92,-55.06,64.68,41.08,23.46,1396,610,142899.7,108.0,31.2,79.7,1.89,3.09,22.86,46.29,52.8,AC,77,0.00877,0.00687,2983,38.6,71.52,202.1,637,High
EV000046,2026-01-11 16:10:00,385.04,-12.03,-4.63,28.92,18.46,12.88,1564,617,28615.7,135.5,46.4,61.8,1.53,2.04,23.22,26.93,27.01,DC,52,0.00917,0.00715,494,69.6,74.44,85.9,742,High
EV000258,2026-01-11 16:15:00,406.94,100.8,41.02,78.58,36.07,29.41,1368,363,31790.6,28.0,56.9,83.6,3.02,2.26,13.53,41.33,43.44,DC,92,0.00774,0.00564,460,93.7,79.88,232.0,1092,High
EV000052,2026-01-11 16:20:00,353.61,-39.38,-13.92,77.73,15.0,6.81,308,47,239611.2,74.2,101.9,154.9,3.55,5.61,18.19,21.65,23.41,DC,120,0.00518,0.00337,3401,60.0,91.63,261.5,1760,Low
EV000041,2026-01-11 16:25:00,360.99,205.15,74.06,12.77,15.0,-1.69,57,31,73539.5,212.4,118.5,143.3,0.46,6.75,17.06,30.08,23.73,AC,173,0.00304,0.00222,2924,83.5,93.58,69.7,1790,Low
EV000102,2026-01-11 16:30:00,401.44,-81.71,-32.8,94.64,27.02,10.5,1200,148,141920.2,187.5,117.6,146.6,2.47,6.66,19.35,41.61,32.78,AC,73,0.0087,0.00588,3486,67.5,78.81,398.3,1104,High
EV000187,2026-01-11 16:35:00,354.74,-41.93,-14.87,10.26,41.5,30.76,12,1,68069.4,111.6,107.0,131.8,2.57,5.34,19.15,50.97,51.72,DC,19,0.00562,0.00336,2906,36.2,94.65,49.5,1902,Low
EV000213,2026-01-11 16:40:00,363.8,-105.6,-38.42,22.44,42.39,37.57,1149,571,136611.6,243.1,40.7,73.3,4.32,2.59,15.66,52.2,46.11,AC,40,0.00709,0.00529,3570,26.7,73.78,99.2,711,High
EV000140,2026-01-11 16:45:00,366.44,97.51,35.73,89.81,15.0,-7.32,1772,763,89638.9,138.7,89.9,104.8,3.21,3.4,18.86,20.85,21.71,AC,40,0.00947,0.00709,2358,89.8,68.54,253.9,535,High
EV000185,2026-01-11 16:50:00,395.65,-186.04,-73.61,62.1,43.39,35.07,596,162,177197.1,225.2,58.8,73.0,2.98,2.33,21.3,62.72,53.11,DC,158,0.00796,0.00488,3124,68.6,85.36,280.6,1435,Medium
EV000087,2026-01-11 16:55:00,351.75,-21.33,-7.5,85.7,23.75,5.77,1375,343,144978.0,185.5,17.8,38.5,2.16,3.49,13.85,29.83,32.75,DC,105,0.01094,0.00667,2516,26.1,76.08,323.2,933,High
EV000130,2026-01-11 17:00:00,322.6,-83.25,-26.86,51.45,44.21,27.07,1694,557,31832.2,38.3,53.5,89.2,3.5,7.41,14.08,54.94,55.94,AC,63,0.01055,0.00689,629,70.7,71.74,209.2,583,High
EV000225,2026-01-11 17:05:00,378.01,-154.3,-58.33,93.92,23.9,10.49,1677,959,28534.9,245.4,19.3,41.9,3.65,4.42,23.09,32.01,30.12,DC,48,0.01018,0.00707,871,28.3,70.04,315.6,475,High
EV000124,2026-01-11 17:10:00,402.6,-168.04,-67.65,21.46,38.82,24.77,666,210,147179.6,135.2,49.0,74.1,3.62,7.38,24.06,57.68,42.68,DC,85,0.007,0.00476,1902,38.1,85.66,108.4,1395,Medium
EV000125,2026-01-11 17:15:00,353.53,189.86,67.12,64.79,15.0,-9.95,1224,221,1942.8,18.9,25.5,58.0,0.27,5.85,12.75,31.98,25.48,AC,77,0.00694,0.00594,62,71.2,83.34,299.8,1278,Medium
EV000064,2026-01-11 17:20:00,342.59,-24.36,-8.34,51.1,37.32,29.39,798,367,71872.7,74.4,31.4,80.3,4.23,2.76,22.45,50.45,41.74,AC,177,0.00526,0.00548,2052,31.2,83.75,223.2,1257,Medium
EV000080,2026-01-11 17:25:00,365.49,128.96,47.13,30.08,25.26,10.38,614,359,79442.4,176.4,70.2,112.3,2.93,3.4,21.39,45.07,38.23,DC,28,0.00601,0.00468,1092,89.6,86.86,143.6,1545,Medium
EV000291,2026-01-11 17:30:00,366.55,-127.43,-46.71,82.21,36.2,29.89,154,72,87129.1,92.8,92.8,115.6,2.25,2.57,22.1,47.52,47.26,DC,40,0.00471,0.00277,2840,44.4,92.1,332.7,1806,Low
EV000292,2026-01-11 17:35:00,400.2,-217.89,-87.2,66.83,15.0,3.89,1274,758,48121.2,27.0,95.3,116.5,0.43,3.1,13.83,31.08,29.45,DC,119,0.00911,0.00561,2267,42.9,74.43,296.8,838,High
EV000276,2026-01-11 17:40:00,365.76,52.97,19.37,68.2,57.27,39.35,475,224,33236.6,43.9,85.8,123.8,0.28,1.26,12.21,63.72,65.25,DC,54,0.00419,0.00344,453,63.4,88.53,318.4,1531,Medium
EV000049,2026-01-11 17:45:00,401.76,-196.18,-78.82,79.36,15.0,-2.54,1114,629,24969.8,117.9,82.7,110.0,3.99,2.04,15.41,22.66,18.29,DC,85,0.00943,0.00536,652,88.8,78.85,277.6,1113,High
EV000100,2026-01-11 17:50:00,324.81,-214.32,-69.61,8.11,38.0,29.21,1526,590,123322.4,6.6,19.3,38.8,1.29,1.01,12.83,54.48,52.89,AC,34,0.01127,0.0072,2225,68.1,71.08,40.0,588,High
EV000261,2026-01-11 17:55:00,404.53,9.87,3.99,16.14,25.86,11.72,1306,77,24551.7,26.5,61.2,99.0,1.83,6.93,18.85,35.03,37.2,AC,167,0.00723,0.00526,496,94.4,81.62,59.6,1177,Medium
EV000053,2026-01-11 18:00:00,404.53,-86.32,-34.92,5.2,15.0,-3.67,629,63,206504.4,144.5,93.6,108.1,3.85,1.11,12.66,26.93,22.87,DC,146,0.00574,0.00383,3307,86.3,87.93,40.0,1537,Medium
EV000209,2026-01-11 18:05:00,377.32,173.19,65.35,29.39,15.0,8.06,939,431,80243.2,147.5,80.5,140.2,2.1,1.05,17.55,20.03,28.14,AC,114,0.006,0.00459,1660,81.9,81.93,136.8,1133,Medium
EV000274,2026-01-11 18:10:00,370.47,128.98,47.78,82.99,28.38,15.7,1262,38,206160.7,71.3,33.8,63.0,2.7,6.36,20.55,37.01,35.31,DC,20,0.01009,0.00583,3563,83.8,79.06,270.0,1083,High
EV000172,2026-01-11 18:15:00,396.53,-88.5,-35.09,21.43,23.22,9.6,1335,792,121664.3,239.7,64.6,91.5,4.11,4.42,19.05,38.14,28.32,DC,123,0.00973,0.00681,2757,55.3,72.75,88.5,773,High
EV000266,2026-01-11 18:20:00,400.41,87.77,35.15,85.96,27.54,24.11,1610,828,60928.3,98.2,71.4,89.1,4.09,5.16,18.53,32.92,30.92,DC,104,0.01053,0.00627,1001,93.8,69.76,314.9,462,High
EV000146,2026-01-11 18:25:00,351.84,55.83,19.64,86.94,15.0,-2.79,252,128,10954.4,20.5,37.0,68.2,3.01,1.94,13.14,20.49,22.36,DC,154,0.00452,0.00287,279,40.4,95.25,427.0,2016,Low
EV000256,2026-01-11 18:30:00,369.17,54.55,20.14,61.35,48.42,39.83,655,197,111282.2,153.7,40.8,98.6,4.16,2.81,23.88,56.99,59.58,AC,44,0.00487,0.00505,2517,58.9,85.25,249.7,1380,Medium
EV000245,2026-01-11 18:35:00,388.63,-103.42,-40.19,77.64,42.82,35.54,854,468,122554.5,185.9,95.2,140.9,3.49,6.07,21.06,59.1,56.02,AC,32,0.00725,0.00455,2767,23.7,80.31,313.9,1094,Medium
EV000017,2026-01-11 18:40:00,377.27,72.01,27.17,86.6,18.74,5.3,1606,104,35396.8,19.1,58.9,97.3,0.55,0.93,15.17,36.59,28.51,DC,89,0.00881,0.00623,1559,51.0,77.34,243.5,928,High
EV000119,2026-01-11 18:45:00,361.32,-45.96,-16.61,52.59,15.0,6.8,554,325,91144.8,180.5,102.6,126.6,0.73,3.36,23.35,21.39,21.99,AC,57,0.005,0.005,1639,77.5,88.82,197.3,1610,Medium
EV000089,2026-01-11 18:50:00,386.86,-64.98,-25.14,64.06,15.0,-0.81,1759,946,29432.4,74.8,47.7,107.2,0.26,6.71,14.13,32.24,22.43,AC,111,0.01231,0.00771,748,41.1,68.18,260.8,404,High
EV000226,2026-01-11 18:55:00,343.06,-18.55,-6.36,92.81,15.0,3.23,1144,342,11968.1,148.5,46.6,78.8,3.58,1.87,23.78,33.56,20.67,AC,54,0.00769,0.00549,393,56.4,82.53,424.9,1174,Medium
EV000286,2026-01-11 19:00:00,376.45,102.2,38.47,24.9,17.67,2.49,1643,650,15080.0,193.1,51.6,62.9,2.84,6.46,15.9,27.47,22.75,DC,166,0.00897,0.00678,269,69.6,72.72,92.7,742,High
EV000125,2026-01-11 19:05:00,373.0,-143.72,-53.61,67.86,38.85,34.85,1711,52,18755.4,142.0,27.7,75.2,3.03,7.42,12.46,54.56,45.46,AC,129,0.01149,0.00632,703,46.9,76.66,200.8,939,High
EV000094,2026-01-11 19:10:00,353.59,-149.96,-53.02,5.55,41.72,27.65,367,208,96757.5,224.3,54.1,67.4,2.13,5.61,18.79,61.52,48.27,AC,142,0.00553,0.004,1487,73.7,89.76,40.0,1649,Medium
EV000054,2026-01-11 19:15:00,395.31,-152.87,-60.43,28.85,16.96,11.83,1694,868,222427.3,227.8,73.2,108.0,4.19,5.11,14.48,36.77,30.77,AC,62,0.01191,0.00763,3388,56.9,66.55,89.4,295,High
EV000044,2026-01-11 19:20:00,355.43,-27.3,-9.7,22.8,54.75,41.05,258,20,127871.7,206.3,28.7,65.0,1.11,6.03,18.05,63.53,66.2,AC,109,0.00591,0.00349,2227,71.7,91.4,114.6,1678,Low
EV000099,2026-01-11 19:25:00,370.59,206.47,76.52,50.78,35.02,21.76,1345,271,51686.9,123.4,73.8,84.9,4.08,7.48,14.9,43.29,48.07,DC,110,0.0086,0.00525,1193,77.1,79.97,146.1,1116,High
EV000160,2026-01-11 19:30:00,369.3,-61.35,-22.66,96.82,49.94,36.38,835,244,43708.0,2.0,83.9,127.2,3.99,3.98,16.84,56.69,55.47,DC,110,0.00584,0.00492,547,70.3,84.13,387.5,1301,Medium
EV000019,2026-01-11 19:35:00,326.95,-45.47,-14.86,30.81,15.0,-5.04,1502,805,223315.8,157.2,103.6,132.4,3.93,6.14,20.34,22.58,26.87,DC,22,0.0094,0.00714,2958,24.5,68.35,111.5,512,High
EV000236,2026-01-11 19:40:00,321.33,63.79,20.5,63.7,40.4,25.81,894,15,20267.6,52.1,84.8,100.6,1.68,6.85,23.51,52.01,43.47,AC,33,0.00761,0.00441,474,90.3,86.68,217.2,1487,Medium
EV000135,2026-01-11 19:45:00,328.31,-134.47,-44.15,5.54,15.0,-6.96,1617,161,69511.2,157.7,101.7,135.3,3.22,6.79,13.17,30.28,28.96,AC,72,0.01161,0.00547,3145,41.0,73.42,40.0,726,High
EV000229,2026-01-11 19:50:00,392.37,-131.19,-51.48,75.1,15.0,-9.55,605,241,76074.0,49.8,65.9,118.4,2.82,1.11,20.81,21.76,25.87,DC,65,0.00616,0.00387,2471,53.3,86.67,253.5,1444,Medium
EV000053,2026-01-11 19:55:00,382.75,-126.96,-48.59,81.0,49.05,40.87,1192,125,83284.1,158.7,76.0,132.2,4.17,2.49,18.71,66.82,54.81,DC,38,0.00818,0.00528,1861,75.1,80.18,366.5,1045,Medium
EV000084,2026-01-11 20:00:00,339.97,-195.83,-66.57,48.78,39.38,28.33,1184,260,108597.8,12.8,76.4,125.1,3.49,0.93,24.15,53.64,47.48,DC,49,0.00789,0.00518,3070,57.3,77.12,217.7,969,High
EV000156,2026-01-11 20:05:00,343.59,-166.22,-57.11,82.34,15.0,-1.08,940,331,72948.1,217.0,62.3,98.6,4.11,4.82,12.88,30.22,18.54,DC,95,0.00699,0.00495,2609,23.2,81.7,328.4,1148,Medium
EV000206,2026-01-11 20:10:00,397.93,53.97,21.48,48.74,27.86,12.41,59,19,82861.4,130.9,28.2,55.6,2.68,5.49,23.17,43.39,36.59,DC,54,0.003,0.00306,1784,81.0,95.49,211.7,2000,Low
EV000016,2026-01-11 20:15:00,372.58,163.04,60.74,82.54,33.5,28.93,1348,631,9332.8,46.7,53.3,66.2,2.34,1.84,17.2,48.8,44.07,DC,156,0.00995,0.00582,139,24.6,76.3,264.0,900,High
EV000108,2026-01-11 20:20:00,353.49,-68.89,-24.35,80.78,29.78,14.65,1175,476,168398.8,199.8,52.6,86.0,3.99,2.45,14.94,47.74,40.42,AC,172,0.00787,0.00582,3549,34.8,75.16,234.1,795,High
EV000117,2026-01-11 20:25:00,394.63,-29.77,-11.75,67.4,31.15,13.39,214,111,49122.7,122.9,17.9,47.9,1.5,1.43,16.11,49.16,34.8,AC,85,0.00589,0.0027,1462,34.7,94.71,264.0,1943,Low
EV000211,2026-01-11 20:30:00,333.39,-183.18,-61.07,45.99,23.49,9.49,589,276,36252.7,207.8,21.0,54.1,1.01,7.9,15.41,40.02,32.02,DC,31,0.00739,0.00374,462,25.1,89.77,191.5,1656,Medium
EV000193,2026-01-11 20:35:00,377.73,-32.86,-12.41,10.64,15.0,2.1,1034,115,78849.6,11.2,89.6,129.1,3.66,3.21,18.53,22.29,20.55,DC,85,0.00889,0.0045,1617,80.1,83.28,48.7,1240,Medium
EV000261,2026-01-11 20:40:00,341.38,37.51,12.81,83.2,15.0,-9.86,1349,564,64743.2,245.3,36.9,82.6,2.18,6.4,24.63,30.99,26.24,DC,180,0.00922,0.00582,3028,40.8,74.53,298.4,874,High
EV000228,2026-01-11 20:45:00,383.29,-62.9,-24.11,6.82,33.89,16.64,431,223,232219.1,180.6,110.7,131.6,0.71,6.69,12.63,46.12,47.0,AC,17,0.00615,0.0043,3378,21.1,88.25,40.0,1558,Medium
EV000176,2026-01-11 20:50:00,352.17,-201.48,-70.96,24.97,16.6,12.96,636,80,198405.0,29.8,20.4,79.8,1.88,1.06,16.46,27.31,30.15,AC,151,0.00466,0.00478,3279,29.9,86.87,88.3,1424,Medium
EV000078,2026-01-11 20:55:00,398.35,180.51,71.91,13.13,32.78,21.78,1451,501,32183.4,8.6,93.6,123.5,3.22,2.42,24.54,51.61,40.1,AC,125,0.00901,0.00584,554,56.0,76.85,55.7,995,High
EV000268,2026-01-11 21:00:00,346.18,-203.0,-70.27,15.8,36.56,22.97,531,274,78104.2,238.2,36.2,67.5,2.11,1.65,22.41,49.29,50.23,AC,31,0.00795,0.00474,2324,76.6,87.45,57.3,1582,Medium
EV000002,2026-01-11 21:05:00,346.92,45.06,15.63,56.88,47.12,40.97,1574,755,13401.6,199.0,56.3,86.1,3.13,0.63,16.37,61.25,59.83,DC,162,0.01141,0.00665,342,21.0,72.69,167.1,775,High
EV000094,2026-01-11 21:10:00,368.21,-22.28,-8.2,59.43,38.8,34.04,861,278,44225.2,72.9,68.9,82.5,3.79,5.91,21.74,51.9,47.11,DC,134,0.00856,0.00491,641,59.1,84.13,276.3,1364,Medium
EV000041,2026-01-11 21:15:00,381.88,-163.37,-62.39,5.06,27.05,21.54,651,172,108760.1,249.9,98.7,140.3,3.67,5.27,18.46,42.61,38.05,AC,72,0.00594,0.00406,1497,81.1,88.7,40.0,1607,Medium
EV000151,2026-01-11 21:20:00,376.4,156.75,59.0,8.64,15.0,-0.69,1210,14,142299.4,218.6,118.4,143.5,1.97,2.98,23.04,24.25,20.34,AC,141,0.00848,0.00538,2368,69.3,82.17,40.0,1233,Medium
EV000140,2026-01-11 21:25:00,346.22,80.22,27.77,84.15,41.55,25.56,1110,9,35534.7,246.8,55.0,103.5,2.31,7.28,22.0,46.61,51.06,AC,153,0.00888,0.00464,1217,89.8,83.81,400.3,1333,Medium
EV000142,2026-01-11 21:30:00,322.25,146.4,47.18,97.34,55.1,38.32,131,73,89385.4,168.9,63.4,103.3,2.74,5.26,20.14,71.95,59.06,DC,177,0.00402,0.0029,3420,47.9,90.77,460.4,1672,Low
EV000156,2026-01-11 21:35:00,377.25,-184.14,-69.46,78.47,41.11,30.73,459,199,16614.0,110.9,60.1,114.9,2.21,5.77,25.0,57.82,51.19,DC,154,0.00623,0.00345,660,44.1,90.8,422.9,1761,Low
EV000051,2026-01-11 21:40:00,365.11,-13.13,-4.79,22.83,34.06,30.36,244,143,88942.8,147.3,103.3,138.9,4.12,3.0,18.63,47.86,38.05,AC,56,0.00613,0.00267,2944,69.1,91.76,85.9,1673,Low
EV000054,2026-01-11 21:45:00,343.24,87.52,30.04,17.21,28.86,17.0,736,392,164882.0,4.3,111.6,128.3,1.6,7.26,19.32,42.02,41.23,DC,76,0.00873,0.00402,2709,88.3,82.25,78.3,1158,Medium
EV000177,2026-01-11 21:50:00,389.64,0.21,0.08,6.1,24.62,9.91,1173,520,110193.4,76.8,43.8,78.4,2.32,5.53,15.24,34.28,27.87,AC,133,0.00742,0.00604,2580,37.0,77.17,40.0,918,High
EV000229,2026-01-11 21:55:00,406.14,-80.23,-32.58,98.1,15.0,-4.09,1268,525,31071.7,89.7,36.9,64.4,2.86,7.56,17.25,32.66,23.04,AC,108,0.00886,0.00609,934,48.1,78.3,439.6,1047,High
EV000118,2026-01-11 22:00:00,353.84,88.4,31.28,11.57,20.26,12.2,341,100,23255.0,223.7,99.8,151.9,1.54,5.18,15.96,36.42,32.81,AC,46,0.00652,0.00395,498,27.3,95.25,42.2,1987,Low
EV000227,2026-01-11 22:05:00,377.77,-170.92,-64.57,86.98,21.71,10.45,1312,751,62341.0,175.0,39.5,78.5,0.64,0.77,24.82,38.03,30.47,DC,110,0.01013,0.00672,2989,60.2,73.06,329.0,689,High
EV000282,2026-01-11 22:10:00,340.85,219.19,74.71,60.32,36.65,33.42,1290,487,42459.7,41.9,58.0,81.3,3.96,3.56,18.36,51.43,51.56,DC,32,0.0103,0.00653,1544,34.4,76.39,211.1,845,High
EV000013,2026-01-11 22:15:00,364.25,-213.41,-77.73,78.05,17.19,13.19,437,181,56555.0,5.6,17.2,54.8,2.68,6.05,24.17,32.56,30.59,AC,89,0.00445,0.00425,829,43.5,92.7,269.0,1811,Low
EV000259,2026-01-11 22:20:00,344.28,-63.1,-21.73,5.17,45.61,39.01,537,181,62512.9,28.9,107.5,131.5,2.28,4.1,16.44,50.86,53.71,AC,31,0.00605,0.00461,1954,58.9,88.01,40.0,1510,Medium
EV000050,2026-01-11 22:25:00,330.63,1.99,0.66,54.55,52.76,35.82,630,232,123289.4,46.9,101.6,130.2,2.06,1.06,20.89,61.67,60.85,AC,20,0.00764,0.00403,1699,59.1,84.62,216.9,1406,Medium
EV000187,2026-01-11 22:30:00,343.95,-27.07,-9.31,23.09,23.67,13.49,1232,34,61654.4,76.1,20.6,55.3,1.39,7.45,24.01,29.26,29.94,DC,112,0.00776,0.00585,1783,31.7,81.09,90.9,1149,Medium
EV000241,2026-01-11 22:35:00,405.15,5.47,2.22,64.33,15.76,12.12,1094,502,98504.8,232.3,100.1,125.1,3.65,6.35,20.53,26.33,22.46,AC,92,0.01002,0.00571,3570,25.7,77.53,206.3,975,High
EV000093,2026-01-11 22:40:00,392.0,-210.4,-82.48,9.51,28.17,10.5,785,195,151045.1,212.1,84.5,110.8,0.41,3.71,18.76,45.11,41.9,DC,94,0.00625,0.00494,2358,77.6,86.02,40.0,1439,Medium
EV000263,2026-01-11 22:45:00,401.94,56.88,22.86,72.68,15.0,-0.27,930,367,105329.1,231.4,64.3,93.7,4.22,6.28,20.28,25.88,19.03,DC,55,0.00846,0.00562,1444,73.5,83.52,251.6,1336,Medium
EV000148,2026-01-11 22:50:00,321.46,-169.55,-54.5,75.69,22.9,8.26,1636,164,73568.6,107.4,75.6,124.5,0.86,0.37,24.42,38.46,35.36,DC,121,0.0113,0.00672,2128,75.3,76.49,270.6,941,High
EV000066,2026-01-11 22:55:00,346.26,51.58,17.86,76.81,45.56,28.48,776,140,214060.9,213.6,48.7,93.7,0.69,2.78,13.42,57.33,53.78,DC,143,0.00527,0.00511,2763,88.5,85.01,234.1,1338,Medium
EV000190,2026-01-11 23:00:00,341.9,-165.2,-56.48,33.11,37.62,25.08,1435,599,10945.0,2.5,93.7,131.8,3.76,6.74,16.07,43.44,46.19,DC,49,0.01082,0.00653,155,31.8,76.59,138.2,878,High
EV000204,2026-01-11 23:05:00,334.27,-205.87,-68.81,20.19,35.78,27.8,145,66,53594.3,69.7,102.7,136.1,2.13,1.73,17.5,49.04,45.98,DC,81,0.0034,0.0038,1602,86.1,94.11,100.9,1830,Low
EV000213,2026-01-11 23:10:00,341.23,0.66,0.23,89.02,15.0,-2.11,1540,698,25349.7,53.2,84.6,123.3,2.12,0.64,14.77,31.56,21.2,AC,92,0.01159,0.00716,409,55.5,74.63,364.8,853,High
EV000280,2026-01-11 23:15:00,320.69,122.1,39.16,61.73,22.14,7.91,1325,599,67155.1,132.3,53.3,109.3,2.95,2.98,23.34,38.32,36.86,AC,156,0.01095,0.00587,1550,89.8,76.25,225.6,860,High
EV000163,2026-01-11 23:20:00,365.86,-66.44,-24.31,35.09,15.0,4.09,1282,516,40611.1,224.1,30.9,77.5,0.48,2.61,14.57,27.43,19.42,AC,37,0.00813,0.00561,554,80.2,78.18,97.2,1007,High
EV000011,2026-01-11 23:25:00,376.27,90.12,33.91,32.29,46.05,33.54,503,27,85305.6,243.9,18.0,46.4,1.66,2.04,19.78,61.94,58.87,DC,26,0.00552,0.00447,1228,21.6,89.54,134.6,1639,Medium
EV000290,2026-01-11 23:30:00,336.83,115.18,38.8,82.9,15.0,6.73,844,221,158247.0,43.8,49.3,96.6,1.33,6.9,24.23,28.37,26.24,AC,79,0.00552,0.00477,2935,74.6,83.01,276.9,1342,Medium
EV000158,2026-01-11 23:35:00,331.55,-203.31,-67.41,50.83,25.33,21.32,500,146,144544.5,214.9,53.0,93.2,2.23,3.05,24.32,36.25,32.13,AC,87,0.00439,0.00371,2088,24.4,90.1,185.8,1726,Low
EV000041,2026-01-11 23:40:00,337.86,-183.32,-61.94,32.83,49.64,37.16,804,117,155988.9,79.5,77.0,93.7,0.77,5.52,12.94,57.61,54.23,DC,132,0.00875,0.00377,2859,35.1,83.09,131.6,1194,Medium
EV000179,2026-01-11 23:45:00,358.48,84.93,30.45,50.96,45.57,31.98,1444,46,258488.3,94.8,102.9,145.3,1.18,4.88,13.7,62.53,57.78,DC,100,0.00809,0.00504,3602,48.6,76.49,147.8,832,High
EV000025,2026-01-11 23:50:00,403.56,-17.08,-6.89,60.27,41.49,26.82,762,425,34352.1,51.4,27.6,49.9,0.55,3.74,23.25,60.6,55.05,AC,160,0.00758,0.00503,783,32.5,84.54,208.2,1417,Medium
EV000072,2026-01-11 23:55:00,381.52,-111.18,-42.42,42.66,22.0,18.36,895,141,254988.1,74.5,53.8,100.7,1.38,5.63,16.55,31.25,33.44,AC,35,0.00836,0.00407,3416,89.4,82.78,195.0,1191,Medium
EV000264,2026-01-12 00:00:00,382.52,202.05,77.29,19.2,48.42,34.48,1642,698,19836.8,124.3,115.5,170.7,0.74,6.9,13.77,59.27,52.56,AC,116,0.01153,0.00721,914,87.2,71.16,56.1,654,High
EV000013,2026-01-12 00:05:00,363.05,-216.61,-78.64,7.6,15.0,-6.96,1430,412,137384.8,28.9,71.3,86.2,2.4,3.42,20.58,22.07,24.24,DC,139,0.00918,0.00636,2679,80.1,74.36,40.0,849,High
EV000158,2026-01-12 00:10:00,342.55,-183.06,-62.71,44.26,15.0,-5.65,1797,152,103474.2,199.1,87.5,97.8,2.38,1.69,14.06,23.0,24.01,DC,63,0.01296,0.00721,3396,32.4,71.32,178.1,664,High
EV000007,2026-01-12 00:15:00,330.39,-156.11,-51.58,18.93,28.15,18.52,472,210,237849.5,177.8,55.1,76.1,3.68,3.49,14.46,43.34,36.48,DC,76,0.00542,0.00428,3235,30.0,87.32,69.8,1477,Medium
EV000034,2026-01-12 00:20:00,399.87,213.48,85.36,30.06,47.84,37.43,1788,977,134656.3,232.2,23.0,74.6,4.37,1.23,22.22,58.88,51.95,DC,99,0.01019,0.00759,1889,79.3,65.09,90.6,263,High
EV000196,2026-01-12 00:25:00,368.98,-195.49,-72.13,16.66,17.62,3.59,1478,413,16951.7,204.9,52.3,76.3,3.85,4.94,16.44,30.27,21.07,AC,90,0.01167,0.00676,242,54.6,77.55,76.7,933,High
EV000217,2026-01-12 00:30:00,395.26,-48.31,-19.1,91.92,51.43,35.87,627,237,62596.1,187.4,33.3,54.5,0.22,3.82,18.29,68.72,65.52,DC,149,0.00688,0.00376,1630,71.1,84.95,397.8,1303,Medium
EV000096,2026-01-12 00:35:00,325.89,-200.64,-65.39,95.01,47.75,37.83,90,16,178308.3,117.9,41.9,88.8,0.85,1.35,16.41,55.19,56.72,AC,75,0.00559,0.0035,3112,20.7,92.47,348.9,1804,Low
EV000164,2026-01-12 00:40:00,339.53,162.01,55.01,32.93,48.17,41.7,840,181,24553.0,181.7,105.1,160.8,4.03,2.99,15.56,58.86,59.31,AC,116,0.00788,0.0052,479,23.6,84.94,122.2,1397,Medium
EV000014,2026-01-12 00:45:00,326.04,-152.04,-49.57,50.28,33.72,24.01,1580,901,24497.1,185.5,80.1,119.6,2.84,4.2,15.39,43.37,45.61,DC,180,0.00892,0.00743,408,43.3,70.15,151.4,544,High
EV000064,2026-01-12 00:50:00,334.66,169.37,56.68,97.38,32.48,17.41,1201,311,110954.7,78.4,28.3,61.8,3.06,7.4,15.65,46.31,43.96,AC,36,0.00945,0.0062,2824,33.1,79.19,436.0,1093,High
EV000065,2026-01-12 00:55:00,354.9,-191.25,-67.87,82.7,15.0,-4.06,621,112,223455.7,87.3,44.2,99.5,2.05,6.35,24.62,27.29,24.73,DC,101,0.00653,0.004,3191,22.3,86.8,325.3,1507,Medium
EV000049,2026-01-12 01:00:00,325.26,-139.57,-45.4,67.19,15.0,-0.38,1438,719,178546.4,168.7,109.5,158.5,0.21,5.73,18.93,23.97,21.62,DC,82,0.01145,0.00631,3446,43.9,69.21,214.4,526,High
EV000182,2026-01-12 01:05:00,362.98,92.15,33.45,66.39,29.89,24.26,1779,32,151291.1,54.4,29.6,68.4,4.13,7.31,24.62,38.33,35.65,DC,36,0.00927,0.00581,2605,93.4,74.45,254.1,788,High
EV000246,2026-01-12 01:10:00,328.35,-53.49,-17.56,60.94,17.01,9.91,273,76,41310.8,99.7,93.6,106.1,2.93,2.61,16.32,28.04,31.66,DC,42,0.00311,0.00286,583,43.4,94.4,301.9,1925,Low
EV000256,2026-01-12 01:15:00,390.06,-165.87,-64.7,75.13,15.0,2.26,29,14,72467.9,82.0,83.9,137.9,1.31,6.99,19.78,29.19,29.07,AC,95,0.00532,0.00235,1861,49.6,96.98,377.6,2008,Low
EV000276,2026-01-12 01:20:00,330.11,-176.39,-58.23,51.01,16.76,11.59,1606,104,128777.1,195.6,39.4,68.5,3.86,2.99,22.74,31.65,27.35,AC,94,0.01122,0.00666,1763,59.3,76.23,156.7,963,High
EV000015,2026-01-12 01:25:00,408.28,-173.77,-70.95,62.24,26.97,19.33,742,149,75928.0,79.3,64.8,121.1,2.64,5.22,22.07,42.52,35.86,DC,27,0.00816,0.00457,2409,84.6,86.6,215.8,1398,Medium
EV000020,2026-01-12 01:30:00,390.25,128.47,50.14,64.92,15.0,-7.51,903,348,24598.6,67.5,63.4,110.2,2.43,5.67,16.16,25.06,22.43,AC,20,0.00804,0.00515,562,36.6,85.31,263.4,1390,Medium
EV000091,2026-01-12 01:35:00,387.67,177.91,68.97,37.67,38.18,34.28,925,385,50047.4,190.4,63.3,85.2,0.22,5.84,13.44,52.75,47.57,DC,95,0.00696,0.00457,1826,40.4,82.4,177.3,1282,Medium
EV000066,2026-01-12 01:40:00,328.95,40.38,13.28,75.07,25.28,7.78,1233,445,119212.2,212.1,34.0,93.1,2.37,3.77,12.14,40.26,31.13,AC,25,0.0108,0.00508,1664,91.1,78.45,266.6,976,High
EV000197,2026-01-12 01:45:00,408.65,185.29,75.72,44.7,50.9,40.88,1121,175,22316.4,103.5,68.9,98.9,3.65,4.07,23.72,67.13,59.28,DC,153,0.00799,0.00488,630,88.3,82.28,149.9,1188,Medium
EV000148,2026-01-12 01:50:00,379.8,-212.23,-80.6,57.32,39.76,33.42,853,17,21542.9,39.9,91.1,104.4,4.04,3.36,22.35,48.32,50.0,DC,79,0.00898,0.00508,1022,81.4,87.89,267.2,1604,Medium
EV000257,2026-01-12 01:55:00,391.41,-112.34,-43.97,82.42,37.72,30.43,470,279,101239.0,143.0,55.7,110.7,4.16,6.56,19.62,57.27,52.16,AC,88,0.00738,0.00469,1609,51.1,88.24,331.9,1486,Medium
EV000187,2026-01-12 02:00:00,355.43,-136.44,-48.49,14.93,41.39,32.15,1073,585,86191.0,60.8,73.5,131.3,2.07,0.73,17.38,54.5,47.18,AC,55,0.00899,0.00575,2303,87.0,78.02,60.2,997,High
EV000287,2026-01-12 02:05:00,361.98,138.81,50.25,90.27,32.8,27.1,398,159,32910.5,27.2,82.9,121.1,2.88,6.13,15.05,48.61,38.31,DC,96,0.00733,0.00329,1292,92.4,92.56,495.1,1861,Low
EV000231,2026-01-12 02:10:00,359.14,-153.36,-55.08,46.35,37.67,28.01,1749,736,214638.4,111.6,44.0,74.5,1.78,3.13,20.18,49.69,48.04,AC,77,0.01138,0.0067,2849,79.4,65.63,156.1,298,High
EV000265,2026-01-12 02:15:00,361.11,-146.56,-52.92,38.13,15.0,-0.72,2,2,44569.5,200.7,70.4,103.1,2.29,7.2,12.85,23.74,28.06,DC,89,0.00339,0.00239,2025,21.5,96.44,177.5,1992,Low
EV000041,2026-01-12 02:20:00,328.92,-37.82,-12.44,46.59,15.0,2.37,1213,597,120573.1,73.4,109.7,145.9,0.53,6.65,20.14,27.59,22.98,AC,123,0.00737,0.00584,2534,48.2,76.82,170.3,898,High
EV000037,2026-01-12 02:25:00,356.01,-141.56,-50.39,68.18,42.72,31.72,252,123,62524.6,108.6,87.7,121.0,2.02,7.85,24.69,49.62,57.46,DC,44,0.0039,0.00283,2682,25.5,89.65,216.8,1564,Medium
EV000220,2026-01-12 02:30:00,367.17,-199.88,-73.39,76.17,53.77,39.99,1445,862,25885.4,40.8,70.2,98.2,3.67,4.99,24.72,59.56,63.03,DC,113,0.01162,0.00609,646,81.7,70.02,193.6,542,High
EV000182,2026-01-12 02:35:00,345.81,-0.69,-0.24,57.14,32.1,16.11,549,170,102514.6,176.9,92.7,126.7,3.26,4.7,19.6,50.45,39.81,AC,67,0.00511,0.00436,1666,90.2,89.83,246.5,1567,Medium
EV000240,2026-01-12 02:40:00,333.12,-191.22,-63.7,57.58,15.0,0.62,1150,542,9174.8,2.8,107.7,153.7,0.56,0.14,12.58,27.32,27.51,AC,76,0.00922,0.00581,353,91.5,79.27,162.4,1086,High
EV000183,2026-01-12 02:45:00,376.37,-109.12,-41.07,62.47,21.89,4.38,1687,445,187174.4,146.8,44.7,62.2,2.85,0.68,15.91,38.74,35.28,DC,166,0.0113,0.00653,2950,68.9,69.91,180.8,551,High
EV000150,2026-01-12 02:50:00,366.54,136.72,50.11,33.45,38.86,26.48,1757,7,59556.4,223.9,58.7,100.5,0.65,4.36,17.68,49.45,47.62,AC,92,0.01119,0.00577,937,32.7,77.28,141.1,973,High
EV000034,2026-01-12 02:55:00,402.24,-66.24,-26.65,82.19,42.35,30.87,25,4,106287.8,210.7,68.0,105.3,3.48,6.71,23.6,55.69,56.3,DC,28,0.00521,0.00284,1567,76.1,95.61,383.8,2017,Low
EV000174,2026-01-12 03:00:00,407.98,-38.04,-15.52,17.58,40.54,29.44,800,66,75117.0,238.4,90.9,101.9,1.37,4.68,22.57,59.76,49.18,AC,54,0.00822,0.00415,2312,84.3,84.57,64.3,1365,Medium
EV000239,2026-01-12 03:05:00,345.55,70.31,24.3,79.6,15.0,3.57,919,311,85204.3,101.9,24.1,69.5,1.31,3.05,23.62,30.26,18.15,DC,117,0.00868,0.00553,1640,55.7,83.93,253.7,1282,Medium
EV000039,2026-01-12 03:10:00,375.2,7.75,2.91,96.87,27.32,21.79,1707,838,3131.3,75.7,49.7,80.1,2.58,5.6,16.06,36.5,40.6,AC,56,0.01081,0.00681,82,50.2,72.07,277.8,637,High
EV000166,2026-01-12 03:15:00,365.69,-207.46,-75.87,72.45,44.23,27.7,1543,863,86083.3,38.0,42.7,93.0,4.26,1.2,18.91,58.45,49.94,DC,64,0.0097,0.00692,2301,47.7,68.51,290.1,459,High
EV000154,2026-01-12 03:20:00,388.94,43.34,16.86,96.9,26.25,17.02,764,161,59298.1,53.0,49.2,74.1,1.92,3.47,16.35,43.35,36.07,AC,78,0.00592,0.00494,829,94.7,88.79,339.5,1533,Medium
EV000088,2026-01-12 03:25:00,359.84,-201.4,-72.47,89.03,41.12,30.3,1555,196,118553.8,57.4,70.3,109.2,2.44,3.93,24.85,56.73,52.03,AC,85,0.01196,0.00658,2145,40.8,74.44,352.6,762,High
EV000288,2026-01-12 03:30:00,363.08,11.33,4.11,18.58,15.0,1.07,1720,658,106176.1,105.5,39.0,56.7,1.02,2.19,15.29,30.96,26.07,AC,178,0.00934,0.00745,2184,82.0,70.23,64.5,549,High
EV000004,2026-01-12 03:35:00,323.39,-73.75,-23.85,7.04,29.29,23.88,1075,160,34446.0,62.3,89.2,127.7,3.86,3.33,12.89,46.24,36.75,DC,168,0.00787,0.00532,733,41.8,85.33,40.0,1421,Medium
EV000048,2026-01-12 03:40:00,345.74,-74.68,-25.82,80.12,34.41,18.33,902,444,58456.4,34.7,64.1,97.5,1.16,1.12,19.17,47.16,48.03,AC,169,0.00571,0.00494,1702,92.1,82.21,343.8,1267,Medium
EV000049,2026-01-12 03:45:00,397.84,195.06,77.6,99.9,20.6,9.89,464,105,251667.1,186.0,68.4,96.3,3.34,4.84,24.89,30.67,28.67,AC,49,0.00594,0.00417,3312,40.8,88.23,488.3,1529,Medium
EV000099,2026-01-12 03:50:00,325.42,-52.92,-17.22,46.87,39.73,31.64,536,189,202518.5,30.5,35.7,86.8,3.9,6.95,12.84,59.65,44.21,DC,59,0.0067,0.00356,3213,93.0,86.02,151.4,1473,Medium
EV000145,2026-01-12 03:55:00,384.02,-44.43,-17.06,31.19,15.0,-0.36,1412,347,138792.9,174.0,104.2,122.1,1.31,5.12,19.85,32.55,29.94,AC,159,0.00879,0.00611,2237,32.8,75.16,92.0,872,High
EV000154,2026-01-12 04:00:00,333.08,177.4,59.09,57.59,15.71,11.86,1625,790,166228.1,140.2,26.0,84.1,3.2,3.88,14.78,30.04,26.97,DC,107,0.00907,0.00737,2095,49.7,68.51,223.9,441,High
EV000012,2026-01-12 04:05:00,359.14,66.38,23.84,66.62,34.14,24.08,912,182,186543.1,14.5,24.8,62.6,0.51,1.01,21.96,43.46,40.04,DC,46,0.0093,0.00529,2400,59.8,84.06,260.1,1272,Medium
EV000107,2026-01-12 04:10:00,379.88,214.41,81.45,67.94,15.0,-3.69,730,107,70243.0,143.4,27.7,71.9,1.54,2.06,12.46,32.74,25.16,AC,164,0.00589,0.00479,3182,26.9,85.57,287.9,1355,Medium
EV000298,2026-01-12 04:15:00,391.08,-83.8,-32.77,27.12,45.25,37.29,242,101,14627.2,173.6,105.7,160.2,0.76,2.22,18.41,64.57,57.66,DC,71,0.00677,0.00334,446,88.2,93.18,123.6,1896,Low
EV000284,2026-01-12 04:20:00,359.42,138.11,49.64,51.45,15.0,-3.49,136,10,102275.7,124.1,49.4,93.3,4.08,2.74,12.69,34.39,23.01,DC,141,0.00313,0.00256,2160,82.2,95.5,233.6,1916,Low
EV000049,2026-01-12 04:25:00,408.78,-113.95,-46.58,8.82,15.0,-9.31,1004,190,189192.2,63.4,26.2,62.6,4.41,4.73,15.95,26.0,25.36,DC,130,0.00867,0.00484,2716,63.7,81.68,40.0,1171,Medium
EV000288,2026-01-12 04:30:00,354.61,108.68,38.54,21.97,39.08,29.24,1412,515,147251.8,107.5,67.6,98.5,1.57,4.85,20.08,57.05,44.13,DC,47,0.00962,0.00676,3042,86.8,73.48,95.9,679,High
EV000132,2026-01-12 04:35:00,393.25,15.44,6.07,50.66,28.02,12.93,804,119,126062.5,222.4,93.8,123.9,1.67,1.69,21.01,44.53,38.14,DC,123,0.006,0.00421,1883,73.1,86.03,180.0,1399,Medium
EV000059,2026-01-12 04:40:00,345.2,-180.71,-62.38,31.36,27.24,11.8,753,128,28632.7,228.1,73.0,96.1,3.89,3.53,17.25,35.45,40.81,AC,148,0.0067,0.00492,448,85.0,90.1,126.9,1579,Low
EV000202,2026-01-12 04:45:00,368.48,175.56,64.69,95.97,15.0,-1.86,1650,699,78008.7,241.0,66.3,97.6,1.61,7.83,13.42,29.14,29.31,DC,52,0.01241,0.00673,1226,65.1,70.82,244.2,534,High
EV000193,2026-01-12 04:50:00,373.03,-2.6,-0.97,66.41,27.43,22.65,1723,185,145306.3,37.7,84.3,127.0,3.86,4.38,14.64,36.07,36.95,DC,123,0.00981,0.00717,2806,22.1,73.46,205.3,759,High
EV000156,2026-01-12 04:55:00,322.48,-88.55,-28.56,58.1,25.41,11.22,1755,747,22995.6,228.9,110.4,154.1,4.18,3.31,24.66,40.81,39.03,AC,44,0.00979,0.0072,544,52.6,70.68,161.7,538,High
EV000134,2026-01-12 05:00:00,326.6,196.32,64.12,16.64,35.51,30.5,586,338,68212.9,87.2,97.5,122.0,2.82,0.72,19.59,45.77,42.57,DC,39,0.00774,0.00467,3004,65.5,83.5,71.2,1255,Medium
EV000206,2026-01-12 05:05:00,390.29,-135.18,-52.76,76.16,48.47,41.34,431,27,61641.2,89.9,103.6,140.0,2.37,7.28,15.95,59.2,62.6,DC,15,0.00449,0.00367,1554,30.6,90.15,299.2,1590,Low
EV000197,2026-01-12 05:10:00,363.7,31.09,11.31,96.36,15.0,-4.7,19,6,127292.4,207.5,82.6,141.8,2.4,3.55,20.61,31.22,20.04,AC,55,0.00497,0.00316,1598,83.0,97.48,543.3,2049,Low
EV000132,2026-01-12 05:15:00,347.18,89.81,31.18,59.34,16.45,5.29,942,534,5679.7,33.5,85.8,97.2,4.48,3.76,16.5,27.03,21.25,AC,156,0.00589,0.00456,275,37.3,81.95,176.4,1130,Medium
EV000022,2026-01-12 05:20:00,368.25,-147.95,-54.48,38.85,22.05,12.7,851,290,184569.1,80.6,64.7,100.9,1.02,2.65,21.7,30.37,34.35,DC,25,0.00666,0.00487,2429,45.6,82.8,147.4,1314,Medium
EV000155,2026-01-12 05:25:00,389.31,-100.84,-39.26,82.46,42.97,30.02,631,352,63282.1,196.7,80.8,139.0,2.35,7.09,12.34,62.53,51.06,DC,133,0.00668,0.00382,809,57.8,85.78,420.9,1457,Medium
EV000073,2026-01-12 05:30:00,368.86,-66.15,-24.4,86.84,15.0,-5.3,894,387,61043.8,187.4,35.7,77.1,3.69,7.02,21.74,22.5,21.89,AC,23,0.00591,0.00433,1847,70.4,81.94,348.4,1254,Medium
EV000265,2026-01-12 05:35:00,324.94,-65.7,-21.35,51.82,39.7,34.68,996,255,49393.9,70.0,15.9,74.1,2.74,4.91,22.84,55.96,50.53,DC,59,0.00976,0.00438,1122,64.6,82.98,213.0,1281,Medium
EV000197,2026-01-12 05:40:00,334.85,-142.43,-47.69,49.89,34.13,19.74,1295,324,147810.4,11.4,52.7,97.6,0.64,2.0,21.51,43.22,47.99,DC,69,0.00879,0.00509,2369,32.5,77.96,154.0,987,High
EV000211,2026-01-12 05:45:00,321.19,41.47,13.32,24.19,28.49,24.42,382,209,10080.0,220.4,56.5,67.5,0.78,3.8,17.42,34.68,37.2,AC,164,0.00583,0.00328,212,45.7,93.71,106.5,1779,Low
EV000276,2026-01-12 05:50:00,402.56,23.03,9.27,46.21,28.31,14.3,389,2,29299.2,35.6,114.5,143.9,4.17,5.05,12.1,46.17,40.44,DC,123,0.00602,0.00376,657,23.0,95.39,154.7,1952,Low
EV000025,2026-01-12 05:55:00,324.44,-138.95,-45.08,62.62,41.64,36.03,126,72,7754.3,32.6,27.8,59.4,0.56,2.96,21.28,57.0,49.09,DC,44,0.00645,0.00315,183,41.5,97.57,225.8,2112,Low
EV000184,2026-01-12 06:00:00,379.84,-111.48,-42.34,25.34,15.0,-3.82,364,179,122967.2,164.5,114.8,174.3,0.47,5.22,12.6,25.06,26.75,AC,101,0.00661,0.00307,2332,63.5,91.5,95.6,1692,Low
EV000062,2026-01-12 06:05:00,390.26,77.96,30.43,95.9,15.0,2.0,800,321,46211.0,205.5,110.2,148.4,1.79,1.96,22.56,20.49,26.16,AC,76,0.00784,0.00436,720,73.5,85.58,351.0,1404,Medium
EV000148,2026-01-12 06:10:00,388.65,164.25,63.84,95.36,40.63,34.95,1391,100,191459.6,171.0,104.5,162.8,4.28,4.69,19.5,47.3,54.27,DC,98,0.01119,0.00636,2617,67.5,78.64,402.5,952,High
EV000210,2026-01-12 06:15:00,325.03,187.83,61.05,49.35,15.0,6.18,652,119,38774.5,126.2,86.2,113.6,0.64,6.6,14.5,34.81,22.03,AC,103,0.00668,0.00447,1053,82.7,90.16,233.6,1653,Low
EV000219,2026-01-12 06:20:00,349.66,-148.21,-51.82,37.93,45.92,40.24,88,0,60024.1,102.4,30.4,49.1,3.27,0.33,23.28,64.75,57.1,DC,129,0.0048,0.00341,1337,75.9,95.91,136.3,1944,Low
EV000067,2026-01-12 06:25:00,395.74,187.85,74.34,98.24,44.27,40.86,1766,864,36095.2,22.8,70.1,116.5,1.5,4.29,12.17,53.23,55.85,DC,77,0.01063,0.008,1084,43.5,68.01,268.6,384,High
EV000272,2026-01-12 06:30:00,344.78,-83.83,-28.9,70.89,43.37,40.37,1404,60,67961.2,25.7,90.8,144.4,2.67,6.76,19.77,63.26,49.98,DC,175,0.0085,0.00505,3201,79.2,75.63,235.9,912,High
EV000198,2026-01-12 06:35:00,336.75,209.22,70.45,91.63,32.57,21.19,86,38,18921.5,92.4,77.9,133.9,1.57,5.65,12.85,43.05,36.69,DC,90,0.00249,0.00255,263,84.0,96.86,357.8,1984,Low
EV000214,2026-01-12 06:40:00,402.65,71.82,28.92,56.16,15.0,-0.7,902,247,14511.8,202.7,26.5,38.7,1.7,4.55,24.17,22.15,22.19,DC,129,0.00926,0.00488,264,47.0,85.75,186.0,1360,Medium
EV000270,2026-01-12 06:45:00,406.69,11.93,4.85,87.11,38.94,27.88,315,166,131978.8,227.0,42.5,69.4,1.04,5.62,12.15,55.08,53.43,AC,180,0.00389,0.00343,2446,30.7,90.13,421.7,1690,Low
EV000282,2026-01-12 06:50:00,347.12,-137.18,-47.62,56.41,44.37,29.7,936,447,94150.4,87.2,90.2,112.0,3.15,6.57,12.24,62.54,48.55,DC,22,0.00959,0.00573,1810,35.7,80.66,198.4,1068,Medium
EV000043,2026-01-12 06:55:00,374.88,74.97,28.1,93.23,15.0,-5.76,864,434,270135.5,163.1,37.3,84.5,2.16,6.95,23.85,23.04,23.29,AC,88,0.00646,0.00493,3540,59.3,79.71,416.5,1098,High
EV000056,2026-01-12 07:00:00,331.14,-154.27,-51.08,19.3,34.6,22.36,588,152,49263.9,100.5,66.8,111.5,1.22,3.91,23.75,51.79,40.81,DC,16,0.00734,0.00472,1463,39.1,88.47,91.6,1609,Medium
EV000060,2026-01-12 07:05:00,359.08,49.51,17.78,5.74,15.0,-5.71,1292,176,7666.7,34.4,105.5,123.7,3.2,6.21,17.44,30.16,25.26,AC,59,0.01032,0.00496,157,91.1,81.3,40.0,1244,Medium
EV000033,2026-01-12 07:10:00,342.72,-46.54,-15.95,8.99,15.0,-2.25,1342,788,28783.4,94.6,74.1,119.7,2.63,4.99,14.07,24.64,20.5,AC,40,0.00973,0.00622,1034,52.8,73.37,40.0,745,High
EV000037,2026-01-12 07:15:00,394.27,196.2,77.36,72.94,21.14,9.78,1193,541,7756.3,73.1,57.0,75.3,1.25,6.35,17.6,32.68,24.7,DC,80,0.00935,0.00543,320,58.0,79.64,203.9,1030,High
EV000149,2026-01-12 07:20:00,359.63,131.42,47.26,81.72,49.41,38.16,1321,302,60167.4,54.2,65.3,79.2,0.63,2.38,17.43,63.19,59.84,AC,53,0.00743,0.00557,2396,94.3,77.11,287.9,880,High
EV000043,2026-01-12 07:25:00,331.19,177.22,58.69,99.45,33.54,25.48,1112,447,97684.6,45.2,31.9,69.1,2.75,2.29,14.17,45.33,45.18,DC,29,0.00882,0.00525,1406,63.1,79.24,375.8,1007,High
EV000223,2026-01-12 07:30:00,402.42,103.14,41.51,36.03,32.8,17.11,132,27,59688.8,182.6,62.9,118.9,2.85,0.3,17.93,40.59,38.66,AC,152,0.00399,0.0035,979,52.4,95.32,156.7,2002,Low
EV000277,2026-01-12 07:35:00,375.13,-50.7,-19.02,18.76,18.74,4.83,188,19,256063.0,98.1,30.4,40.9,2.33,4.15,24.92,37.21,30.11,AC,45,0.006,0.00339,3470,22.9,92.77,62.8,1781,Low
EV000248,2026-01-12 07:40:00,327.38,-184.42,-60.37,17.27,15.0,-6.59,823,369,253160.8,7.2,114.9,134.7,3.54,3.37,22.04,31.12,28.74,AC,41,0.00564,0.00505,3469,71.6,81.45,58.7,1208,Medium
EV000154,2026-01-12 07:45:00,334.01,-149.22,-49.84,78.16,36.26,19.29,1291,277,54970.6,100.4,53.4,85.3,0.29,1.19,14.01,50.98,46.15,AC,52,0.009,0.00622,2441,52.5,76.6,272.4,934,High
EV000278,2026-01-12 07:50:00,357.24,-55.14,-19.7,39.59,15.0,-3.09,727,145,70881.9,72.9,91.7,109.8,3.56,7.37,19.14,27.78,23.03,DC,172,0.0083,0.00478,1633,30.1,87.35,129.6,1573,Medium
EV000189,2026-01-12 07:55:00,383.09,98.96,37.91,79.0,27.03,17.58,1348,506,44401.4,229.3,109.3,135.9,2.88,5.79,22.16,46.48,37.51,AC,68,0.00773,0.00632,810,33.0,78.74,287.0,1082,High
EV000012,2026-01-12 08:00:00,381.98,-112.27,-42.88,51.82,27.08,17.91,1498,543,65567.7,246.3,80.1,101.6,4.26,0.3,15.04,38.25,39.81,DC,32,0.01172,0.00599,1379,41.1,74.95,227.9,900,High
EV000052,2026-01-12 08:05:00,322.42,11.75,3.79,71.85,15.0,-2.4,643,291,13035.7,243.0,39.2,77.9,3.13,7.27,13.85,34.16,21.19,AC,110,0.00732,0.00469,193,24.3,89.94,330.5,1597,Medium
EV000230,2026-01-12 08:10:00,405.6,-63.74,-25.85,94.61,47.45,34.2,485,119,70454.4,211.3,32.0,46.6,4.27,6.81,23.37,64.7,62.15,DC,174,0.00445,0.0032,1058,46.9,89.0,328.9,1624,Medium
EV000274,2026-01-12 08:15:00,366.28,183.31,67.14,99.48,41.08,31.99,1364,512,81706.7,186.9,42.2,98.1,1.9,5.86,21.86,49.83,45.48,AC,132,0.01087,0.00571,2043,67.1,74.47,309.5,806,High
EV000298,2026-01-12 08:20:00,323.02,181.44,58.61,59.71,27.73,11.35,243,130,46602.9,173.3,22.9,57.8,3.0,3.09,14.29,35.41,31.95,DC,65,0.00495,0.00413,831,58.2,95.06,310.4,1947,Low
EV000009,2026-01-12 08:25:00,386.9,76.56,29.62,27.4,52.23,35.39,195,32,17444.4,39.0,102.5,142.9,0.43,7.66,21.0,59.61,61.47,DC,109,0.00669,0.00328,476,55.1,94.88,91.7,1875,Low
EV000183,2026-01-12 08:30:00,352.02,-133.63,-47.04,44.19,15.0,-8.84,1294,241,144416.9,46.8,95.5,145.2,1.09,7.9,12.14,28.96,23.83,DC,75,0.00926,0.00595,2586,48.9,77.68,125.5,905,High
EV000259,2026-01-12 08:35:00,389.18,-149.71,-58.27,82.64,38.36,33.76,1590,901,26018.8,98.6,66.2,92.0,4.28,2.26,21.91,56.55,49.93,AC,143,0.00968,0.00661,352,32.8,70.77,320.7,662,High
EV000037,2026-01-12 08:40:00,333.01,-4.1,-1.37,85.03,34.21,24.18,504,32,269738.7,83.9,48.0,87.1,0.3,5.01,13.1,44.22,39.19,AC,49,0.00525,0.0031,3390,20.5,89.38,444.9,1672,Medium
EV000031,2026-01-12 08:45:00,335.89,-91.17,-30.62,30.37,15.0,-2.99,984,78,38689.4,126.5,27.0,52.4,1.7,0.93,23.93,34.67,23.74,AC,117,0.00926,0.00459,1267,52.3,85.35,140.6,1454,Medium
EV000286,2026-01-12 08:50:00,336.93,-4.37,-1.47,53.75,31.9,17.66,888,58,113090.5,125.4,45.1,66.6,1.37,5.75,16.98,46.77,38.21,AC,149,0.00656,0.00432,3435,21.5,84.36,237.8,1357,Medium
EV000107,2026-01-12 08:55:00,391.9,100.3,39.31,58.24,17.17,2.68,653,135,80366.1,222.2,118.0,149.1,0.92,2.48,20.2,30.0,32.02,AC,108,0.00468,0.0036,2611,66.5,86.89,259.4,1531,Medium
EV000260,2026-01-12 09:00:00,326.01,-169.59,-55.29,88.05,25.41,21.17,944,9,12932.7,243.4,30.3,40.9,3.88,2.1,15.68,38.13,31.88,AC,104,0.00603,0.0049,358,62.7,88.1,401.2,1482,Medium
EV000013,2026-01-12 09:05:00,332.63,23.62,7.86,73.42,47.69,39.56,1613,468,24101.8,50.6,49.8,105.1,0.2,0.64,16.58,55.0,58.89,DC,74,0.01069,0.00585,1058,67.8,72.4,244.3,751,High
EV000175,2026-01-12 09:10:00,380.36,-145.12,-55.2,38.44,46.09,36.8,55,24,71435.4,38.8,98.5,115.1,1.04,3.09,18.65,64.41,60.4,AC,143,0.00287,0.00222,1530,41.1,95.53,143.8,1916,Low
EV000163,2026-01-12 09:15:00,336.63,-1.26,-0.42,49.39,15.0,1.13,254,143,49455.2,140.2,39.1,89.8,0.97,3.08,16.11,22.28,22.63,AC,96,0.00362,0.00322,1551,84.0,93.7,191.1,1890,Low
EV000052,2026-01-12 09:20:00,369.58,-18.26,-6.75,28.13,56.39,41.97,189,16,110942.8,179.6,51.3,78.0,2.54,6.86,23.18,66.78,64.78,AC,110,0.005,0.00327,1746,88.7,92.86,113.9,1809,Low
EV000225,2026-01-12 09:25:00,348.99,202.28,70.59,75.29,16.12,8.52,1616,452,44606.3,158.0,37.2,78.6,0.3,5.84,22.36,35.68,23.97,AC,123,0.01004,0.00613,1651,72.5,74.03,326.9,841,High
EV000041,2026-01-12 09:30:00,409.72,-148.95,-61.03,66.16,15.0,3.18,331,59,211033.9,45.8,94.2,145.7,0.94,4.42,16.12,30.33,22.26,AC,144,0.00482,0.00341,3135,92.3,89.85,329.0,1596,Medium
EV000035,2026-01-12 09:35:00,339.84,-48.22,-16.39,8.88,15.0,1.49,572,312,34288.1,165.3,83.3,99.5,0.96,5.04,14.85,25.89,20.92,AC,54,0.0068,0.00381,574,47.3,88.2,40.0,1581,Medium
EV000276,2026-01-12 09:40:00,370.99,72.89,27.04,88.95,48.89,31.22,1794,715,59930.4,101.1,41.2,69.5,1.82,2.93,19.39,66.0,55.42,DC,139,0.01001,0.0071,2326,75.3,65.69,344.6,304,High
EV000227,2026-01-12 09:45:00,368.9,50.4,18.59,63.79,28.87,23.38,1126,399,166836.3,192.4,118.8,145.4,0.78,6.58,14.33,34.14,32.72,DC,30,0.00978,0.0052,2944,94.0,77.72,263.4,909,High
EV000152,2026-01-12 09:50:00,407.12,-158.05,-64.35,71.09,26.9,16.66,960,105,209542.4,214.6,90.5,135.6,0.3,0.31,23.02,34.7,35.94,DC,39,0.00982,0.0046,2894,57.4,83.68,247.1,1267,Medium
EV000252,2026-01-12 09:55:00,330.2,-183.7,-60.66,9.06,19.2,7.15,1117,599,2766.6,183.7,32.0,86.7,1.23,7.58,24.06,28.05,25.63,DC,46,0.0085,0.00577,93,51.8,81.62,40.0,1176,Medium
EV000027,2026-01-12 10:00:00,321.13,-9.12,-2.93,26.15,33.27,20.35,1517,426,96730.9,157.1,115.9,147.9,3.13,2.3,17.17,42.36,36.83,DC,59,0.01079,0.00702,2221,43.7,73.07,86.3,774,High
EV000222,2026-01-12 10:05:00,362.57,-15.54,-5.64,60.74,15.0,-1.91,951,375,61725.1,195.6,55.7,66.7,2.05,7.54,16.03,33.84,20.06,DC,41,0.0094,0.00452,1919,26.9,81.42,217.3,1197,Medium
EV000252,2026-01-12 10:10:00,342.04,51.47,17.61,37.55,28.71,23.92,1111,373,147302.6,213.0,67.0,118.4,2.12,1.25,17.56,48.0,38.49,DC,172,0.00781,0.00568,3453,24.0,76.6,149.8,882,High
EV000245,2026-01-12 10:15:00,389.16,-187.01,-72.78,45.46,33.94,25.08,1015,199,166744.2,105.0,21.6,53.6,2.03,5.96,21.14,46.35,42.43,DC,177,0.00609,0.00461,3397,91.3,81.1,137.9,1105,Medium
EV000025,2026-01-12 10:20:00,337.44,67.63,22.82,48.71,15.0,-9.92,1526,553,92097.7,145.9,21.0,76.4,3.07,2.23,20.59,22.54,21.43,DC,23,0.00929,0.00577,2283,35.9,71.61,143.9,607,High
EV000187,2026-01-12 10:25:00,380.15,209.51,79.65,97.88,15.0,-8.69,1389,269,47903.0,146.8,91.6,101.7,0.84,7.56,12.27,27.39,21.16,AC,68,0.0105,0.00604,904,34.8,79.97,434.8,1137,High
EV000023,2026-01-12 10:30:00,407.44,217.28,88.53,91.58,23.89,6.52,1639,328,8450.0,158.6,68.8,104.7,3.2,4.14,23.05,43.27,29.48,DC,130,0.01213,0.00661,374,31.4,76.26,259.3,866,High
EV000193,2026-01-12 10:35:00,405.99,67.96,27.59,53.74,15.0,-5.41,1632,809,42755.3,51.5,94.8,136.6,2.24,5.7,14.51,25.33,21.5,AC,126,0.01174,0.00768,573,22.2,70.83,170.8,580,High
EV000052,2026-01-12 10:40:00,353.82,-213.62,-75.58,26.35,26.42,20.98,1492,830,55245.9,182.7,43.2,84.2,2.71,5.01,18.01,43.75,39.94,AC,64,0.00916,0.0072,732,74.0,73.78,87.4,726,High
EV000209,2026-01-12 10:45:00,349.66,196.57,68.73,84.68,15.0,-4.25,1800,767,22808.0,147.4,23.1,61.7,1.17,4.45,23.97,26.91,25.7,DC,169,0.01036,0.00766,590,53.8,69.82,236.4,599,High
EV000025,2026-01-12 10:50:00,354.94,160.77,57.06,74.5,23.01,10.32,998,173,48989.7,17.6,116.5,163.6,4.27,7.3,12.83,41.93,36.18,AC,106,0.00949,0.00424,2175,35.7,82.17,272.0,1247,Medium
EV000165,2026-01-12 10:55:00,390.01,43.76,17.07,20.5,15.0,-1.73,1511,596,93681.9,173.1,64.4,96.3,0.8,2.16,21.02,20.07,24.98,DC,172,0.01014,0.00636,1447,29.3,74.49,77.9,852,High
EV000178,2026-01-12 11:00:00,375.64,-115.27,-43.3,70.92,15.0,-0.83,163,86,201592.0,167.0,24.4,39.0,2.25,2.64,22.51,33.8,28.08,DC,150,0.00581,0.00323,2825,47.9,92.32,351.8,1706,Low
EV000088,2026-01-12 11:05:00,407.59,-110.99,-45.24,34.02,20.93,5.16,147,39,149538.6,163.3,17.9,69.3,4.37,6.73,19.09,40.89,27.1,DC,149,0.00622,0.00382,2047,86.9,94.84,153.8,1854,Low
EV000087,2026-01-12 11:10:00,332.74,-130.24,-43.34,38.89,26.27,14.28,1431,548,121056.5,188.1,119.7,143.4,1.18,2.48,19.24,32.98,30.46,DC,92,0.00808,0.0056,1797,24.6,75.22,139.4,833,High
EV000149,2026-01-12 11:15:00,369.9,121.14,44.81,85.13,15.0,-8.57,372,156,84067.1,235.0,98.1,121.2,3.04,6.62,16.53,32.51,20.76,AC,170,0.00418,0.00298,2187,30.4,91.16,327.9,1748,Low
EV000005,2026-01-12 11:20:00,365.63,75.08,27.45,85.64,15.0,-2.14,593,30,20972.5,170.8,90.6,107.6,0.91,1.94,24.99,31.11,29.71,AC,56,0.00803,0.00391,268,87.5,92.57,368.8,1733,Low
EV000054,2026-01-12 11:25:00,356.73,112.64,40.18,42.04,15.0,-8.68,918,387,184364.5,25.2,32.6,43.7,1.49,3.66,15.65,20.25,24.37,DC,82,0.00829,0.00442,2831,59.5,81.89,200.3,1240,Medium
EV000207,2026-01-12 11:30:00,396.29,110.42,43.76,80.3,17.31,10.68,65,1,15010.2,181.5,107.6,156.3,4.06,4.41,24.95,32.45,23.61,DC,84,0.00506,0.00281,225,34.9,98.98,412.8,2165,Low
EV000084,2026-01-12 11:35:00,332.62,130.35,43.36,43.37,26.79,19.92,561,259,45890.4,50.3,44.9,80.4,4.12,3.83,13.05,36.15,39.26,AC,48,0.00667,0.00372,798,53.6,90.51,194.5,1720,Low
EV000159,2026-01-12 11:40:00,407.54,187.48,76.41,34.0,45.61,33.1,539,23,127464.6,186.1,30.1,53.9,0.52,5.45,21.84,63.18,52.07,DC,88,0.00446,0.00401,3506,80.4,85.86,159.0,1472,Medium
EV000205,2026-01-12 11:45:00,407.01,-75.6,-30.77,11.09,38.18,34.94,1635,219,113311.2,170.4,95.4,141.8,1.41,5.82,13.21,44.21,44.77,DC,106,0.01199,0.00608,1991,30.4,74.15,40.0,698,High
EV000264,2026-01-12 11:50:00,341.54,10.61,3.62,51.37,23.36,14.86,95,51,5967.8,24.8,73.4,125.3,3.42,6.54,14.94,41.03,28.46,AC,75,0.00364,0.00305,291,83.6,97.98,201.8,2149,Low
EV000038,2026-01-12 11:55:00,371.63,-181.92,-67.61,87.41,40.67,24.55,191,98,122920.5,74.9,77.8,92.9,3.45,4.88,12.93,50.32,47.09,DC,171,0.00505,0.00282,3129,93.0,92.2,287.3,1798,Low
EV000244,2026-01-12 12:00:00,333.58,-215.55,-71.9,87.59,37.27,21.83,1223,180,180047.8,35.3,116.0,156.3,3.11,5.9,14.32,55.79,49.79,AC,162,0.01055,0.00614,2717,91.2,79.83,331.3,1112,High
EV000047,2026-01-12 12:05:00,333.1,146.27,48.72,19.09,25.42,19.08,277,30,22265.1,98.6,51.6,89.6,1.69,2.7,13.49,41.38,35.88,AC,97,0.004,0.00292,485,70.4,96.56,98.4,2065,Low
EV000008,2026-01-12 12:10:00,387.93,-30.53,-11.84,20.78,23.48,6.24,1189,335,81542.1,140.1,61.8,91.3,4.32,6.36,20.0,37.94,27.36,AC,74,0.00757,0.00532,1088,41.1,81.7,79.5,1250,Medium
EV000080,2026-01-12 12:15:00,344.66,54.96,18.94,85.37,29.12,12.62,419,162,248407.6,168.7,77.1,123.2,2.54,5.5,21.48,48.63,41.01,AC,149,0.00451,0.00439,3372,69.0,88.34,310.5,1549,Medium
EV000090,2026-01-12 12:20:00,360.67,-18.19,-6.56,57.68,31.91,16.06,1448,421,51823.1,216.6,56.2,112.5,2.28,0.95,13.63,49.47,35.01,AC,146,0.00893,0.00585,2005,78.3,74.75,218.1,787,High
EV000051,2026-01-12 12:25:00,393.91,10.89,4.29,53.94,15.0,0.6,289,115,124101.0,45.3,90.9,145.8,2.17,6.59,15.16,25.0,25.13,AC,92,0.00438,0.00324,1838,91.5,92.54,265.6,1805,Low
EV000048,2026-01-12 12:30:00,332.58,19.13,6.36,60.51,15.0,4.45,749,310,218629.5,31.4,90.7,123.1,2.77,1.72,23.4,20.96,25.75,AC,173,0.00701,0.00481,2895,65.1,82.52,225.3,1171,Medium
EV000210,2026-01-12 12:35:00,385.24,16.88,6.5,54.82,28.42,16.62,765,419,70517.4,201.7,30.8,50.1,1.77,7.32,18.8,40.52,38.61,AC,150,0.00541,0.00465,2955,39.2,81.42,191.2,1100,Medium
EV000272,2026-01-12 12:40:00,362.72,194.85,70.68,61.57,43.36,30.62,300,156,195897.6,13.0,61.3,106.8,2.05,4.46,19.48,61.61,56.12,DC,151,0.00693,0.00359,3313,55.7,89.8,196.9,1686,Medium
EV000239,2026-01-12 12:45:00,404.77,-127.23,-51.5,25.11,15.0,-8.81,185,84,53783.8,195.4,72.8,124.3,2.76,1.85,24.47,33.2,23.31,DC,87,0.00343,0.00367,694,65.3,97.08,111.8,2115,Low
EV000021,2026-01-12 12:50:00,368.93,32.44,11.97,12.46,19.19,12.95,859,34,13053.3,215.6,106.8,132.8,4.32,4.63,13.83,31.39,32.81,DC,57,0.00663,0.00445,455,35.7,89.08,43.0,1574,Medium
EV000176,2026-01-12 12:55:00,365.12,-181.69,-66.34,21.18,38.28,24.99,1424,321,16827.7,175.5,70.2,109.0,2.06,2.92,12.4,44.95,41.98,AC,24,0.01163,0.00655,739,50.4,77.49,81.8,911,High
EV000088,2026-01-12 13:00:00,360.05,215.71,77.67,5.27,15.0,-3.56,997,274,180512.1,105.6,50.3,96.2,0.9,5.38,13.64,26.6,19.5,DC,27,0.00706,0.00472,3587,83.0,78.99,40.0,999,High
EV000019,2026-01-12 13:05:00,357.25,-191.51,-68.42,72.76,15.0,1.48,390,191,39703.0,93.2,83.6,129.0,2.78,1.25,18.81,33.59,25.3,AC,43,0.00603,0.00407,653,51.1,91.89,237.8,1777,Low
EV000023,2026-01-12 13:10:00,358.94,-162.04,-58.16,56.5,19.29,10.26,1409,474,207622.3,129.4,90.0,142.5,2.89,6.21,12.81,36.36,32.91,DC,77,0.00811,0.00661,3603,86.9,72.04,204.0,740,High
EV000139,2026-01-12 13:15:00,384.32,-0.95,-0.37,86.3,15.0,-8.64,1686,575,93595.2,228.9,98.4,152.7,4.23,7.02,12.5,32.07,23.16,DC,138,0.00966,0.00669,1375,82.6,72.67,288.6,771,High
EV000138,2026-01-12 13:20:00,356.91,-75.09,-26.8,28.5,15.0,1.45,1774,102,114747.6,23.5,48.7,81.9,3.47,4.41,18.49,20.81,29.82,AC,114,0.01248,0.00605,1979,80.7,73.87,125.9,821,High
EV000113,2026-01-12 13:25:00,339.73,-90.58,-30.77,76.0,47.82,33.8,1232,434,154503.8,249.7,53.2,86.8,1.22,2.35,22.72,53.84,52.1,AC,128,0.00737,0.00527,3339,25.7,74.94,253.0,798,High
EV000249,2026-01-12 13:30:00,373.0,-184.77,-68.92,38.3,45.13,27.48,408,198,136468.3,111.6,15.1,30.9,3.94,7.36,23.13,61.81,54.73,DC,29,0.00605,0.00418,2440,87.9,87.95,151.1,1585,Medium
EV000119,2026-01-12 13:35:00,384.36,111.01,42.67,39.68,41.34,33.97,3,2,187624.1,247.0,73.7,93.2,3.94,5.85,20.33,48.7,50.7,DC,67,0.00551,0.00284,3449,92.3,93.88,139.1,1823,Low
EV000137,2026-01-12 13:40:00,347.27,155.94,54.15,84.43,41.1,36.24,1429,649,71666.2,197.5,111.4,162.0,3.36,1.97,20.63,48.51,47.8,AC,41,0.01005,0.00631,1039,93.0,73.91,367.6,776,High
EV000083,2026-01-12 13:45:00,353.7,82.03,29.01,82.05,17.06,6.84,1412,824,33656.4,175.4,62.4,102.8,0.75,2.77,12.04,33.95,25.28,DC,140,0.01002,0.00671,868,48.6,72.75,220.2,736,High
EV000118,2026-01-12 13:50:00,404.52,-164.48,-66.53,50.19,43.61,40.18,1454,413,173542.0,107.1,46.0,78.6,0.79,2.12,22.22,58.03,51.38,DC,77,0.01054,0.00569,2760,81.8,72.12,184.2,737,High
EV000239,2026-01-12 13:55:00,344.71,32.12,11.07,66.31,43.47,32.24,180,1,181971.9,249.1,25.4,77.3,1.86,6.41,18.23,50.04,47.41,DC,15,0.00542,0.00347,3452,53.4,92.13,232.6,1757,Low
EV000234,2026-01-12 14:00:00,358.63,-58.47,-20.97,8.42,15.0,10.85,558,98,27512.0,77.1,15.6,43.5,4.24,7.34,12.5,25.65,18.88,DC,129,0.00557,0.00397,465,49.5,92.79,40.0,1730,Low
EV000135,2026-01-12 14:05:00,321.44,20.98,6.74,18.6,29.34,11.7,1352,261,52907.6,224.8,79.8,112.6,0.38,1.81,14.69,43.98,38.88,AC,25,0.00976,0.00512,2001,61.3,79.21,52.0,1119,High
EV000268,2026-01-12 14:10:00,352.25,73.63,25.94,60.59,17.08,7.03,1544,593,56512.6,77.8,25.7,42.4,0.22,2.93,14.64,22.99,28.18,AC,140,0.01198,0.0059,770,64.8,75.41,167.6,776,High
EV000075,2026-01-12 14:15:00,387.33,-171.03,-66.24,20.46,15.93,1.16,448,81,16233.4,132.0,112.4,132.6,3.71,3.07,19.46,33.02,27.63,DC,83,0.00508,0.00382,318,79.5,93.07,93.2,1823,Low
EV000099,2026-01-12 14:20:00,375.07,67.48,25.31,68.42,18.72,11.07,1426,446,19600.3,102.0,60.3,76.2,0.55,7.08,20.38,31.65,23.34,DC,169,0.01029,0.00588,665,83.3,77.41,214.4,898,High
EV000290,2026-01-12 14:25:00,350.08,-197.92,-69.29,81.66,33.45,25.22,1450,720,96630.9,148.5,44.8,57.0,1.76,6.48,18.83,45.4,37.64,DC,140,0.01083,0.00648,2535,83.9,70.69,346.1,539,High
EV000203,2026-01-12 14:30:00,404.67,-184.43,-74.63,20.02,15.0,-7.85,1080,271,65640.9,51.0,74.6,129.0,3.09,4.9,21.3,22.87,26.39,AC,41,0.00786,0.00468,1127,93.8,83.26,78.2,1230,Medium
EV000219,2026-01-12 14:35:00,367.38,-110.86,-40.73,33.44,15.61,8.62,393,225,105382.5,45.9,40.7,59.0,3.13,1.07,16.37,24.47,27.19,AC,118,0.0046,0.00361,2385,27.0,88.28,155.2,1568,Medium
EV000114,2026-01-12 14:40:00,379.49,-87.62,-33.25,46.19,36.07,19.64,100,60,57862.5,82.1,47.3,94.6,2.13,6.41,19.63,55.91,39.83,AC,171,0.00357,0.00327,846,24.4,96.83,243.9,1989,Low
EV000173,2026-01-12 14:45:00,376.34,8.54,3.21,37.14,45.73,40.6,1298,478,29374.7,74.1,111.2,142.6,3.76,3.52,18.4,51.16,57.75,AC,35,0.0108,0.0066,946,67.6,75.9,99.2,925,High
EV000071,2026-01-12 14:50:00,328.34,-78.43,-25.75,78.79,31.28,18.3,1637,645,103983.5,103.7,24.3,69.8,1.92,7.59,16.32,47.66,42.78,DC,58,0.01213,0.0063,1476,21.5,72.21,212.1,668,High
EV000029,2026-01-12 14:55:00,383.05,-33.55,-12.85,52.02,22.64,14.26,12,2,163212.6,22.5,28.1,65.9,1.52,1.56,15.16,36.18,27.49,AC,174,0.00287,0.00328,2584,70.8,97.0,275.2,2105,Low
EV000115,2026-01-12 15:00:00,334.52,-112.19,-37.53,30.48,29.41,24.43,516,207,61510.1,42.0,97.9,156.8,4.04,7.13,24.11,35.82,33.7,AC,19,0.0061,0.0042,1321,42.3,89.68,113.5,1711,Medium
EV000170,2026-01-12 15:05:00,408.11,64.7,26.41,50.41,15.0,3.27,1369,300,160938.1,131.5,60.2,102.6,2.96,4.87,22.01,21.24,24.7,DC,42,0.00769,0.00541,2270,86.2,76.32,188.9,843,High
EV000009,2026-01-12 15:10:00,334.37,-68.24,-22.82,94.41,36.19,28.6,1698,152,84696.9,57.3,115.7,128.4,2.07,3.56,15.01,54.07,40.19,DC,162,0.01057,0.00559,3554,23.4,73.06,399.4,677,High
EV000270,2026-01-12 15:15:00,346.77,-0.48,-0.17,35.58,15.0,-5.66,1450,729,99739.5,157.1,72.5,117.1,0.4,6.35,22.48,32.84,27.14,DC,92,0.00942,0.0068,1761,66.0,72.04,123.2,671,High
EV000246,2026-01-12 15:20:00,320.96,-134.58,-43.2,60.65,28.75,12.27,667,114,255407.6,3.8,95.9,133.1,2.14,6.76,21.1,37.33,40.51,AC,118,0.0066,0.0042,3616,30.4,86.32,292.2,1511,Medium
EV000028,2026-01-12 15:25:00,347.17,-67.36,-23.38,41.81,22.13,10.59,1449,720,39498.2,47.7,86.3,99.1,3.31,4.67,24.2,27.57,34.35,AC,171,0.00839,0.00673,517,54.3,73.49,169.1,791,High
EV000114,2026-01-12 15:30:00,359.61,-94.07,-33.83,20.98,54.22,41.04,1014,462,74716.7,158.5,64.2,119.0,0.82,7.25,21.88,71.01,60.33,AC,36,0.00845,0.00497,2093,85.2,78.78,74.6,1072,High
EV000139,2026-01-12 15:35:00,394.08,29.4,11.59,32.34,55.22,40.72,1370,739,207816.5,134.6,44.9,98.1,1.15,1.46,22.2,70.11,66.2,AC,127,0.01081,0.00568,2855,88.4,70.03,81.4,499,High
EV000004,2026-01-12 15:40:00,378.32,-12.69,-4.8,79.16,16.61,5.7,1274,430,31323.8,236.2,110.0,158.3,1.61,5.26,24.87,36.36,26.19,DC,164,0.0073,0.00557,822,34.6,80.34,330.2,1186,Medium
EV000133,2026-01-12 15:45:00,392.84,-156.89,-61.63,20.24,15.44,8.8,1702,923,201331.7,227.3,80.5,130.0,1.26,6.58,17.55,29.92,27.63,AC,143,0.01016,0.00729,2849,48.7,65.36,49.9,306,High
EV000067,2026-01-12 15:50:00,345.93,-202.36,-70.0,7.01,15.0,-8.75,525,43,141178.3,3.0,71.4,115.9,1.35,3.18,19.01,31.91,18.8,DC,161,0.0041,0.00317,2704,93.3,89.12,40.0,1634,Medium
EV000028,2026-01-12 15:55:00,374.34,195.86,73.32,20.45,15.0,0.12,79,47,80983.7,95.1,86.0,135.7,2.8,3.67,22.66,27.47,22.5,AC,45,0.00538,0.00336,1171,25.6,96.24,86.7,1938,Low
EV000010,2026-01-12 16:00:00,332.27,31.35,10.42,16.79,35.58,18.71,216,10,67822.6,28.5,101.9,138.7,0.47,0.86,16.83,45.51,40.19,DC,168,0.00363,0.00323,1156,60.1,94.38,61.5,1835,Low
EV000096,2026-01-12 16:05:00,324.53,-54.24,-17.6,40.3,25.83,14.26,619,213,41683.2,165.8,99.5,148.9,3.98,1.34,23.91,39.6,36.51,DC,158,0.0063,0.00431,929,30.4,88.79,146.3,1525,Medium
EV000112,2026-01-12 16:10:00,397.08,-168.07,-66.74,33.12,15.0,3.52,822,188,8511.4,174.0,84.9,117.9,3.3,0.92,24.46,23.08,28.85,DC,149,0.00839,0.00504,342,80.2,87.28,124.6,1547,Medium
EV000092,2026-01-12 16:15:00,388.03,90.04,34.94,93.75,27.75,9.8,721,247,156798.5,160.1,77.9,121.4,1.03,2.54,14.74,36.83,38.2,DC,35,0.00757,0.00474,2622,69.5,85.42,388.7,1478,Medium
EV000048,2026-01-12 16:20:00,401.71,16.7,6.71,74.15,15.0,-4.04,865,322,123575.3,89.0,23.7,36.8,0.85,2.28,24.47,26.42,22.37,DC,173,0.00778,0.00533,2964,93.8,81.76,355.5,1181,Medium
EV000075,2026-01-12 16:25:00,344.12,-58.34,-20.08,16.05,31.9,16.74,1159,675,168294.1,187.3,78.2,98.2,2.56,1.89,21.68,41.97,44.61,AC,43,0.00673,0.00569,2533,69.6,75.24,65.8,765,High
EV000157,2026-01-12 16:30:00,335.94,192.47,64.66,16.03,35.99,18.75,1076,465,127556.8,83.3,69.3,83.3,2.0,3.24,20.91,43.79,43.36,AC,149,0.00825,0.00613,1703,29.5,78.68,47.0,992,High
EV000243,2026-01-12 16:35:00,326.54,139.82,45.66,48.84,25.93,22.31,1245,648,242397.1,90.3,83.6,140.2,0.97,5.69,21.65,33.66,37.33,AC,112,0.0098,0.00531,3175,27.3,73.36,212.9,813,High
EV000115,2026-01-12 16:40:00,347.64,200.62,69.74,18.94,43.65,40.43,857,507,82823.5,237.4,74.4,118.2,4.0,7.7,21.59,53.04,50.3,AC,89,0.00617,0.00508,3275,47.6,79.61,72.4,1017,High
EV000292,2026-01-12 16:45:00,398.61,69.6,27.74,95.38,48.67,34.55,5,1,146021.5,138.1,43.7,65.9,2.27,1.41,23.74,68.23,59.13,AC,47,0.00204,0.0022,3390,28.5,92.56,407.2,1727,Low
EV000220,2026-01-12 16:50:00,349.01,-1.79,-0.63,24.14,38.73,32.65,261,137,35861.2,72.0,91.4,143.3,2.82,6.84,23.49,48.25,44.4,DC,155,0.00693,0.00369,528,36.0,92.91,119.3,1766,Low
EV000150,2026-01-12 16:55:00,343.81,-32.08,-11.03,8.59,15.0,-3.0,11,3,104135.4,219.4,26.5,44.7,1.4,4.3,13.97,29.99,22.91,AC,102,0.00242,0.00276,2202,58.4,97.25,40.0,2067,Low
EV000049,2026-01-12 17:00:00,403.8,7.13,2.88,40.16,15.0,2.06,620,351,134567.0,153.7,54.7,84.8,4.22,0.62,13.49,21.6,18.37,AC,136,0.00721,0.00434,3451,83.3,84.53,131.5,1318,Medium
EV000011,2026-01-12 17:05:00,320.02,11.03,3.53,52.92,16.47,4.82,1414,665,147347.5,165.8,67.6,99.2,1.35,1.51,22.53,32.71,23.18,AC,143,0.01065,0.0058,2392,29.4,73.24,175.2,756,High
EV000031,2026-01-12 17:10:00,403.43,191.49,77.26,47.11,56.08,40.07,1591,349,193160.3,239.9,44.6,86.7,1.02,7.35,14.94,72.97,68.05,DC,42,0.00882,0.00637,2726,25.7,72.06,172.2,631,High
EV000221,2026-01-12 17:15:00,374.69,121.13,45.39,50.41,15.0,-2.73,1328,140,119811.9,221.2,102.5,131.4,0.63,0.22,17.17,30.09,19.42,DC,50,0.00799,0.00486,3093,59.6,77.41,138.8,886,High
EV000001,2026-01-12 17:20:00,345.12,110.01,37.97,89.9,37.46,21.47,1658,505,36744.9,162.5,31.8,88.6,2.54,2.97,14.53,49.36,48.11,DC,100,0.00955,0.00714,1032,70.2,72.7,388.8,685,High
EV000232,2026-01-12 17:25:00,338.38,-5.96,-2.02,57.31,15.0,8.88,1051,414,266898.9,36.1,61.9,119.3,0.51,7.84,24.22,29.55,26.09,DC,27,0.00657,0.00553,3384,70.1,78.29,242.3,972,High
EV000213,2026-01-12 17:30:00,344.5,141.81,48.85,58.66,35.74,25.9,1204,556,137049.2,131.9,92.4,118.5,3.04,0.52,24.42,55.42,47.29,DC,64,0.0083,0.0065,2271,90.4,75.41,202.0,905,High
EV000262,2026-01-12 17:35:00,355.51,-1.31,-0.47,13.65,38.53,26.87,791,374,153956.9,46.0,87.0,113.3,1.94,7.19,22.53,45.11,43.6,AC,117,0.00736,0.00427,2918,94.9,80.54,59.2,1115,Medium
EV000190,2026-01-12 17:40:00,399.46,31.61,12.63,51.95,16.67,10.56,605,155,66958.8,104.2,36.0,57.2,1.93,5.97,15.03,34.44,20.88,DC,178,0.0064,0.00347,865,70.9,91.09,222.4,1733,Low
EV000300,2026-01-12 17:45:00,363.98,-9.26,-3.37,59.63,15.4,10.9,1503,103,112195.0,149.5,109.0,134.9,2.08,5.87,16.93,27.1,19.26,AC,90,0.01003,0.00618,3636,45.9,74.58,184.6,871,High
EV000233,2026-01-12 17:50:00,335.63,7.08,2.37,35.43,15.0,-7.1,36,22,131626.6,68.4,32.6,81.0,2.98,2.56,13.86,23.44,18.4,DC,75,0.00482,0.00324,2887,41.5,93.92,119.6,1876,Low
EV000044,2026-01-12 17:55:00,396.9,-131.68,-52.26,33.1,45.29,27.52,1700,500,165737.2,149.8,50.1,89.7,1.98,0.86,17.69,60.25,54.83,AC,160,0.01232,0.00618,3391,75.2,68.01,118.2,361,High
EV000206,2026-01-12 18:00:00,392.64,160.34,62.95,76.59,15.0,-1.46,1495,692,95029.4,61.8,88.0,111.1,3.98,1.8,13.34,33.02,25.98,AC,130,0.01057,0.00681,2863,52.0,71.3,194.9,623,High
EV000151,2026-01-12 18:05:00,325.9,-10.18,-3.32,40.91,56.08,39.18,1732,596,1994.4,193.4,111.8,139.9,0.97,5.38,17.75,68.97,59.25,AC,29,0.01055,0.007,50,78.9,70.6,112.6,653,High
EV000098,2026-01-12 18:10:00,384.21,39.77,15.28,48.31,37.48,30.89,1163,358,76181.1,71.2,46.7,61.7,4.17,4.45,23.63,44.13,51.48,DC,85,0.01021,0.00532,2719,70.1,76.83,184.9,963,High
EV000239,2026-01-12 18:15:00,373.31,-132.55,-49.48,12.87,37.09,31.76,221,65,59039.7,36.5,106.7,126.1,1.09,3.65,13.62,53.71,45.05,AC,37,0.00307,0.00263,2950,63.8,92.22,55.6,1813,Low
EV000109,2026-01-12 18:20:00,378.08,67.83,25.64,43.97,25.66,21.41,984,590,54864.6,64.6,15.7,51.7,1.3,7.87,13.54,45.03,38.73,AC,168,0.00889,0.00576,2498,82.9,79.38,175.5,1135,High
EV000057,2026-01-12 18:25:00,398.63,160.27,63.89,87.38,20.96,11.5,1561,469,150190.8,11.1,54.1,71.6,2.13,2.51,18.33,37.1,29.2,DC,172,0.00842,0.0062,2966,66.1,71.75,288.8,636,High
EV000197,2026-01-12 18:30:00,348.36,-95.7,-33.34,76.09,15.0,-9.56,163,68,11041.8,191.1,96.7,140.8,1.55,3.64,14.64,34.83,26.36,AC,21,0.0028,0.0034,436,33.2,95.52,311.4,1932,Low
EV000030,2026-01-12 18:35:00,323.99,-198.78,-64.4,38.63,15.0,6.65,1446,116,224517.8,228.4,106.0,163.5,1.19,2.93,16.36,23.74,28.16,AC,134,0.01002,0.00512,3177,67.7,75.71,139.9,851,High
EV000269,2026-01-12 18:40:00,324.25,42.51,13.79,24.66,35.57,28.46,1550,577,116495.0,150.8,44.5,68.8,3.9,4.56,13.13,50.08,40.37,AC,93,0.01084,0.00621,3375,28.8,71.21,88.9,684,High
EV000217,2026-01-12 18:45:00,331.78,-206.77,-68.6,96.53,15.0,-6.76,1512,357,65845.5,18.1,48.1,101.9,1.05,7.21,23.63,28.11,23.75,DC,161,0.01032,0.00668,1686,23.7,76.25,378.8,923,High
EV000182,2026-01-12 18:50:00,344.34,-26.17,-9.01,91.25,26.67,14.28,904,379,73672.0,141.3,19.0,34.9,2.37,6.39,19.68,42.35,34.13,DC,66,0.00713,0.00439,1417,25.8,82.65,433.2,1284,Medium
EV000040,2026-01-12 18:55:00,342.92,-31.7,-10.87,72.0,15.0,7.41,752,310,17307.3,68.9,44.1,56.0,4.31,2.98,13.23,24.25,27.67,DC,29,0.00698,0.00428,528,69.0,86.84,346.1,1518,Medium
EV000200,2026-01-12 19:00:00,398.52,-208.23,-82.98,30.53,44.4,30.89,219,46,122279.5,241.9,72.0,111.5,0.9,6.59,21.87,56.68,56.35,AC,25,0.00451,0.00301,2006,23.0,91.71,161.9,1742,Low
EV000188,2026-01-12 19:05:00,338.72,219.64,74.4,38.42,15.0,-1.16,784,355,151081.8,143.7,36.5,84.4,2.92,4.7,22.9,28.03,28.07,AC,115,0.00728,0.00502,1902,70.5,84.55,135.8,1426,Medium
EV000138,2026-01-12 19:10:00,400.3,-187.06,-74.88,96.07,45.93,41.46,1516,564,12792.1,3.9,33.8,49.6,2.81,1.7,14.59,51.67,56.67,DC,76,0.01027,0.00695,170,87.3,74.53,395.7,823,High
EV000215,2026-01-12 19:15:00,382.11,126.13,48.2,94.8,42.14,33.01,142,19,38069.4,27.0,35.1,64.0,2.3,6.75,15.86,53.74,54.47,AC,39,0.00456,0.00358,658,51.9,95.53,504.7,1924,Low
EV000008,2026-01-12 19:20:00,405.05,122.2,49.5,98.03,15.0,-9.65,1244,446,11341.9,35.0,97.8,125.8,3.64,0.86,14.94,29.03,25.39,AC,41,0.0078,0.00639,467,46.6,78.76,416.9,1042,High
EV000147,2026-01-12 19:25:00,381.59,-35.12,-13.4,36.12,33.1,27.24,705,91,3556.8,58.7,64.5,112.9,4.02,3.16,13.69,45.75,43.54,AC,113,0.00846,0.00486,155,48.8,89.27,166.3,1655,Medium
EV000164,2026-01-12 19:30:00,409.37,169.32,69.32,30.55,15.0,0.52,1163,640,165925.6,204.0,112.1,124.2,4.29,7.81,17.52,29.05,29.11,AC,145,0.01055,0.00555,2360,69.5,75.12,130.7,786,High
EV000081,2026-01-12 19:35:00,369.67,98.69,36.48,43.52,23.15,8.48,655,52,91384.7,167.3,37.4,74.6,3.04,0.85,23.78,34.45,30.26,DC,54,0.00848,0.00467,3201,48.5,87.87,193.1,1482,Medium
EV000009,2026-01-12 19:40:00,350.07,43.9,15.37,31.33,25.75,22.01,1536,738,237312.9,140.9,72.0,118.3,2.54,3.85,22.83,34.23,40.49,DC,79,0.01211,0.0061,3260,78.1,69.81,122.6,493,High
EV000136,2026-01-12 19:45:00,336.51,92.3,31.06,88.13,25.93,16.58,1011,571,52985.4,206.1,113.9,132.6,1.72,4.86,24.31,37.0,34.27,DC,109,0.00968,0.00532,877,91.2,79.95,275.6,1077,High
EV000145,2026-01-12 19:50:00,403.75,41.39,16.71,31.26,27.29,10.24,530,166,91287.8,62.1,37.7,58.7,2.91,3.84,18.05,47.09,40.57,DC,118,0.00435,0.00415,2171,24.1,89.38,150.5,1637,Medium
EV000008,2026-01-12 19:55:00,408.75,149.29,61.02,43.8,19.89,7.69,626,197,68815.9,178.4,77.7,89.3,1.87,1.9,13.03,35.94,25.53,DC,95,0.00731,0.00368,1942,30.0,86.58,144.2,1389,Medium
EV000005,2026-01-12 20:00:00,327.01,-167.89,-54.9,19.96,43.59,28.21,1563,368,125892.9,34.6,40.8,67.5,3.8,3.85,16.34,56.87,47.65,AC,180,0.01138,0.0059,1724,90.9,74.23,67.8,749,High
EV000130,2026-01-12 20:05:00,337.67,-157.57,-53.21,80.69,23.33,16.9,1466,659,32563.4,240.5,104.0,158.5,2.44,6.72,19.14,31.5,35.51,DC,158,0.00979,0.00619,480,84.1,76.28,303.2,837,High
EV000037,2026-01-12 20:10:00,365.52,-93.0,-33.99,80.29,15.0,-5.25,1022,6,171963.0,157.5,52.3,78.4,3.85,5.32,22.38,20.52,22.07,DC,95,0.00836,0.0043,3482,42.7,83.5,306.9,1364,Medium
EV000057,2026-01-12 20:15:00,402.92,-130.74,-52.68,44.05,28.34,25.26,1510,454,60156.3,209.3,81.7,138.8,1.1,2.62,16.67,47.1,33.87,DC,43,0.01039,0.00655,2449,50.5,73.62,177.4,771,High
EV000202,2026-01-12 20:20:00,365.56,-49.87,-18.23,15.83,15.0,-1.94,104,21,37249.2,20.2,93.2,121.7,4.21,0.55,14.7,32.2,29.71,AC,53,0.00265,0.00343,533,79.7,97.46,88.7,2139,Low
EV000182,2026-01-12 20:25:00,345.64,-202.38,-69.95,76.43,36.31,32.92,513,121,126859.0,146.5,15.4,30.6,3.27,4.37,24.31,53.69,47.33,DC,48,0.00791,0.00374,1750,50.7,88.98,307.4,1663,Medium
EV000287,2026-01-12 20:30:00,327.67,179.02,58.66,45.17,15.0,8.51,294,85,33340.5,8.2,67.0,91.6,4.3,5.43,23.62,25.83,25.32,AC,105,0.00577,0.00361,1112,88.0,94.74,206.4,1848,Low
EV000279,2026-01-12 20:35:00,334.34,-210.82,-70.48,13.36,22.03,6.15,531,246,170269.2,89.2,90.1,102.7,1.78,7.2,12.27,41.76,31.45,DC,120,0.00781,0.00375,2957,44.4,87.62,58.9,1548,Medium
EV000153,2026-01-12 20:40:00,324.57,-137.2,-44.53,39.36,53.57,38.11,49,24,107172.7,249.3,104.7,154.5,0.65,1.28,13.69,70.8,66.44,AC,76,0.00396,0.00218,1343,64.7,95.37,143.5,1950,Low
EV000055,2026-01-12 20:45:00,343.02,-94.72,-32.49,9.21,15.68,2.79,56,6,8315.2,233.4,48.8,66.5,2.45,1.65,12.24,21.17,24.96,DC,28,0.00364,0.00299,125,60.2,99.31,43.6,2155,Low
EV000013,2026-01-12 20:50:00,323.28,-130.98,-42.34,74.69,15.4,5.81,710,407,53927.1,112.0,78.4,88.8,2.15,6.38,22.3,20.94,21.59,DC,79,0.00656,0.0044,1762,90.9,85.4,234.6,1326,Medium
EV000068,2026-01-12 20:55:00,343.69,113.49,39.01,35.29,27.29,17.05,1354,805,62337.2,112.0,92.0,114.7,3.13,3.59,15.29,44.99,35.52,DC,136,0.00906,0.00704,1004,56.4,74.29,141.1,728,High
EV000132,2026-01-12 21:00:00,373.5,79.57,29.72,55.39,15.0,7.59,560,272,17166.0,170.2,57.9,99.3,2.49,7.38,19.09,30.13,21.3,AC,132,0.00682,0.00431,551,22.6,88.89,223.8,1509,Medium
EV000188,2026-01-12 21:05:00,385.75,84.76,32.7,21.47,15.0,-1.11,1239,203,100337.7,15.0,54.3,109.4,0.91,0.4,19.95,32.35,27.25,DC,91,0.00855,0.00591,2528,21.8,80.34,60.5,1154,Medium
EV000214,2026-01-12 21:10:00,397.99,-39.74,-15.82,51.28,29.28,14.86,270,95,91581.1,202.0,82.6,118.8,3.54,6.79,21.25,34.76,40.75,DC,60,0.00439,0.00346,3155,28.5,90.36,219.6,1657,Low
EV000151,2026-01-12 21:15:00,351.55,-186.97,-65.73,12.42,15.0,-2.01,311,114,162164.0,4.7,52.0,104.8,2.23,2.57,20.36,29.21,23.8,AC,122,0.00713,0.00389,3485,70.9,89.15,63.8,1576,Medium
EV000175,2026-01-12 21:20:00,375.59,2.12,0.8,8.98,19.46,3.22,319,156,13521.6,24.5,105.9,139.3,3.71,2.81,20.67,32.75,24.74,AC,128,0.00363,0.0034,383,59.2,93.59,44.3,1865,Low
EV000061,2026-01-12 21:25:00,321.94,71.2,22.92,28.44,19.47,10.19,958,182,116077.9,62.0,24.4,60.0,4.11,3.84,19.94,26.97,34.06,DC,29,0.00699,0.00561,1775,77.7,83.05,122.2,1250,Medium
EV000074,2026-01-12 21:30:00,338.56,-16.47,-5.57,27.58,15.0,10.08,740,248,115658.7,247.5,81.5,109.7,1.15,4.28,14.38,24.75,20.03,DC,56,0.00814,0.00424,2653,66.7,83.49,93.6,1317,Medium
EV000166,2026-01-12 21:35:00,389.86,-64.87,-25.29,33.5,45.9,36.6,594,311,129577.5,182.3,107.4,144.4,2.41,0.53,19.98,58.53,54.44,AC,87,0.0054,0.00457,2030,39.6,85.74,108.7,1350,Medium
EV000140,2026-01-12 21:40:00,342.1,51.0,17.45,98.65,39.58,35.48,1383,14,198704.6,20.3,44.5,70.6,2.49,7.3,12.69,46.16,49.73,DC,38,0.00846,0.0058,2543,79.1,77.56,376.7,910,High
EV000279,2026-01-12 21:45:00,400.37,-162.04,-64.88,39.7,43.82,34.08,1506,878,217909.9,73.9,74.1,98.3,1.32,6.89,13.22,51.87,55.33,DC,83,0.01017,0.00643,3423,46.8,66.72,119.8,354,High
EV000198,2026-01-12 21:50:00,335.45,-96.75,-32.45,81.3,36.66,19.61,1349,56,129233.7,71.1,84.4,108.2,1.84,4.43,17.38,47.85,50.3,AC,110,0.00763,0.00505,2039,45.2,80.79,266.7,1124,Medium
EV000268,2026-01-12 21:55:00,404.37,159.47,64.48,7.57,48.18,36.45,1499,690,187768.7,201.8,100.8,151.6,4.25,7.98,23.6,55.34,62.65,AC,172,0.00955,0.00628,2495,73.1,70.84,40.0,558,High
EV000199,2026-01-12 22:00:00,339.45,82.82,28.11,58.44,42.87,34.71,1708,584,19749.2,88.5,65.3,80.5,2.73,4.3,15.65,59.02,47.67,DC,147,0.0114,0.00731,586,34.5,72.69,234.4,678,High
EV000213,2026-01-12 22:05:00,363.74,176.99,64.38,39.77,32.33,20.22,225,84,168962.2,242.7,91.5,114.3,2.82,2.81,19.86,42.12,41.51,AC,70,0.00371,0.00259,3213,67.9,90.27,167.3,1710,Low
EV000277,2026-01-12 22:10:00,345.34,-59.75,-20.64,80.82,34.94,19.71,125,67,232745.7,207.0,110.0,168.0,0.39,0.67,14.01,50.16,42.09,DC,37,0.00599,0.00251,3029,39.9,92.88,360.8,1872,Low
EV000267,2026-01-12 22:15:00,372.21,-11.39,-4.24,36.69,15.0,11.05,816,141,34983.5,239.1,82.5,99.5,1.57,7.72,15.97,23.99,19.8,AC,127,0.00683,0.00507,976,34.5,87.42,123.4,1541,Medium
EV000280,2026-01-12 22:20:00,330.38,-34.34,-11.35,54.02,15.0,-3.32,1641,174,142680.7,218.5,105.3,144.3,2.7,3.12,17.02,32.98,23.09,DC,88,0.01226,0.00692,2460,62.2,74.97,206.8,865,High
EV000182,2026-01-12 22:25:00,388.53,-42.3,-16.44,60.24,15.0,-2.48,1320,449,182388.8,243.3,71.7,84.1,2.9,6.42,16.94,24.26,21.7,DC,79,0.01046,0.00618,3134,91.9,76.04,256.0,850,High
EV000209,2026-01-12 22:30:00,348.65,-61.89,-21.58,41.07,20.01,5.45,348,143,199416.7,211.5,34.0,68.7,1.54,6.63,15.66,35.35,29.27,AC,57,0.0051,0.003,3189,67.4,89.63,178.9,1612,Medium
EV000222,2026-01-12 22:35:00,333.67,-3.73,-1.24,90.79,17.31,3.27,815,158,28462.6,183.7,105.1,164.4,4.21,4.99,13.69,22.32,28.88,DC,48,0.00659,0.00418,362,61.6,88.34,418.1,1598,Medium
EV000107,2026-01-12 22:40:00,342.75,183.66,62.95,47.38,45.57,37.55,668,362,12516.1,245.9,25.0,71.0,2.59,6.28,20.6,52.78,48.79,AC,71,0.00861,0.00386,605,81.0,85.06,208.2,1323,Medium
EV000030,2026-01-12 22:45:00,397.06,175.03,69.5,69.97,15.0,-6.31,841,246,7429.1,93.4,65.6,120.6,4.27,2.63,14.45,26.35,21.06,DC,120,0.00616,0.00494,239,32.2,87.84,359.9,1601,Medium
EV000068,2026-01-12 22:50:00,386.02,-162.56,-62.75,55.05,32.34,29.14,176,86,54828.6,159.8,60.7,73.1,0.59,6.81,18.15,49.72,35.57,AC,74,0.00468,0.0038,708,81.7,96.64,248.4,2051,Low
EV000163,2026-01-12 22:55:00,329.06,184.51,60.71,44.01,48.17,38.07,373,90,145761.8,5.3,25.0,54.4,2.43,1.5,12.95,55.24,58.07,AC,39,0.007,0.00393,2481,26.1,89.09,166.5,1590,Medium
EV000097,2026-01-12 23:00:00,347.83,-44.7,-15.55,85.62,15.0,0.82,754,25,111294.6,78.1,42.0,81.3,3.84,6.21,13.81,33.19,24.63,AC,150,0.00847,0.00486,3567,56.3,86.36,423.3,1416,Medium
EV000255,2026-01-12 23:05:00,395.81,8.44,3.34,16.04,45.86,40.16,461,277,70425.7,30.5,89.0,134.9,0.47,2.72,14.18,65.35,50.61,AC,16,0.00693,0.00472,2434,52.1,86.92,67.8,1437,Medium
EV000132,2026-01-12 23:10:00,399.27,-79.27,-31.65,52.49,52.95,38.19,723,392,21249.8,16.9,21.9,42.0,4.17,0.77,12.83,69.26,59.82,DC,22,0.00828,0.00455,549,45.4,83.77,184.7,1313,Medium
EV000062,2026-01-12 23:15:00,368.14,177.19,65.23,42.67,15.0,-9.75,1260,77,91445.7,136.5,19.2,50.2,1.2,3.75,16.01,25.83,28.04,DC,89,0.01062,0.00591,2173,93.5,80.68,121.0,1102,Medium
EV000050,2026-01-12 23:20:00,323.15,186.04,60.12,67.54,26.8,13.63,317,118,127697.5,49.3,46.9,98.7,3.55,3.8,13.88,39.85,33.98,DC,86,0.00521,0.00342,1900,85.8,93.16,317.7,1903,Low
EV000074,2026-01-12 23:25:00,374.6,179.77,67.34,33.5,41.86,24.89,694,301,113328.9,179.8,37.7,52.5,0.58,2.1,20.8,50.63,49.05,AC,16,0.00678,0.00395,2982,64.9,84.39,140.3,1419,Medium
EV000299,2026-01-12 23:30:00,398.79,196.85,78.5,43.54,36.78,22.2,819,351,147659.3,198.6,39.6,90.2,0.84,4.95,12.74,42.38,39.95,DC,30,0.00665,0.00521,2555,52.5,81.77,140.0,1246,Medium
EV000133,2026-01-12 23:35:00,360.41,-42.41,-15.29,22.51,42.52,31.28,308,81,169641.5,5.9,25.0,57.6,2.52,5.13,13.57,54.67,54.03,DC,147,0.0051,0.00274,2604,73.3,91.12,76.6,1670,Low
EV000035,2026-01-12 23:40:00,367.69,159.5,58.65,16.91,44.18,33.79,892,333,31237.5,60.5,101.1,156.4,0.55,3.02,16.86,57.49,53.38,AC,97,0.00688,0.00484,1057,70.4,83.91,79.4,1343,Medium
EV000038,2026-01-12 23:45:00,380.92,69.84,26.6,94.09,25.91,8.84,1710,356,84092.5,9.5,19.4,72.5,0.27,6.87,21.1,38.26,32.67,DC,73,0.01183,0.00673,2326,28.3,72.17,368.7,726,High
EV000117,2026-01-12 23:50:00,401.37,86.08,34.55,66.36,30.84,25.75,381,205,167999.8,25.8,43.1,68.3,0.59,1.55,14.88,41.47,40.98,DC,103,0.00656,0.00304,3267,93.3,88.59,271.3,1606,Medium
EV000262,2026-01-12 23:55:00,344.6,-59.29,-20.43,10.34,15.0,-2.04,810,434,20965.3,121.4,96.0,141.2,2.44,6.81,14.99,29.5,23.42,AC,36,0.00635,0.00435,383,46.5,85.76,45.3,1365,Medium
EV000195,2026-01-13 00:00:00,390.38,205.66,80.29,83.82,39.77,33.45,1116,335,79401.8,147.3,105.3,139.2,0.5,5.23,19.81,49.27,44.5,DC,166,0.00831,0.00495,1000,81.9,80.41,312.1,1105,Medium
EV000237,2026-01-13 00:05:00,404.07,-146.36,-59.14,43.6,39.29,23.36,959,401,129820.7,156.8,101.8,138.0,3.74,6.67,22.88,52.11,47.43,AC,128,0.00816,0.00533,1633,45.3,81.4,212.4,1169,Medium
EV000145,2026-01-13 00:10:00,326.46,-101.95,-33.28,87.8,15.0,-1.32,1445,420,194325.8,237.6,79.9,90.5,2.62,3.2,16.99,29.81,18.31,DC,64,0.01001,0.00561,2908,32.0,74.7,300.0,885,High
EV000259,2026-01-13 00:15:00,386.81,12.09,4.68,51.92,35.36,18.85,1738,424,196445.2,133.5,18.8,32.9,1.68,5.24,12.61,45.95,40.72,DC,104,0.01196,0.00608,2515,48.4,69.61,153.5,544,High
EV000151,2026-01-13 00:20:00,330.41,-147.06,-48.59,72.25,42.53,33.0,1050,97,7673.5,126.4,46.9,103.0,2.17,4.82,13.04,53.1,52.63,DC,101,0.0064,0.00535,351,41.9,84.05,335.4,1388,Medium
EV000287,2026-01-13 00:25:00,378.85,-139.0,-52.66,97.96,15.0,6.58,513,289,101862.4,113.2,76.8,88.6,1.49,4.55,18.54,22.5,23.79,AC,167,0.00778,0.0036,1493,90.5,89.24,416.5,1674,Medium
EV000139,2026-01-13 00:30:00,339.96,-198.93,-67.63,46.84,38.58,21.52,1408,696,112234.8,216.1,102.0,130.8,2.76,0.92,13.84,50.55,49.81,DC,110,0.00791,0.00644,3002,70.3,71.58,169.3,715,High
EV000298,2026-01-13 00:35:00,387.66,214.92,83.32,62.61,15.0,3.74,1316,245,157944.5,38.8,92.0,104.6,0.47,0.58,23.56,33.44,25.55,DC,36,0.00731,0.0056,3296,65.3,76.58,245.5,930,High
EV000038,2026-01-13 00:40:00,340.79,-90.39,-30.81,73.91,15.0,-1.21,1553,2,28699.3,181.7,89.6,125.3,3.59,7.52,13.04,29.44,24.24,AC,142,0.00867,0.00657,587,30.5,79.65,334.7,1089,High
EV000275,2026-01-13 00:45:00,394.52,-152.45,-60.15,90.24,15.0,-0.64,1200,108,79643.7,118.3,20.7,79.9,4.46,2.6,12.92,26.08,29.64,AC,127,0.01018,0.00501,3154,59.4,79.02,344.9,985,High
EV000280,2026-01-13 00:50:00,368.28,212.79,78.37,71.22,48.37,41.28,553,180,102720.8,51.2,72.7,89.9,1.4,5.07,23.92,64.75,55.56,DC,138,0.00509,0.00356,2896,45.6,85.8,323.4,1378,Medium
EV000241,2026-01-13 00:55:00,382.38,219.92,84.09,9.64,44.19,29.22,1059,564,28026.1,97.4,78.0,115.5,2.34,2.02,14.67,56.54,56.04,DC,119,0.0063,0.00562,883,91.4,78.96,40.6,1067,High
EV000078,2026-01-13 01:00:00,351.53,-170.86,-60.06,52.46,39.5,26.87,771,413,54744.2,163.0,104.9,144.9,3.91,5.2,24.42,48.71,51.68,DC,135,0.00519,0.00431,855,44.5,84.91,245.1,1378,Medium
EV000115,2026-01-13 01:05:00,338.73,-91.82,-31.1,38.54,15.0,-2.62,654,122,222717.4,243.3,82.2,126.3,0.87,0.44,13.25,25.29,22.22,AC,55,0.00559,0.00407,3302,77.6,86.61,163.1,1472,Medium
EV000104,2026-01-13 01:10:00,354.39,-34.03,-12.06,18.91,15.0,-8.99,1436,303,164298.3,143.9,85.3,114.5,0.84,0.03,14.58,25.47,21.88,DC,34,0.00933,0.00571,2630,26.8,76.28,53.4,952,High
EV000105,2026-01-13 01:15:00,321.28,-122.63,-39.4,6.41,15.0,-7.34,1747,137,132461.9,152.0,52.2,109.1,2.37,3.33,16.86,20.44,25.45,DC,21,0.00932,0.00683,1883,67.2,76.02,40.0,866,High
EV000161,2026-01-13 01:20:00,374.34,-211.83,-79.3,37.31,19.45,10.59,826,180,30252.2,59.3,95.5,125.4,2.65,5.68,21.14,28.19,33.71,AC,54,0.00531,0.00431,730,63.8,87.73,130.6,1582,Medium
EV000132,2026-01-13 01:25:00,346.92,-123.64,-42.89,5.73,47.06,37.61,1541,571,100951.5,158.0,90.5,134.5,3.2,4.86,23.29,66.38,57.85,AC,109,0.01089,0.00625,2372,59.7,69.72,40.0,464,High
EV000244,2026-01-13 01:30:00,365.47,-7.86,-2.87,41.24,15.0,-1.42,1658,186,74042.5,168.0,41.7,57.1,1.02,2.82,23.67,20.19,23.24,DC,94,0.00911,0.00556,1983,82.5,74.89,138.1,883,High
EV000292,2026-01-13 01:35:00,391.76,151.39,59.31,14.86,42.22,32.98,1018,277,178576.7,174.5,55.8,109.7,0.99,5.7,24.43,61.0,51.96,AC,54,0.00952,0.0044,2782,94.3,80.51,45.7,1180,Medium
EV000136,2026-01-13 01:40:00,367.83,18.67,6.87,86.79,40.37,33.66,485,228,5318.7,39.0,36.7,91.6,2.05,6.57,18.07,52.48,44.42,AC,30,0.00792,0.0043,186,43.5,90.98,284.7,1757,Low
EV000185,2026-01-13 01:45:00,375.57,99.18,37.25,74.58,27.15,22.4,1731,220,58303.5,72.7,61.6,111.8,1.62,3.97,23.35,43.09,38.23,AC,24,0.00944,0.00716,2243,38.3,72.69,307.5,742,High
EV000022,2026-01-13 01:50:00,396.0,193.04,76.44,61.91,15.0,-4.11,168,56,25648.3,108.4,119.5,178.0,1.57,3.9,23.72,25.7,19.9,DC,118,0.00542,0.00277,724,68.7,95.28,324.9,1958,Low
EV000095,2026-01-13 01:55:00,368.91,-211.61,-78.07,77.23,31.81,22.76,211,49,134543.7,46.2,30.5,58.0,0.36,2.88,17.71,45.61,37.48,DC,164,0.0061,0.00384,2892,83.0,93.44,292.7,1911,Low
EV000023,2026-01-13 02:00:00,329.06,156.78,51.59,35.98,43.41,37.23,337,197,16524.2,97.7,56.5,85.5,1.21,1.24,18.49,54.07,57.04,AC,45,0.00595,0.00336,457,43.1,92.66,166.0,1727,Low
EV000017,2026-01-13 02:05:00,396.82,26.8,10.64,53.92,19.53,15.05,967,420,178042.3,55.7,60.8,94.6,1.81,4.17,13.52,32.19,22.76,DC,120,0.00952,0.00505,3056,35.1,78.75,235.5,1031,High
EV000094,2026-01-13 02:10:00,404.57,-115.97,-46.92,20.95,28.04,20.93,1671,416,70870.6,234.7,118.2,161.6,3.17,3.94,21.92,46.88,42.68,DC,142,0.01042,0.00671,3197,25.0,71.61,66.0,667,High
EV000120,2026-01-13 02:15:00,352.8,-215.04,-75.87,21.49,28.92,17.16,908,471,143241.0,154.5,46.5,68.5,1.75,5.79,24.24,39.34,42.53,DC,141,0.00822,0.0052,1802,22.5,81.51,63.2,1121,Medium
EV000201,2026-01-13 02:20:00,331.38,183.33,60.75,22.73,15.0,-5.12,242,64,50491.3,237.5,70.4,107.1,3.38,0.33,24.97,23.69,26.92,AC,82,0.00341,0.00344,634,48.3,95.43,94.4,1877,Low
EV000217,2026-01-13 02:25:00,402.36,147.48,59.34,14.9,47.11,38.46,1787,103,122938.4,190.9,113.0,148.7,2.51,5.47,23.99,66.42,55.36,DC,45,0.01057,0.00718,1943,81.9,72.7,51.1,680,High
EV000222,2026-01-13 02:30:00,367.99,-74.06,-27.25,42.85,29.51,17.73,476,132,13849.1,12.2,51.0,82.0,2.0,2.37,19.33,42.91,34.11,DC,179,0.00456,0.00328,242,77.2,92.13,191.3,1692,Low
EV000084,2026-01-13 02:35:00,338.01,138.5,46.81,9.75,36.28,25.96,1768,778,143084.4,26.1,29.0,55.9,2.61,7.72,19.85,47.35,47.26,DC,34,0.01085,0.00775,2254,78.3,66.68,40.0,358,High
EV000066,2026-01-13 02:40:00,400.24,92.19,36.9,78.91,24.07,14.77,1460,704,36876.1,151.9,93.1,105.6,3.61,2.46,23.51,34.68,33.23,AC,173,0.01098,0.00618,1005,30.1,74.96,329.0,789,High
EV000041,2026-01-13 02:45:00,338.51,172.04,58.24,93.21,15.0,-6.53,478,94,21031.5,69.4,56.5,101.1,2.61,3.99,17.48,33.37,24.76,AC,118,0.00544,0.00349,551,69.9,92.52,425.9,1723,Low
EV000060,2026-01-13 02:50:00,332.12,43.1,14.31,39.38,34.5,20.18,874,483,79197.6,107.6,100.7,119.6,3.01,4.32,23.64,45.46,48.06,DC,32,0.00824,0.00527,1324,73.8,82.52,134.4,1287,Medium
EV000059,2026-01-13 02:55:00,405.38,213.62,86.6,8.4,21.28,9.73,1539,38,113119.4,241.8,87.3,120.6,3.96,1.6,22.27,35.68,24.98,DC,29,0.01043,0.00625,3028,70.3,77.23,40.0,946,High
EV000218,2026-01-13 03:00:00,383.63,-118.55,-45.48,85.52,45.47,35.07,98,15,48209.8,10.5,91.4,143.2,0.56,4.76,13.58,55.71,53.56,DC,46,0.00571,0.00371,1017,25.6,96.94,492.4,1999,Low
EV000289,2026-01-13 03:05:00,379.27,133.7,50.71,19.48,28.27,13.3,1720,599,71202.9,222.9,109.9,140.0,3.97,3.62,23.56,34.25,41.39,DC,56,0.00955,0.00658,2011,25.3,71.38,70.4,691,High
EV000046,2026-01-13 03:10:00,405.27,-122.69,-49.72,36.52,15.56,7.16,672,382,16631.9,38.1,66.0,114.4,2.08,0.81,13.52,23.81,25.57,DC,168,0.00714,0.00488,309,72.9,86.94,149.5,1509,Medium
EV000257,2026-01-13 03:15:00,325.2,106.22,34.54,51.86,15.0,-4.51,859,349,106505.2,3.3,67.1,81.8,3.16,2.43,15.65,25.2,28.56,AC,153,0.00668,0.00513,2647,44.1,82.38,183.9,1187,Medium
EV000160,2026-01-13 03:20:00,364.16,132.96,48.42,70.36,22.03,10.0,244,95,80193.5,195.8,59.9,89.1,3.32,5.27,21.18,34.91,26.88,AC,84,0.00398,0.0031,2815,56.3,92.32,294.3,1723,Low
EV000282,2026-01-13 03:25:00,365.2,68.14,24.89,71.48,15.0,-7.54,489,169,83461.8,61.4,104.2,144.9,1.98,6.75,17.79,33.94,24.46,AC,177,0.00687,0.00459,2532,61.1,88.78,254.3,1647,Medium
EV000254,2026-01-13 03:30:00,391.59,201.96,79.09,22.87,26.18,22.28,175,70,59016.6,231.5,82.1,135.4,3.21,0.28,14.09,40.28,38.16,DC,80,0.00294,0.00304,1334,74.6,96.26,118.6,1964,Low
EV000165,2026-01-13 03:35:00,396.32,-71.12,-28.19,39.32,42.14,39.06,651,257,154619.5,37.7,42.3,87.5,3.05,4.08,18.32,55.4,50.74,DC,126,0.00473,0.00465,2572,79.7,84.11,176.6,1249,Medium
EV000001,2026-01-13 03:40:00,329.6,-40.37,-13.31,87.47,57.25,41.62,1485,495,251743.4,204.6,118.5,148.7,1.76,3.35,20.37,66.88,60.3,DC,63,0.01094,0.00635,3642,71.3,69.89,241.8,497,High
EV000072,2026-01-13 03:45:00,335.84,-189.01,-63.48,92.87,19.93,7.13,1043,270,105614.5,214.6,84.5,131.1,0.86,4.47,14.29,33.76,34.47,DC,134,0.00875,0.00574,2196,39.6,82.05,295.2,1188,Medium
EV000212,2026-01-13 03:50:00,397.65,-188.07,-74.78,14.19,15.0,-5.3,1015,467,11916.7,106.9,113.9,163.5,4.03,4.87,17.2,29.02,19.77,DC,73,0.00652,0.00523,290,52.2,81.94,63.3,1266,Medium
EV000036,2026-01-13 03:55:00,389.78,154.42,60.19,88.88,41.45,23.69,799,374,30773.2,185.7,69.2,103.7,3.68,0.98,19.52,52.24,55.25,AC,75,0.00875,0.00552,495,86.3,85.89,349.7,1397,Medium
EV000272,2026-01-13 04:00:00,351.46,-93.37,-32.82,34.55,40.24,31.34,701,39,153133.0,101.5,16.8,54.3,4.16,1.89,17.86,54.39,54.33,DC,75,0.008,0.00362,2295,60.9,86.99,142.1,1562,Medium
EV000185,2026-01-13 04:05:00,381.75,15.65,5.97,62.13,18.58,13.81,481,211,47607.0,149.8,52.3,73.4,1.54,3.23,21.37,24.63,32.54,AC,42,0.00511,0.0041,947,62.6,91.78,217.3,1671,Low
EV000213,2026-01-13 04:10:00,366.14,114.91,42.07,37.86,16.08,11.67,1470,155,16409.2,246.4,59.7,76.6,0.37,2.11,13.6,23.01,30.05,AC,26,0.00874,0.00518,571,50.9,78.77,120.7,1050,High
EV000026,2026-01-13 04:15:00,353.16,-95.28,-33.65,98.97,28.74,22.86,631,227,174025.5,249.0,92.9,128.1,2.85,5.15,17.78,47.93,38.75,DC,133,0.00715,0.00482,3252,79.4,84.92,344.7,1428,Medium
EV000271,2026-01-13 04:20:00,409.56,-151.33,-61.98,42.45,39.91,35.66,4,1,50116.0,149.1,67.9,89.9,2.17,0.12,19.99,55.02,46.43,AC,99,0.00246,0.00224,973,57.8,98.18,189.8,2037,Low
EV000280,2026-01-13 04:25:00,330.68,-117.21,-38.76,53.29,15.0,-8.53,1571,84,16283.3,192.9,109.6,132.6,0.83,2.65,12.92,30.01,27.24,DC,131,0.01217,0.00561,371,35.4,79.21,216.4,1046,High
EV000097,2026-01-13 04:30:00,334.2,18.4,6.15,68.93,32.04,16.48,1439,611,157930.0,135.8,27.6,60.7,2.89,0.42,18.57,45.01,42.42,AC,153,0.00955,0.00704,2245,58.9,72.18,218.3,729,High
EV000184,2026-01-13 04:35:00,329.33,-150.36,-49.52,48.84,47.07,35.77,1687,285,72447.5,76.1,114.5,138.6,1.34,1.3,21.91,63.56,58.53,AC,35,0.01219,0.00628,2752,42.6,71.26,161.5,647,High
EV000238,2026-01-13 04:40:00,384.7,4.08,1.57,81.89,40.74,37.06,81,19,21719.4,63.0,74.5,116.6,2.8,0.46,24.31,48.13,52.61,AC,49,0.00325,0.00333,286,86.1,96.9,287.2,1985,Low
EV000135,2026-01-13 04:45:00,384.97,-166.74,-64.19,65.08,15.0,-4.81,1492,363,57991.7,2.9,114.8,171.0,0.54,7.67,13.15,28.31,21.71,AC,58,0.00952,0.00593,982,55.9,77.36,198.2,1003,High
EV000066,2026-01-13 04:50:00,379.52,-177.02,-67.18,41.45,19.02,5.65,8,1,187207.9,128.3,79.6,105.6,3.01,2.96,17.96,26.36,30.08,DC,41,0.00423,0.0021,3273,27.8,95.8,204.0,2005,Low
EV000191,2026-01-13 04:55:00,325.99,25.19,8.21,16.54,27.26,22.19,746,305,208831.4,7.4,118.3,176.5,1.8,2.1,14.09,41.81,34.28,AC,124,0.00762,0.00389,3622,24.0,82.95,55.2,1233,Medium
EV000078,2026-01-13 05:00:00,337.87,-18.89,-6.38,30.58,31.78,28.27,714,43,167097.7,113.2,25.7,49.2,3.26,5.11,24.71,47.59,43.36,AC,56,0.00775,0.00473,3585,80.9,85.22,138.2,1369,Medium
EV000127,2026-01-13 05:05:00,324.77,98.97,32.14,21.02,44.46,40.85,210,29,58646.4,160.9,21.4,48.4,0.41,4.06,14.47,53.61,49.13,AC,62,0.00563,0.00312,2268,78.1,91.6,85.5,1809,Low
EV000152,2026-01-13 05:10:00,393.45,-64.99,-25.57,25.52,29.01,14.87,1396,468,65136.2,160.5,79.8,134.9,2.31,5.4,20.66,48.85,36.9,DC,19,0.00968,0.00623,1442,90.6,77.2,94.3,919,High
EV000031,2026-01-13 05:15:00,366.41,58.75,21.53,84.97,18.03,14.33,673,401,190688.1,112.5,94.9,134.2,3.64,1.0,12.75,34.38,31.41,AC,79,0.00793,0.00524,2628,63.7,83.2,268.4,1289,Medium
EV000032,2026-01-13 05:20:00,326.39,-82.61,-26.96,43.11,15.0,-9.48,1572,421,75610.6,209.5,16.5,37.1,2.5,3.49,17.82,20.49,24.51,AC,179,0.00866,0.00567,1027,61.7,74.62,180.6,866,High
EV000049,2026-01-13 05:25:00,397.2,-68.3,-27.13,24.87,22.38,7.09,1211,558,57151.4,117.7,117.1,173.8,4.1,3.18,13.72,39.65,35.01,AC,36,0.01035,0.00637,914,65.9,79.53,117.9,1030,High
EV000005,2026-01-13 05:30:00,321.08,96.63,31.03,63.56,15.0,-6.02,996,172,95635.3,139.9,43.9,97.9,2.36,5.58,24.23,33.04,23.83,DC,176,0.00736,0.00562,2834,64.8,82.67,212.9,1271,Medium
EV000283,2026-01-13 05:35:00,399.84,-142.06,-56.8,54.02,35.97,27.03,548,244,67231.9,205.3,60.6,76.3,0.76,6.38,12.61,44.35,47.33,DC,25,0.00446,0.0043,3047,71.5,86.72,205.2,1511,Medium
EV000227,2026-01-13 05:40:00,388.57,36.83,14.31,45.63,52.36,40.24,304,125,205644.9,84.3,69.3,111.2,3.48,6.69,16.91,59.08,66.76,AC,132,0.00612,0.00359,3018,22.7,87.68,209.5,1484,Medium
EV000225,2026-01-13 05:45:00,404.27,203.14,82.12,54.67,38.89,25.17,1270,243,17231.1,4.5,88.5,101.5,2.06,5.02,22.44,48.71,45.38,AC,102,0.01084,0.00563,548,80.6,80.48,227.3,1173,Medium
EV000186,2026-01-13 05:50:00,382.37,-25.22,-9.64,22.66,15.0,-3.32,64,6,120777.2,18.1,97.8,142.3,3.46,5.25,17.73,22.29,18.21,DC,22,0.00443,0.00249,3449,93.7,93.0,105.9,1844,Low
EV000137,2026-01-13 05:55:00,401.54,38.94,15.63,59.88,48.5,35.33,393,21,25155.6,38.4,70.3,112.3,0.78,1.74,14.74,55.5,53.38,AC,153,0.00574,0.00378,1172,77.0,91.26,286.1,1674,Low
EV000294,2026-01-13 06:00:00,386.8,-128.63,-49.75,12.51,48.57,39.49,1259,651,153554.2,128.7,61.0,89.4,2.45,7.56,20.47,53.66,59.4,DC,43,0.00994,0.00683,2024,57.6,74.12,40.0,714,High
EV000240,2026-01-13 06:05:00,338.15,208.26,70.42,31.51,36.03,33.0,700,129,170765.1,167.7,89.3,102.7,2.37,5.1,15.3,41.92,46.78,DC,148,0.00795,0.00414,3363,64.5,85.83,159.9,1359,Medium
EV000273,2026-01-13 06:10:00,405.05,-121.54,-49.23,59.35,15.0,-1.05,1391,178,15779.2,65.2,98.4,119.7,4.0,2.46,21.31,32.39,21.02,AC,50,0.01083,0.0059,637,93.3,79.69,186.2,1140,High
EV000274,2026-01-13 06:15:00,383.65,192.53,73.86,81.71,32.24,24.71,586,55,70301.8,185.6,118.8,176.3,1.29,4.43,17.07,44.02,38.02,AC,56,0.00536,0.00399,3222,74.0,86.31,308.4,1390,Medium
EV000267,2026-01-13 06:20:00,399.08,113.43,45.27,46.0,22.4,17.06,1223,382,23708.3,230.8,55.5,81.0,0.89,6.88,16.45,38.72,33.06,AC,124,0.00974,0.00545,359,54.7,81.75,171.8,1230,Medium
EV000034,2026-01-13 06:25:00,396.22,-146.29,-57.96,35.93,15.0,4.59,821,327,108959.1,196.5,30.4,83.6,0.78,5.08,14.02,34.8,25.63,DC,139,0.00796,0.00476,3090,56.4,81.83,152.8,1207,Medium
EV000012,2026-01-13 06:30:00,369.09,11.02,4.07,49.72,21.86,11.55,400,176,63818.8,211.1,24.3,49.5,2.64,2.22,15.24,36.54,29.9,DC,47,0.00712,0.00362,1594,32.6,92.01,235.1,1764,Low
EV000043,2026-01-13 06:35:00,327.43,-34.94,-11.44,77.22,16.18,0.04,1616,712,147971.9,197.5,69.0,123.8,3.57,4.85,13.55,35.65,24.59,AC,78,0.0098,0.00654,1853,88.9,70.12,312.6,594,High
EV000263,2026-01-13 06:40:00,393.65,158.85,62.53,65.6,32.41,25.69,682,91,62555.3,225.2,15.5,39.4,1.71,4.71,19.03,45.14,37.75,AC,118,0.0056,0.00421,1346,83.1,87.65,303.5,1567,Medium
EV000101,2026-01-13 06:45:00,401.2,58.93,23.64,80.7,25.1,21.27,1645,211,129771.0,80.3,108.2,150.1,1.67,5.92,19.19,45.08,39.89,AC,28,0.00918,0.00649,3361,42.1,73.73,328.4,800,High
EV000110,2026-01-13 06:50:00,359.59,67.05,24.11,40.94,15.0,-1.58,1703,870,35212.7,48.3,20.0,40.5,3.95,6.31,19.66,32.7,19.17,AC,61,0.01055,0.00651,1738,52.0,69.37,102.2,553,High
EV000263,2026-01-13 06:55:00,339.49,-172.66,-58.62,79.38,30.97,19.59,821,357,103103.4,240.5,90.3,119.7,4.11,7.77,19.33,47.2,43.72,AC,16,0.00595,0.00455,2814,87.0,81.91,337.2,1241,Medium
EV000181,2026-01-13 07:00:00,356.91,191.67,68.41,9.32,42.62,30.93,567,291,83896.3,93.0,75.6,106.8,4.14,2.15,15.08,62.42,56.36,DC,36,0.00475,0.00384,2209,79.0,86.22,43.7,1430,Medium
EV000285,2026-01-13 07:05:00,406.15,-214.85,-87.26,14.28,15.0,-6.57,1649,336,69336.1,31.7,32.9,92.3,3.04,0.83,22.36,21.17,24.87,DC,125,0.01016,0.00712,2361,54.2,73.23,53.6,797,High
EV000005,2026-01-13 07:10:00,354.25,147.4,52.22,89.48,15.0,-5.69,247,117,92695.0,240.3,96.6,118.7,1.1,6.39,19.37,23.71,25.93,AC,49,0.00652,0.00309,3429,52.1,90.52,484.7,1706,Low
EV000235,2026-01-13 07:15:00,407.79,-84.05,-34.27,87.36,19.64,6.85,528,142,69086.6,37.2,34.1,56.1,2.54,3.82,17.65,36.0,24.23,DC,130,0.00573,0.00351,3449,79.7,87.68,430.2,1570,Medium
EV000072,2026-01-13 07:20:00,398.19,9.58,3.81,16.43,42.11,37.89,1556,243,73274.1,187.0,67.8,78.5,0.89,0.48,15.35,47.12,47.26,AC,179,0.0107,0.00609,2511,82.4,73.53,44.5,785,High
EV000150,2026-01-13 07:25:00,390.34,-205.11,-80.06,72.1,21.3,9.23,786,458,13918.5,131.3,25.5,44.8,1.22,3.57,23.83,37.56,33.41,AC,21,0.00524,0.00519,434,89.4,84.56,348.5,1287,Medium
EV000295,2026-01-13 07:30:00,386.29,-102.46,-39.58,91.21,38.88,35.77,450,239,128997.7,110.7,99.6,155.2,3.47,3.03,23.03,53.19,47.95,DC,131,0.00675,0.00452,2825,54.6,87.56,474.8,1510,Medium
EV000126,2026-01-13 07:35:00,359.16,129.33,46.45,66.01,47.29,36.79,1531,262,217774.2,191.9,53.7,84.6,3.86,3.95,23.24,62.0,52.47,DC,157,0.00946,0.00597,2948,79.1,72.85,235.1,749,High
EV000034,2026-01-13 07:40:00,349.54,-61.54,-21.51,62.24,15.0,-6.99,1711,405,85541.8,168.6,82.6,122.9,3.04,3.75,24.86,23.33,20.12,DC,57,0.01284,0.00716,2396,82.6,72.0,241.9,715,High
EV000253,2026-01-13 07:45:00,386.21,-61.23,-23.65,48.32,30.7,15.0,1003,151,20206.2,134.7,65.3,123.6,3.78,3.85,12.75,40.01,40.36,DC,41,0.00955,0.0056,451,76.0,85.08,233.6,1417,Medium
EV000270,2026-01-13 07:50:00,407.33,-206.18,-83.99,26.96,34.57,21.99,1281,367,23120.0,167.0,88.3,113.8,2.6,5.3,19.18,43.45,43.41,AC,35,0.00884,0.00575,736,48.6,79.76,86.7,1010,High
EV000021,2026-01-13 07:55:00,328.81,117.71,38.7,41.29,15.86,2.72,1653,593,4463.9,26.0,102.2,125.7,3.86,1.91,18.54,28.4,19.89,AC,133,0.01096,0.00731,160,29.2,74.38,180.5,762,High
EV000269,2026-01-13 08:00:00,347.19,-175.98,-61.1,89.7,15.0,-4.68,1391,156,55662.5,227.8,66.4,100.1,1.9,4.93,23.07,25.05,25.76,DC,130,0.01121,0.0053,2682,69.9,77.72,314.7,919,High
EV000225,2026-01-13 08:05:00,364.6,130.51,47.58,67.54,15.0,10.87,1213,465,154727.4,23.4,66.1,112.1,3.5,2.73,24.15,33.5,27.15,DC,142,0.01077,0.00534,2247,86.5,77.71,195.4,1026,High
EV000201,2026-01-13 08:10:00,375.3,-12.14,-4.56,51.12,51.24,38.24,536,178,150423.9,239.0,48.5,78.7,0.78,7.88,18.58,57.6,65.95,AC,96,0.00683,0.00345,2889,68.0,85.73,225.8,1470,Medium
EV000298,2026-01-13 08:15:00,389.82,127.72,49.79,69.17,52.81,38.25,1236,543,4834.9,16.0,109.0,129.8,1.7,4.3,22.2,72.39,64.4,AC,50,0.00823,0.00653,134,83.4,77.46,224.9,902,High
EV000225,2026-01-13 08:20:00,370.18,-218.95,-81.05,5.31,38.6,24.4,290,53,59666.0,17.4,116.0,155.6,2.59,2.77,22.25,53.52,50.35,AC,96,0.00509,0.00276,1207,56.4,93.35,40.0,1812,Low
EV000263,2026-01-13 08:25:00,320.48,-18.59,-5.96,53.87,15.0,4.91,261,8,22958.8,156.6,81.1,116.0,3.86,5.32,13.12,20.74,21.97,DC,133,0.00542,0.00265,384,64.2,96.42,229.0,2001,Low
EV000078,2026-01-13 08:30:00,366.73,64.6,23.69,48.87,20.66,14.67,275,50,33606.0,177.6,24.4,47.5,1.69,0.21,22.04,36.86,24.95,DC,52,0.00447,0.00273,582,57.1,95.39,187.9,1903,Low
EV000245,2026-01-13 08:35:00,343.52,-88.46,-30.39,19.82,33.89,16.41,704,348,30825.9,76.5,47.5,92.0,4.18,5.62,24.95,46.73,46.85,DC,113,0.00504,0.00415,1026,57.6,87.25,99.1,1477,Medium
EV000085,2026-01-13 08:40:00,344.29,139.58,48.06,25.36,15.0,3.26,473,191,53216.8,221.5,109.3,144.4,4.0,1.06,19.34,32.03,28.51,DC,129,0.006,0.00357,1796,93.4,88.67,116.4,1571,Medium
EV000257,2026-01-13 08:45:00,323.35,150.32,48.61,19.11,15.0,-6.06,293,24,235743.3,216.7,103.8,118.5,1.53,3.63,17.41,22.47,29.07,DC,36,0.00665,0.00297,3343,58.8,90.19,82.1,1596,Low
EV000190,2026-01-13 08:50:00,366.38,-108.01,-39.57,23.0,37.46,34.12,397,58,69543.3,120.6,55.6,74.9,2.42,1.17,16.63,42.6,46.21,DC,85,0.00515,0.00305,1435,65.5,91.69,111.6,1785,Low
EV000274,2026-01-13 08:55:00,353.2,136.33,48.15,51.05,33.02,25.74,1348,107,24444.9,100.6,97.1,138.0,2.27,0.67,19.37,43.17,38.21,DC,77,0.00745,0.00609,1169,84.4,80.47,234.9,1197,Medium
EV000060,2026-01-13 09:00:00,397.59,-207.61,-82.54,29.48,30.26,13.83,1268,387,26634.8,23.4,68.7,83.0,1.37,5.27,20.01,49.79,42.54,DC,152,0.00976,0.00634,438,66.1,79.09,112.1,1025,High
EV000229,2026-01-13 09:05:00,328.63,88.59,29.12,27.7,21.27,11.06,1122,209,123707.8,188.8,92.0,109.3,2.25,3.03,16.27,34.12,25.68,AC,35,0.00876,0.00587,2071,23.4,82.31,80.7,1179,Medium
EV000256,2026-01-13 09:10:00,328.91,-22.78,-7.49,25.96,15.0,-9.69,852,202,53515.4,149.5,40.6,59.0,0.52,6.54,13.71,23.43,26.76,DC,19,0.00584,0.00481,718,40.8,85.8,96.4,1473,Medium
EV000156,2026-01-13 09:15:00,381.21,31.22,11.9,96.39,39.03,29.77,281,8,97116.0,49.6,45.6,58.0,3.15,6.43,18.23,57.16,53.25,AC,116,0.00686,0.0039,1354,49.3,93.28,476.7,1803,Low
EV000079,2026-01-13 09:20:00,361.76,133.11,48.15,6.07,45.39,40.84,1591,842,110814.1,28.6,94.8,132.5,0.42,0.38,16.51,55.82,54.91,AC,53,0.01228,0.00658,3228,80.8,65.58,40.0,260,High
EV000254,2026-01-13 09:25:00,366.39,-176.4,-64.63,40.34,16.61,12.56,558,166,71786.5,237.6,65.2,87.4,1.84,5.95,23.63,35.46,21.25,AC,119,0.00738,0.00445,2689,23.1,87.52,136.4,1549,Medium
EV000195,2026-01-13 09:30:00,325.39,82.0,26.68,94.62,21.38,12.38,275,94,53213.2,195.2,28.4,76.5,3.41,7.22,20.53,38.81,25.77,AC,38,0.00659,0.00297,674,41.9,95.39,492.0,1910,Low
EV000078,2026-01-13 09:35:00,364.43,-205.2,-74.78,37.43,15.0,-1.89,852,500,125441.7,218.4,46.8,69.9,1.69,0.52,15.97,31.29,20.66,AC,83,0.00671,0.00445,2964,83.7,80.88,164.3,1093,Medium
EV000256,2026-01-13 09:40:00,331.82,-58.96,-19.56,37.02,32.15,21.04,1774,929,239584.3,41.8,45.1,90.6,4.23,4.38,20.25,40.84,39.36,DC,27,0.00994,0.00791,3491,57.9,64.84,123.5,319,High
EV000116,2026-01-13 09:45:00,348.9,-181.85,-63.45,27.27,15.0,2.26,962,433,92367.1,247.5,102.9,126.6,4.42,2.65,18.74,22.12,19.1,AC,83,0.00703,0.00514,3489,80.9,79.58,101.7,1134,High
EV000191,2026-01-13 09:50:00,343.22,-23.79,-8.17,36.78,37.67,21.59,783,314,32046.1,141.9,106.5,163.0,1.43,1.16,12.86,53.14,47.22,AC,80,0.00912,0.0049,616,35.0,85.18,123.9,1339,Medium
EV000098,2026-01-13 09:55:00,345.28,149.66,51.68,55.42,39.86,34.09,465,212,137063.4,150.9,97.0,130.7,3.36,1.11,22.18,58.35,45.88,AC,146,0.00603,0.00332,2261,23.7,89.01,283.7,1598,Medium
EV000045,2026-01-13 10:00:00,341.08,-187.44,-63.93,9.86,15.0,8.0,1787,828,145938.5,147.9,78.1,96.4,2.7,5.12,24.4,28.94,21.15,DC,61,0.01313,0.00776,2397,57.5,66.56,40.0,407,High
EV000178,2026-01-13 10:05:00,375.47,-144.38,-54.21,32.59,41.95,28.57,668,220,76765.6,207.0,23.4,64.5,3.91,7.83,24.21,53.02,49.88,AC,165,0.0048,0.00482,3491,71.9,84.39,123.6,1277,Medium
EV000103,2026-01-13 10:10:00,341.66,-165.23,-56.45,97.88,54.5,38.05,94,36,118429.6,18.1,86.1,108.2,2.86,6.76,13.64,69.53,67.19,AC,115,0.00429,0.00314,3088,56.9,91.96,442.9,1694,Low
EV000187,2026-01-13 10:15:00,365.95,-81.73,-29.91,51.25,15.0,-5.19,1618,526,74534.0,106.8,33.6,84.2,3.28,1.9,24.77,28.65,22.04,DC,87,0.00903,0.00712,1536,88.3,73.5,198.9,711,High
EV000126,2026-01-13 10:20:00,380.94,-184.72,-70.37,17.89,15.0,10.24,1364,591,125561.3,111.9,20.7,42.4,1.84,1.81,15.39,29.01,28.78,AC,89,0.00937,0.00657,2325,75.9,73.96,46.6,809,High
EV000060,2026-01-13 10:25:00,399.68,6.62,2.65,91.34,37.5,26.43,31,4,48077.1,70.4,52.9,79.1,1.83,0.27,15.72,55.1,51.81,DC,154,0.00321,0.00209,2190,88.3,95.33,507.0,1935,Low
EV000019,2026-01-13 10:30:00,399.63,-112.17,-44.83,31.85,33.09,20.98,630,350,98097.8,206.9,22.9,57.9,4.37,4.06,18.76,49.51,46.25,DC,106,0.00733,0.00485,1783,75.4,86.47,102.6,1473,Medium
EV000274,2026-01-13 10:35:00,381.18,-192.68,-73.45,47.55,40.79,32.15,24,11,58004.3,221.2,51.1,97.9,2.86,0.33,21.66,59.01,54.61,AC,154,0.00231,0.00213,1297,82.0,97.81,211.6,2134,Low
EV000279,2026-01-13 10:40:00,386.87,0.86,0.33,88.15,31.62,20.32,146,9,86282.9,27.0,101.7,155.0,3.8,4.71,23.28,51.08,38.74,DC,87,0.00319,0.00304,2957,66.7,94.73,323.7,1896,Low
EV000027,2026-01-13 10:45:00,362.53,144.74,52.47,60.4,26.49,15.9,105,59,49089.9,119.6,104.0,121.0,3.21,1.19,21.28,36.09,40.61,DC,32,0.0041,0.00245,692,60.7,96.58,247.2,1950,Low
EV000278,2026-01-13 10:50:00,328.33,-193.26,-63.45,42.66,15.0,2.37,428,191,191604.7,20.4,57.4,100.0,1.73,1.81,14.04,23.55,28.12,AC,114,0.00549,0.00348,2953,69.2,88.47,158.2,1530,Medium
EV000205,2026-01-13 10:55:00,350.75,136.88,48.01,52.25,15.0,7.07,1523,290,70568.8,144.8,106.0,131.1,0.24,7.95,23.38,33.08,18.93,AC,173,0.01115,0.0059,3487,64.2,73.47,196.9,747,High
EV000141,2026-01-13 11:00:00,395.95,-217.09,-85.96,15.4,15.0,-5.44,1673,978,67749.6,228.6,17.0,28.8,2.21,6.24,17.37,21.63,26.51,DC,129,0.01153,0.00673,1831,48.5,67.7,57.1,497,High
EV000228,2026-01-13 11:05:00,346.79,-113.34,-39.31,77.47,45.72,38.06,1468,584,62283.6,148.4,45.4,77.2,3.15,6.93,23.0,52.6,55.9,DC,32,0.00999,0.00689,1080,41.1,72.66,225.8,749,High
EV000032,2026-01-13 11:10:00,363.87,37.84,13.77,6.95,31.47,16.76,178,54,81435.1,200.9,97.6,125.6,3.09,7.51,20.97,45.65,45.49,AC,159,0.00477,0.00341,3560,81.6,90.89,40.0,1763,Low
EV000130,2026-01-13 11:15:00,372.12,209.59,77.99,5.19,18.76,8.52,1672,549,54915.9,181.1,99.9,155.6,3.73,2.63,17.77,32.17,28.7,DC,170,0.01269,0.00645,1244,52.0,71.51,40.0,644,High
EV000255,2026-01-13 11:20:00,348.89,58.88,20.54,47.38,46.1,40.32,1039,256,44071.7,1.8,81.1,105.9,2.26,3.41,17.74,61.17,60.48,DC,101,0.00864,0.00484,1442,33.6,81.27,211.4,1219,Medium
EV000221,2026-01-13 11:25:00,340.97,-191.01,-65.13,36.22,15.0,-5.55,323,170,52437.3,146.9,116.7,140.6,1.22,3.56,22.34,20.22,25.37,DC,167,0.00538,0.00336,812,85.1,92.3,168.7,1764,Low
EV000065,2026-01-13 11:30:00,324.64,31.77,10.31,98.37,23.89,7.63,227,0,164416.9,209.2,100.9,159.4,0.43,0.45,19.12,33.46,31.18,AC,154,0.00504,0.00358,2775,50.5,92.54,472.6,1857,Low
EV000125,2026-01-13 11:35:00,364.16,-64.19,-23.37,31.9,49.88,39.67,521,6,38382.1,185.2,100.4,112.1,2.09,3.95,12.78,65.64,62.11,AC,99,0.0075,0.00399,1858,54.1,88.85,132.4,1648,Medium
EV000292,2026-01-13 11:40:00,345.58,-28.94,-10.0,39.21,29.71,17.44,1478,275,33306.6,231.5,73.1,116.8,3.38,1.31,13.7,36.09,36.03,DC,34,0.0099,0.00585,899,31.1,78.2,165.7,1011,High
EV000283,2026-01-13 11:45:00,363.65,-163.52,-59.46,85.37,15.0,-0.08,17,3,22172.0,225.2,110.6,152.4,3.06,7.58,18.66,30.87,20.55,AC,134,0.0036,0.00336,561,64.6,99.45,355.9,2106,Low
EV000062,2026-01-13 11:50:00,356.58,-39.3,-14.01,42.69,42.64,37.49,82,38,163335.2,136.5,90.8,110.9,0.49,2.7,13.49,62.15,48.87,DC,99,0.00375,0.00272,3389,87.7,91.47,192.5,1668,Low
EV000043,2026-01-13 11:55:00,403.07,106.99,43.12,85.3,35.63,18.59,1604,519,75487.9,222.8,118.7,136.1,3.64,6.74,18.5,44.05,49.02,DC,152,0.00872,0.00696,1407,56.1,73.45,330.4,811,High
EV000122,2026-01-13 12:00:00,342.3,-134.86,-46.16,61.13,15.0,0.92,1222,145,72514.9,127.1,105.1,147.0,0.66,1.26,17.32,25.86,23.84,AC,16,0.00716,0.00559,2914,25.5,79.87,209.6,1089,High
EV000170,2026-01-13 12:05:00,333.16,191.81,63.9,37.6,32.51,25.68,1543,717,73589.4,108.3,40.2,54.7,0.59,2.34,15.87,39.24,36.53,AC,56,0.0101,0.00671,2265,22.3,69.63,113.4,503,High
EV000128,2026-01-13 12:10:00,334.86,-65.14,-21.81,58.7,15.0,1.6,59,31,64983.7,201.7,70.2,80.7,1.38,0.57,24.79,23.07,24.41,AC,74,0.00414,0.00226,1728,94.2,95.21,267.7,1976,Low
EV000161,2026-01-13 12:15:00,404.48,-116.53,-47.13,8.96,38.92,23.43,869,112,83304.6,60.6,117.1,175.9,4.02,3.28,16.62,51.05,50.12,AC,143,0.00674,0.00445,1792,60.8,84.73,44.5,1398,Medium
EV000298,2026-01-13 12:20:00,370.88,-212.59,-78.84,53.42,27.75,19.44,315,6,70740.1,245.5,22.5,65.7,4.45,6.42,16.45,46.08,41.6,DC,174,0.00527,0.00325,2542,46.5,93.29,185.1,1776,Low
EV000200,2026-01-13 12:25:00,383.49,55.67,21.35,43.88,43.65,27.66,1271,722,157431.2,100.3,36.5,90.4,4.44,4.34,20.61,59.7,49.59,AC,153,0.01102,0.00604,3319,93.0,72.58,117.5,688,High
EV000104,2026-01-13 12:30:00,394.67,-167.45,-66.09,57.3,29.36,19.76,82,2,133842.4,182.2,83.7,135.6,4.44,6.43,22.97,41.81,33.58,AC,159,0.00474,0.00322,2108,89.2,95.35,242.2,2023,Low
EV000111,2026-01-13 12:35:00,324.17,-172.64,-55.96,28.57,44.05,37.19,1591,64,62859.3,19.9,96.3,141.0,4.22,5.31,12.1,49.06,48.26,DC,36,0.00881,0.00656,2648,56.2,75.64,87.5,851,High
EV000114,2026-01-13 12:40:00,325.75,-56.94,-18.55,26.47,45.7,28.73,576,115,46497.8,9.6,20.7,65.2,2.37,4.72,19.0,59.26,52.34,DC,84,0.00582,0.00365,1606,56.0,88.11,101.2,1530,Medium
EV000140,2026-01-13 12:45:00,337.9,-2.39,-0.81,58.04,28.18,14.66,505,188,154726.7,116.5,44.9,88.6,1.7,1.79,22.05,44.56,36.18,AC,25,0.00446,0.00474,1996,43.4,88.57,290.6,1628,Medium
EV000190,2026-01-13 12:50:00,369.05,-140.92,-52.0,90.52,49.87,41.05,1140,570,105637.7,243.8,98.9,146.4,2.56,5.69,13.07,59.45,61.15,DC,59,0.00781,0.00631,2851,20.2,74.22,332.2,768,High
EV000092,2026-01-13 12:55:00,326.92,72.42,23.67,53.74,30.45,22.13,1290,724,1489.7,202.8,85.8,123.9,3.72,6.85,14.5,39.34,42.86,AC,59,0.00818,0.00616,43,68.9,78.32,225.9,948,High
EV000008,2026-01-13 13:00:00,353.99,-64.93,-22.98,76.2,15.0,-4.87,1526,914,27563.6,163.8,67.9,90.8,1.97,3.33,13.06,29.68,24.71,AC,70,0.00817,0.00681,1058,93.8,70.57,231.2,509,High
EV000059,2026-01-13 13:05:00,331.27,-165.18,-54.72,38.22,15.0,-1.0,1541,119,123681.1,197.3,101.4,149.4,1.18,0.72,20.83,34.88,26.08,AC,98,0.01175,0.00644,2464,80.8,77.56,112.7,970,High
EV000113,2026-01-13 13:10:00,364.45,40.44,14.74,44.53,15.0,-5.92,1689,887,89703.8,33.8,97.5,123.3,1.34,0.04,15.61,25.31,19.66,AC,68,0.01091,0.00721,3484,88.2,65.42,113.2,319,High
EV000123,2026-01-13 13:15:00,328.89,78.0,25.65,24.3,15.0,-7.97,843,252,37419.9,235.8,85.0,104.2,1.04,0.12,20.63,26.54,19.87,AC,151,0.00916,0.00402,601,30.9,87.09,80.0,1545,Medium
EV000271,2026-01-13 13:20:00,325.66,20.89,6.8,39.54,33.88,17.24,1093,643,107315.2,237.5,60.7,85.7,4.29,3.3,13.79,42.97,46.43,AC,64,0.00903,0.00519,1508,92.1,78.62,180.3,1090,High
EV000190,2026-01-13 13:25:00,404.79,-58.57,-23.71,84.14,15.0,-1.83,1474,785,203420.2,6.3,109.6,150.4,3.65,5.52,21.03,23.97,25.7,AC,47,0.00891,0.00607,3118,48.2,70.48,229.3,553,High
EV000294,2026-01-13 13:30:00,364.29,8.28,3.01,26.12,38.01,33.75,1206,257,175595.0,7.2,17.0,28.6,0.99,0.33,13.29,56.15,50.85,DC,123,0.0106,0.00611,3415,76.2,78.12,106.7,971,High
EV000181,2026-01-13 13:35:00,350.39,206.69,72.42,88.17,58.07,41.18,1314,653,61888.0,177.4,71.5,120.2,3.23,2.05,12.49,70.86,62.18,AC,133,0.01081,0.0069,1723,30.9,72.12,279.4,619,High
EV000282,2026-01-13 13:40:00,388.81,-178.06,-69.23,88.08,15.0,1.03,1016,2,188864.2,21.8,108.3,144.5,0.67,6.7,18.73,31.52,22.05,AC,51,0.0089,0.00534,3423,48.6,83.83,347.8,1323,Medium
EV000007,2026-01-13 13:45:00,368.49,53.38,19.67,71.93,15.0,2.8,1200,484,210150.9,180.8,33.3,89.8,4.42,5.93,17.49,28.41,27.92,AC,178,0.00945,0.00556,2844,35.7,76.67,275.6,904,High
EV000216,2026-01-13 13:50:00,398.76,-49.01,-19.54,23.22,15.0,-7.31,1215,449,72519.2,12.3,97.7,133.2,0.27,2.03,19.6,29.88,25.51,AC,83,0.00917,0.00596,1807,58.8,78.07,71.8,962,High
EV000240,2026-01-13 13:55:00,338.6,-68.54,-23.21,27.16,15.0,0.27,1711,656,94547.3,151.6,64.7,108.9,0.37,5.55,22.05,22.86,26.89,AC,174,0.00899,0.00678,1588,26.9,70.64,67.8,617,High
EV000250,2026-01-13 14:00:00,391.13,-143.68,-56.2,95.96,15.0,-9.87,760,193,65584.5,39.5,22.5,49.3,3.21,0.21,18.74,34.97,18.63,AC,130,0.00531,0.00467,961,78.7,87.19,333.6,1480,Medium
EV000043,2026-01-13 14:05:00,408.11,-61.73,-25.19,37.91,51.49,34.99,1198,86,146236.7,52.6,79.8,127.9,3.27,0.24,16.65,68.74,65.17,AC,96,0.01012,0.00554,2300,29.9,80.56,109.5,1065,Medium
EV000243,2026-01-13 14:10:00,342.67,-23.67,-8.11,64.69,15.0,-3.69,482,232,146826.1,147.2,96.4,155.2,2.49,0.51,23.35,24.43,22.16,AC,46,0.00791,0.0037,1879,87.6,88.29,319.2,1616,Medium
EV000193,2026-01-13 14:15:00,406.49,-134.02,-54.48,11.06,30.1,14.69,106,35,103247.4,24.9,57.9,79.3,3.02,0.88,13.91,37.87,35.43,DC,174,0.00496,0.00239,1387,66.7,97.37,52.6,2130,Low
EV000217,2026-01-13 14:20:00,391.33,-164.84,-64.5,45.4,15.0,-2.61,284,56,133930.8,21.0,73.1,118.0,4.08,5.19,16.15,33.69,22.94,AC,55,0.00573,0.00281,2463,34.8,93.44,166.5,1854,Low
EV000055,2026-01-13 14:25:00,369.36,52.85,19.52,40.25,15.0,-5.53,126,56,89531.4,114.8,65.3,119.3,0.52,0.78,14.21,26.92,29.15,DC,140,0.0056,0.00376,3285,83.1,92.37,133.8,1843,Low
EV000215,2026-01-13 14:30:00,322.75,117.42,37.9,46.2,39.81,24.68,555,102,55929.0,54.4,102.5,151.3,1.96,4.23,20.68,50.82,50.2,AC,53,0.00726,0.0044,736,51.6,90.2,246.8,1715,Low
EV000121,2026-01-13 14:35:00,361.41,202.4,73.15,83.91,31.88,26.17,310,114,124560.0,85.7,19.8,43.5,2.26,4.29,17.76,44.74,41.19,AC,115,0.00469,0.00281,2489,23.8,91.57,355.6,1729,Low
EV000119,2026-01-13 14:40:00,344.84,-20.55,-7.09,84.39,29.31,25.53,1697,850,17317.0,76.4,30.5,78.1,3.06,1.67,22.24,46.92,34.23,AC,37,0.00923,0.00775,643,31.3,70.02,294.4,569,High
EV000186,2026-01-13 14:45:00,384.72,24.87,9.57,81.7,52.65,34.82,70,38,129248.0,140.5,26.0,44.1,4.46,4.16,19.16,59.5,58.87,AC,125,0.00619,0.00219,2266,42.9,94.51,379.9,1844,Low
EV000053,2026-01-13 14:50:00,379.12,2.21,0.84,26.0,43.21,36.73,136,68,110249.0,81.2,15.0,35.0,0.99,4.83,17.43,50.55,46.92,DC,42,0.00354,0.003,1823,27.8,92.98,141.5,1770,Low
EV000051,2026-01-13 14:55:00,402.55,-98.71,-39.74,34.99,31.46,21.38,766,207,155892.5,162.3,70.1,102.7,4.2,3.48,19.52,41.94,37.17,DC,15,0.00604,0.00413,3436,29.7,83.5,169.8,1228,Medium
EV000151,2026-01-13 15:00:00,332.65,-41.89,-13.93,65.46,16.43,10.16,622,323,24838.8,33.7,51.6,94.3,1.46,5.67,21.0,36.36,29.96,DC,68,0.00512,0.0039,478,33.7,89.05,214.6,1555,Medium
EV000149,2026-01-13 15:05:00,342.2,51.09,17.48,24.31,25.19,8.83,666,159,190319.7,167.3,111.2,135.5,3.62,2.97,12.45,41.13,30.72,AC,99,0.0057,0.00425,2894,77.2,85.02,91.1,1311,Medium
EV000238,2026-01-13 15:10:00,349.78,98.06,34.3,5.82,25.45,11.9,1286,185,218164.5,121.9,49.1,82.1,2.35,2.58,20.2,40.11,32.23,DC,118,0.00942,0.00567,3089,88.4,77.29,40.0,892,High
EV000048,2026-01-13 15:15:00,325.93,11.95,3.9,74.42,15.0,-1.27,1255,53,56842.4,234.7,77.7,95.0,3.52,0.84,12.22,23.94,25.19,DC,25,0.00863,0.00466,1227,49.9,82.24,246.9,1278,Medium
EV000293,2026-01-13 15:20:00,372.9,-175.88,-65.59,52.34,54.34,38.8,988,314,79535.0,73.6,21.7,58.6,1.28,4.58,23.81,62.95,64.1,AC,102,0.00967,0.00457,2210,47.5,80.18,191.7,1183,Medium
EV000181,2026-01-13 15:25:00,402.26,93.54,37.63,52.34,15.69,11.3,194,71,148041.6,35.5,23.1,40.4,3.14,5.47,15.32,33.02,21.57,DC,179,0.00443,0.00311,2517,62.0,93.92,213.7,1847,Low
EV000099,2026-01-13 15:30:00,356.97,-134.92,-48.16,86.64,15.0,-7.85,1396,393,149431.3,200.8,95.2,107.6,1.7,6.43,13.92,24.17,28.84,AC,25,0.00975,0.00597,3547,34.4,73.6,294.6,683,High
EV000031,2026-01-13 15:35:00,364.94,-217.71,-79.45,89.27,47.44,38.51,1439,538,104846.5,236.2,75.1,134.7,1.27,5.78,14.5,52.69,57.16,AC,120,0.00932,0.00613,2514,67.1,72.73,338.5,660,High
EV000289,2026-01-13 15:40:00,364.61,140.05,51.07,15.44,15.0,-6.76,642,4,38696.1,156.3,88.5,128.7,4.29,7.57,16.31,23.12,20.6,DC,22,0.00586,0.00397,662,67.7,91.83,78.6,1687,Low
EV000149,2026-01-13 15:45:00,356.19,-143.24,-51.02,92.92,18.82,7.01,1715,602,70647.5,171.3,25.2,59.7,4.42,7.61,14.82,36.59,32.39,DC,163,0.01209,0.00677,1521,59.4,72.07,290.2,690,High
EV000130,2026-01-13 15:50:00,332.12,-189.8,-63.03,90.97,27.94,13.09,4,2,57473.2,218.5,119.8,142.4,1.26,1.78,22.52,37.92,36.8,AC,61,0.00347,0.00287,748,20.3,97.93,349.8,2115,Low
EV000267,2026-01-13 15:55:00,387.64,114.04,44.21,56.76,17.51,-0.39,1350,396,145978.6,142.6,105.0,163.4,2.82,6.22,16.05,23.5,22.44,AC,180,0.00891,0.00571,2247,88.8,75.56,243.1,896,High
EV000142,2026-01-13 16:00:00,328.19,-67.23,-22.06,98.52,47.95,38.09,476,178,39036.5,24.7,75.0,110.0,1.14,5.92,14.7,64.45,60.02,AC,46,0.00531,0.00358,1016,53.0,90.38,485.0,1704,Low
EV000252,2026-01-13 16:05:00,331.32,-184.51,-61.13,24.56,15.0,-6.88,1555,287,21311.7,174.9,69.4,125.4,3.44,1.23,13.8,25.43,26.79,DC,91,0.00857,0.00675,587,43.9,77.92,74.4,1037,High
EV000199,2026-01-13 16:10:00,362.47,39.18,14.2,10.83,15.0,-8.8,897,153,91943.3,106.0,79.6,107.6,4.12,3.93,22.16,30.71,19.49,AC,56,0.00784,0.00403,2463,46.4,84.99,45.5,1365,Medium
EV000233,2026-01-13 16:15:00,337.53,-81.38,-27.47,56.18,32.4,17.31,1170,318,55405.1,47.4,66.5,78.5,4.3,3.02,22.98,47.11,45.01,AC,173,0.0094,0.00552,2699,42.4,78.75,212.4,996,High
EV000283,2026-01-13 16:20:00,399.41,196.55,78.5,85.91,48.87,33.64,350,141,206179.6,234.0,102.9,115.1,3.05,4.36,24.66,67.76,57.58,AC,43,0.00737,0.00311,3419,87.9,86.75,421.1,1394,Medium
EV000248,2026-01-13 16:25:00,383.63,-114.23,-43.82,27.66,31.13,20.71,310,141,68825.8,171.5,61.7,97.9,2.37,4.79,18.68,38.36,42.48,AC,100,0.00619,0.00337,2285,47.7,90.86,91.2,1649,Low
EV000191,2026-01-13 16:30:00,399.99,-166.6,-66.64,20.92,15.0,-4.08,1174,200,29945.7,41.0,113.8,138.7,1.08,2.32,23.86,31.52,23.64,DC,157,0.01032,0.00601,872,74.4,83.37,71.0,1216,Medium
EV000122,2026-01-13 16:35:00,331.95,81.99,27.22,98.5,15.14,9.71,1459,604,46209.2,83.6,91.9,113.7,0.96,2.27,13.05,28.46,29.7,AC,70,0.00853,0.00673,1293,56.3,75.38,404.2,860,High
EV000081,2026-01-13 16:40:00,392.94,-155.7,-61.18,88.11,51.85,40.52,1798,190,125636.2,233.9,18.3,75.3,2.77,1.48,18.42,68.74,66.05,AC,134,0.01167,0.00672,2043,60.8,71.21,353.0,621,High
EV000263,2026-01-13 16:45:00,338.14,41.56,14.05,45.42,15.3,2.22,1404,361,40125.8,80.0,45.6,92.9,1.7,6.18,16.26,35.12,20.14,AC,17,0.01023,0.00584,690,81.3,78.71,125.3,1057,High
EV000200,2026-01-13 16:50:00,373.06,-125.51,-46.82,70.38,15.0,0.93,1343,529,14679.5,210.2,50.0,105.1,0.97,1.23,21.12,20.59,27.66,AC,144,0.00817,0.00663,382,92.5,78.11,296.9,1019,High
EV000119,2026-01-13 16:55:00,325.56,128.39,41.8,87.34,15.0,7.04,441,75,11352.2,13.2,32.6,91.2,2.4,7.69,23.61,34.64,20.53,AC,90,0.0049,0.00318,299,76.6,94.16,455.6,1911,Low
EV000280,2026-01-13 17:00:00,329.99,-178.16,-58.79,14.15,15.0,5.02,1137,363,33162.0,59.6,42.1,81.6,2.59,2.8,22.91,20.25,19.33,DC,46,0.00853,0.00622,713,42.9,80.73,51.9,1155,Medium
EV000058,2026-01-13 17:05:00,374.02,112.2,41.97,22.28,15.0,2.77,319,150,127283.2,171.9,98.6,125.7,3.54,5.81,20.07,33.1,20.59,DC,59,0.00526,0.00369,3245,69.9,89.62,85.6,1702,Medium
EV000272,2026-01-13 17:10:00,369.74,-120.39,-44.51,17.09,15.26,7.06,1003,273,67483.9,234.0,28.0,57.5,0.6,3.12,19.29,23.77,26.09,DC,34,0.00787,0.00477,1683,58.2,82.5,51.4,1222,Medium
EV000288,2026-01-13 17:15:00,408.15,156.16,63.74,59.21,18.74,1.91,743,392,211435.0,128.2,75.8,128.3,0.68,4.17,24.78,35.93,28.47,AC,173,0.008,0.00426,3447,43.2,81.08,286.4,1125,Medium
EV000280,2026-01-13 17:20:00,381.91,214.13,81.78,57.09,15.0,-8.53,1460,788,227514.7,184.6,110.9,130.6,0.38,2.31,19.65,32.53,19.47,AC,33,0.00884,0.00668,3236,87.7,70.04,156.2,512,High
EV000049,2026-01-13 17:25:00,333.33,-119.2,-39.73,59.06,32.75,18.49,314,148,83778.9,184.4,39.2,94.1,2.29,2.67,21.09,51.51,43.27,AC,43,0.00389,0.0034,1397,91.8,93.58,246.0,1843,Low
EV000174,2026-01-13 17:30:00,373.11,138.32,51.61,12.5,15.0,7.43,1799,922,23055.2,166.5,78.5,103.4,1.6,0.48,14.65,24.82,25.34,AC,162,0.01167,0.00767,857,81.1,68.71,43.5,545,High
EV000263,2026-01-13 17:35:00,363.8,119.44,43.45,45.42,15.0,-2.79,9,5,105136.2,193.8,76.7,100.0,2.07,5.87,20.13,24.24,23.56,DC,61,0.00351,0.00351,1357,58.5,98.16,222.0,2165,Low
EV000208,2026-01-13 17:40:00,402.12,87.49,35.18,58.6,37.61,33.93,895,320,163834.1,57.0,85.9,138.4,4.34,7.7,15.92,47.46,45.27,DC,110,0.0076,0.00568,3253,93.6,80.65,272.4,1151,Medium
EV000192,2026-01-13 17:45:00,392.04,52.12,20.43,99.24,23.44,11.99,82,47,159349.1,218.3,78.2,125.8,1.17,6.09,18.35,43.43,34.27,AC,164,0.00439,0.00298,2415,68.2,95.46,561.9,1941,Low
EV000114,2026-01-13 17:50:00,345.31,-97.37,-33.62,31.65,15.0,8.89,1113,579,37967.0,4.5,119.5,131.9,2.97,4.83,20.66,28.33,24.02,DC,17,0.00891,0.00516,1236,25.4,79.41,134.4,1063,High
EV000052,2026-01-13 17:55:00,356.94,140.51,50.15,55.12,25.66,17.66,833,466,52326.0,213.2,21.9,43.0,4.26,4.17,15.16,33.04,37.97,AC,61,0.00902,0.00566,1201,56.9,82.85,236.6,1289,Medium
EV000208,2026-01-13 18:00:00,392.12,-213.14,-83.58,74.84,25.17,9.87,387,229,259760.8,43.4,36.9,89.6,2.61,4.19,23.19,42.74,36.5,DC,113,0.00634,0.00442,3268,68.0,87.19,242.2,1490,Medium
EV000223,2026-01-13 18:05:00,377.86,55.58,21.0,9.42,15.0,-8.88,546,74,8509.0,151.8,81.2,100.2,1.57,1.8,12.93,29.38,19.95,AC,77,0.00468,0.00427,286,72.7,92.61,40.0,1717,Low
EV000201,2026-01-13 18:10:00,366.88,64.26,23.58,39.71,15.0,2.7,1016,553,140114.4,119.4,116.7,146.8,0.43,3.39,13.74,24.96,26.42,DC,131,0.00796,0.00499,2153,40.1,78.87,147.9,1062,High
EV000083,2026-01-13 18:15:00,361.64,-28.24,-10.21,47.13,31.25,26.59,1753,564,101196.0,76.0,46.5,93.6,0.53,5.69,15.52,42.02,35.34,DC,24,0.01057,0.00658,1682,60.8,71.73,172.9,662,High
EV000152,2026-01-13 18:20:00,401.04,5.03,2.02,37.69,46.21,41.83,602,88,82566.9,16.8,113.2,135.8,4.28,2.65,22.39,57.28,56.76,DC,132,0.00608,0.00383,1047,78.3,88.42,130.6,1498,Medium
EV000182,2026-01-13 18:25:00,362.55,137.41,49.82,85.01,15.0,-5.58,965,4,2607.4,23.0,117.2,172.5,3.96,6.48,15.03,28.28,28.3,AC,47,0.00722,0.0049,35,44.6,87.41,345.9,1568,Medium
EV000230,2026-01-13 18:30:00,367.56,133.22,48.97,15.48,46.81,33.38,1537,518,14645.7,241.0,17.9,32.3,1.9,2.87,21.77,66.3,58.4,AC,21,0.01158,0.00713,482,22.5,75.42,44.6,812,High
EV000215,2026-01-13 18:35:00,369.1,-7.64,-2.82,14.05,46.77,36.0,1440,727,7808.2,213.4,30.0,61.6,2.76,7.03,16.34,63.43,59.86,DC,77,0.00804,0.00719,111,40.8,75.01,40.0,793,High
EV000150,2026-01-13 18:40:00,397.73,12.78,5.08,51.47,15.0,-7.2,98,57,21788.6,240.4,117.1,151.1,0.81,1.56,22.77,23.3,27.0,AC,49,0.0037,0.00235,738,60.3,97.0,237.5,1966,Low
EV000201,2026-01-13 18:45:00,393.85,191.73,75.51,40.47,31.7,18.94,1449,547,97133.2,212.5,76.1,89.3,1.21,4.01,21.5,38.53,36.25,AC,101,0.00995,0.00613,3312,27.3,72.66,107.0,712,High
EV000036,2026-01-13 18:50:00,332.14,32.96,10.95,83.4,15.0,0.79,1533,249,245826.6,88.5,35.9,48.3,2.36,5.75,14.42,24.9,25.94,DC,15,0.00827,0.00656,3319,63.7,75.33,278.1,856,High
EV000215,2026-01-13 18:55:00,381.79,55.96,21.37,75.96,15.0,4.47,705,155,187703.8,86.9,72.6,123.4,2.38,7.32,12.12,22.11,26.53,AC,106,0.00833,0.00428,3102,33.7,85.76,305.0,1421,Medium
EV000244,2026-01-13 19:00:00,401.47,-126.15,-50.64,78.15,41.01,29.87,850,93,128175.4,245.9,110.0,121.7,3.29,6.93,22.49,55.48,48.11,AC,112,0.00923,0.00407,2921,87.4,84.61,320.2,1348,Medium
EV000278,2026-01-13 19:05:00,384.02,175.93,67.56,58.47,32.4,26.27,1784,503,239501.9,49.8,16.0,51.0,1.05,1.95,18.5,43.29,37.41,DC,65,0.01166,0.00761,3347,66.3,67.44,218.7,466,High
EV000056,2026-01-13 19:10:00,376.31,-75.07,-28.25,35.6,25.59,20.89,1777,825,39312.2,149.2,97.6,142.9,3.41,2.09,22.7,44.36,30.74,AC,61,0.01192,0.00678,1161,63.0,68.41,104.4,468,High
EV000189,2026-01-13 19:15:00,361.89,-177.18,-64.12,58.82,46.18,28.47,697,136,7886.1,2.0,74.9,86.8,1.63,2.79,14.77,62.85,56.01,AC,19,0.00547,0.00484,156,48.7,88.65,309.8,1523,Medium
EV000295,2026-01-13 19:20:00,339.58,202.18,68.66,47.19,23.13,7.83,790,150,89588.9,124.3,65.5,103.5,3.93,7.97,13.41,29.24,28.23,DC,83,0.0079,0.00482,1260,26.0,85.97,143.6,1463,Medium
EV000065,2026-01-13 19:25:00,386.46,150.42,58.13,14.23,15.0,4.78,218,45,49693.4,129.9,24.0,57.2,2.65,4.65,13.72,34.36,22.08,AC,16,0.00423,0.00273,1205,44.1,96.19,79.7,1919,Low
EV000272,2026-01-13 19:30:00,373.28,171.97,64.19,37.51,44.16,33.08,264,33,14813.0,83.5,79.4,116.7,2.48,2.43,14.26,53.03,51.1,DC,137,0.00574,0.00307,625,59.0,94.04,128.2,1826,Low
EV000144,2026-01-13 19:35:00,373.32,-165.29,-61.71,65.32,24.91,21.08,507,130,184839.6,65.0,113.9,146.7,3.59,1.85,13.71,37.79,34.55,AC,67,0.00685,0.00357,3135,40.9,87.45,305.4,1578,Medium
EV000238,2026-01-13 19:40:00,396.03,-20.71,-8.2,26.76,20.06,7.01,1396,766,28977.9,96.0,48.5,98.8,2.06,5.85,14.52,30.55,26.36,DC,96,0.01041,0.00578,1203,46.1,74.05,109.4,772,High
EV000294,2026-01-13 19:45:00,380.08,160.02,60.82,7.54,40.98,31.19,1735,987,163728.4,138.6,107.0,164.8,1.67,1.64,21.34,57.23,45.12,AC,147,0.01278,0.00774,2522,21.9,65.78,40.0,252,High
EV000108,2026-01-13 19:50:00,323.8,189.96,61.51,48.6,16.88,-1.02,527,292,119222.8,202.0,114.9,156.7,0.34,1.96,24.23,35.47,26.86,AC,108,0.00687,0.0038,2235,88.9,88.42,169.5,1490,Medium
EV000041,2026-01-13 19:55:00,404.56,-2.22,-0.9,36.62,19.96,3.94,861,11,71926.4,20.6,84.7,107.1,0.56,0.11,17.0,32.26,33.0,DC,156,0.0078,0.00416,1980,33.7,86.37,179.3,1464,Medium
EV000159,2026-01-13 20:00:00,337.15,-111.79,-37.69,46.79,55.72,40.29,609,265,55351.7,159.1,61.7,90.0,0.92,4.97,24.83,67.96,59.75,AC,154,0.00578,0.0044,1705,67.5,84.24,206.3,1408,Medium
EV000070,2026-01-13 20:05:00,407.63,-200.02,-81.54,24.66,46.8,30.34,1423,285,73432.5,179.2,97.7,156.6,4.04,0.3,13.91,60.91,61.15,DC,69,0.01156,0.00668,3306,90.4,74.46,110.0,769,High
EV000263,2026-01-13 20:10:00,334.9,-143.62,-48.1,35.76,21.41,14.37,964,424,60991.2,245.3,94.4,146.3,3.68,2.09,18.77,31.78,29.7,AC,164,0.00739,0.00538,1496,48.4,82.33,127.5,1257,Medium
EV000056,2026-01-13 20:15:00,395.34,153.64,60.74,21.58,15.04,1.48,1076,540,169478.4,22.6,47.1,74.3,3.79,2.07,12.44,27.7,26.82,AC,120,0.00785,0.00614,2373,53.8,78.45,76.9,976,High
EV000082,2026-01-13 20:20:00,335.3,165.6,55.52,5.74,15.0,3.55,1646,852,97125.3,12.8,54.8,113.6,1.42,1.08,14.81,31.26,26.16,AC,176,0.01047,0.00776,1317,34.9,69.73,40.0,508,High
EV000113,2026-01-13 20:25:00,405.76,-3.39,-1.38,25.81,16.66,5.85,1597,298,107237.8,103.0,22.1,71.4,2.4,1.31,21.16,25.69,24.93,AC,100,0.01066,0.00623,3450,33.2,71.9,103.8,734,High
EV000233,2026-01-13 20:30:00,408.6,38.59,15.77,27.87,34.95,28.46,1199,565,95595.5,159.5,52.7,109.4,4.11,6.29,19.84,54.32,44.85,AC,92,0.00971,0.00536,2086,85.5,76.78,77.1,898,High
EV000189,2026-01-13 20:35:00,360.23,-21.34,-7.69,81.68,15.0,-3.91,810,247,83932.7,126.0,48.3,86.1,2.54,6.05,12.88,23.05,23.58,AC,95,0.00821,0.00404,1347,33.6,84.74,261.8,1332,Medium
EV000099,2026-01-13 20:40:00,406.81,-26.22,-10.67,10.03,29.79,12.02,1468,35,149166.1,153.1,20.7,61.5,2.5,7.16,21.42,46.89,39.24,DC,22,0.01037,0.005,2193,86.5,79.09,47.2,1128,High
EV000078,2026-01-13 20:45:00,328.19,168.82,55.41,8.01,25.41,11.38,728,363,118793.6,98.7,40.7,66.5,2.18,0.88,13.49,39.02,33.11,AC,30,0.006,0.00463,1705,61.5,83.96,40.0,1387,Medium
EV000290,2026-01-13 20:50:00,349.42,-172.83,-60.39,93.51,16.78,6.19,1043,567,112358.6,12.0,54.1,65.9,3.26,5.21,19.75,31.91,29.81,AC,34,0.00908,0.00508,2646,34.1,78.58,433.7,1041,High
EV000200,2026-01-13 20:55:00,388.86,98.73,38.39,88.04,38.08,34.4,1556,902,17436.6,172.9,74.0,88.4,3.14,7.93,19.63,52.68,41.58,DC,82,0.01061,0.00649,376,36.8,70.43,233.9,652,High
EV000039,2026-01-13 21:00:00,346.31,-110.35,-38.21,66.16,25.61,13.82,1565,860,183966.2,206.1,99.2,155.0,2.17,0.21,16.76,31.66,30.78,AC,134,0.01145,0.00733,2775,34.1,68.98,268.4,461,High
EV000289,2026-01-13 21:05:00,371.31,-198.68,-73.77,26.08,20.01,10.79,154,39,61165.2,159.8,82.3,130.7,0.64,2.02,17.82,25.66,29.36,AC,87,0.00623,0.00353,1506,71.9,95.24,102.0,1895,Low
EV000118,2026-01-13 21:10:00,392.14,64.08,25.13,6.49,15.0,-7.67,1022,602,109878.2,91.0,101.4,118.7,2.67,5.21,20.8,33.88,20.65,AC,44,0.00783,0.00581,1764,63.0,78.12,40.0,990,High
EV000257,2026-01-13 21:15:00,365.08,77.58,28.32,39.74,51.11,40.97,1711,533,228514.4,227.7,26.5,86.2,0.54,2.42,24.19,64.42,61.86,DC,175,0.01071,0.00624,3222,33.1,68.57,131.8,392,High
EV000075,2026-01-13 21:20:00,366.76,-199.79,-73.27,67.06,42.33,29.85,304,28,85142.9,9.4,97.0,141.8,2.16,1.99,12.44,61.4,45.98,AC,137,0.00635,0.00343,2699,84.1,91.25,334.7,1658,Low
EV000294,2026-01-13 21:25:00,402.92,-99.75,-40.19,23.58,51.46,34.43,208,14,111894.4,16.1,15.7,58.1,4.43,5.61,15.66,68.18,54.51,DC,144,0.00286,0.00383,2173,60.2,91.25,116.0,1692,Low
EV000279,2026-01-13 21:30:00,344.6,93.35,32.17,76.54,53.46,37.93,1621,262,116381.4,38.6,95.6,155.2,3.05,2.2,15.48,73.07,61.17,DC,100,0.01172,0.00656,2097,29.8,72.0,264.2,619,High
EV000095,2026-01-13 21:35:00,340.14,62.51,21.26,94.44,19.86,8.1,1331,317,160290.9,196.9,64.9,115.3,2.78,7.64,22.1,27.74,24.01,DC,73,0.00862,0.00651,2875,85.9,76.72,257.6,917,High
EV000045,2026-01-13 21:40:00,387.36,-55.82,-21.62,72.71,41.1,30.05,916,172,138227.4,73.5,21.8,32.1,1.4,4.4,24.95,55.29,46.84,AC,98,0.0072,0.00456,3288,75.8,81.53,250.1,1235,Medium
EV000224,2026-01-13 21:45:00,363.55,35.41,12.87,17.83,28.45,22.1,778,274,124682.2,54.5,88.4,145.3,3.1,3.26,14.38,35.31,32.31,AC,65,0.00898,0.00527,3006,29.5,84.45,56.6,1420,Medium
EV000262,2026-01-13 21:50:00,390.01,160.95,62.77,67.98,25.02,17.47,1518,776,6818.9,43.2,108.4,161.1,4.32,7.41,24.59,31.36,35.44,AC,91,0.01156,0.00662,171,85.8,73.22,215.1,805,High
EV000190,2026-01-13 21:55:00,337.13,-154.76,-52.18,76.84,23.41,8.64,1612,453,145301.6,104.4,49.8,108.4,4.21,7.44,17.61,35.04,38.32,DC,93,0.01118,0.00664,2763,41.2,71.94,304.4,615,High
EV000168,2026-01-13 22:00:00,382.99,-142.26,-54.49,22.05,48.96,32.19,1771,98,96996.0,214.7,19.5,44.6,0.24,1.26,12.57,66.9,57.25,DC,153,0.00949,0.00651,3353,73.6,70.49,86.8,575,High
EV000158,2026-01-13 22:05:00,374.81,76.51,28.68,97.6,15.0,10.41,123,37,127390.1,124.6,15.3,45.8,1.03,2.8,18.09,26.41,21.98,DC,178,0.00575,0.00322,2901,67.0,94.97,442.4,1979,Low
EV000210,2026-01-13 22:10:00,397.56,86.74,34.49,93.21,26.19,18.06,517,117,69451.5,93.5,108.8,165.3,3.41,0.86,14.32,42.18,40.73,DC,80,0.00616,0.00333,1324,44.4,90.45,341.7,1747,Low
EV000005,2026-01-13 22:15:00,344.15,-104.09,-35.82,41.7,19.21,3.31,1316,226,264698.8,97.8,78.7,125.6,2.17,6.95,15.07,31.95,26.1,DC,98,0.00774,0.00568,3487,44.4,76.68,133.0,840,High
EV000146,2026-01-13 22:20:00,320.01,-160.45,-51.35,77.57,15.0,3.49,878,20,85482.2,64.7,83.1,108.0,2.79,5.03,12.82,31.42,28.59,DC,127,0.00678,0.00491,1417,23.2,86.03,283.2,1415,Medium
EV000171,2026-01-13 22:25:00,337.02,-185.23,-62.43,75.21,43.43,26.71,741,187,156623.5,58.7,56.5,78.0,3.93,6.78,20.86,59.97,56.43,DC,91,0.00693,0.00451,2687,53.5,83.67,361.5,1306,Medium
EV000255,2026-01-13 22:30:00,407.65,166.3,67.79,69.59,36.47,25.37,104,54,23623.0,85.4,78.7,104.1,1.51,5.71,22.37,54.24,45.67,AC,61,0.00505,0.00242,738,67.7,96.5,299.7,1986,Low
EV000175,2026-01-13 22:35:00,340.13,68.79,23.4,73.99,21.71,18.08,839,121,41881.9,77.3,113.7,127.8,1.53,1.92,12.43,41.47,29.85,AC,144,0.00576,0.0041,1929,75.2,84.73,315.4,1403,Medium
EV000015,2026-01-13 22:40:00,375.12,-111.1,-41.67,65.77,20.18,12.81,639,31,265276.7,191.8,77.3,116.1,0.81,5.37,18.12,30.43,25.46,AC,48,0.00654,0.00367,3460,82.1,87.33,267.3,1436,Medium
EV000291,2026-01-13 22:45:00,329.47,117.05,38.56,39.52,22.79,13.94,531,207,77666.9,5.8,77.6,127.8,1.14,7.88,21.05,34.03,33.85,AC,94,0.0052,0.00477,2202,83.6,88.08,201.9,1548,Medium
EV000168,2026-01-13 22:50:00,390.99,-146.85,-57.42,61.71,45.45,29.64,1366,83,79358.1,4.8,49.5,89.8,3.72,3.61,17.55,57.24,48.85,DC,75,0.00873,0.00506,2195,42.9,77.6,168.3,1010,High
EV000176,2026-01-13 22:55:00,349.63,37.9,13.25,74.5,37.82,22.18,1570,137,89527.7,76.9,82.2,124.7,0.95,1.1,15.93,50.05,45.04,DC,71,0.00833,0.00649,1784,20.8,75.5,206.7,800,High
EV000203,2026-01-13 23:00:00,360.69,-124.64,-44.96,37.79,15.0,-7.73,475,61,137240.0,126.0,96.9,135.6,0.5,0.18,20.8,28.24,22.23,DC,168,0.00393,0.00324,2352,21.6,90.62,135.1,1753,Low
EV000076,2026-01-13 23:05:00,350.51,95.0,33.3,37.45,42.72,30.62,441,206,62555.3,91.1,39.8,99.7,0.85,3.31,12.31,62.02,50.47,DC,162,0.00547,0.00426,1158,26.3,89.44,139.1,1656,Medium
EV000153,2026-01-13 23:10:00,400.39,-92.87,-37.19,56.85,17.69,7.01,1213,201,3896.8,131.3,96.3,108.5,3.21,3.81,19.57,33.09,26.55,DC,147,0.00702,0.00498,72,34.8,84.36,263.6,1322,Medium
EV000072,2026-01-13 23:15:00,331.08,212.59,70.38,11.12,58.07,40.97,1764,797,146415.4,19.2,52.9,95.8,2.18,3.72,22.82,64.15,64.84,AC,33,0.0092,0.00737,3045,90.1,64.37,40.0,169,High
EV000277,2026-01-13 23:20:00,381.68,138.55,52.88,82.86,41.08,29.51,431,136,238788.1,204.1,65.2,94.7,1.04,5.72,18.76,56.45,53.52,DC,156,0.00463,0.00323,3160,91.2,88.56,309.8,1615,Medium
EV000146,2026-01-13 23:25:00,367.02,-104.03,-38.18,31.3,42.59,26.45,200,89,182461.0,186.9,82.3,92.4,0.23,3.07,12.42,53.14,48.18,DC,49,0.00644,0.00252,3487,83.6,91.07,141.2,1703,Low
EV000271,2026-01-13 23:30:00,332.58,-174.33,-57.98,38.83,35.37,21.65,560,311,110229.7,100.5,28.8,45.2,3.64,1.24,12.23,52.95,47.72,AC,112,0.00788,0.00438,1751,51.0,86.7,186.9,1395,Medium
EV000093,2026-01-13 23:35:00,390.8,12.43,4.86,26.2,20.74,7.38,1032,155,17811.1,65.6,64.1,84.6,3.16,5.3,18.32,31.19,24.85,AC,56,0.00652,0.00525,521,89.8,85.13,95.6,1335,Medium
EV000040,2026-01-13 23:40:00,339.34,111.22,37.74,98.91,43.84,27.81,150,68,41175.9,95.6,30.4,60.1,0.47,4.03,13.45,58.41,52.45,AC,26,0.00593,0.00301,686,89.0,95.19,396.4,1878,Low
EV000211,2026-01-13 23:45:00,340.16,-173.82,-59.13,71.69,43.78,39.93,270,154,28294.4,145.4,115.8,141.2,2.28,1.25,19.29,54.59,50.67,AC,86,0.00538,0.00286,615,50.0,93.97,313.2,1896,Low
EV000009,2026-01-13 23:50:00,383.87,74.72,28.68,86.06,21.66,11.3,1687,882,3017.0,8.4,102.3,158.5,1.3,2.76,14.36,27.45,36.49,AC,87,0.01251,0.00737,66,39.7,71.57,343.1,647,High
EV000178,2026-01-13 23:55:00,388.97,118.02,45.91,55.04,15.0,-4.86,340,69,165971.2,226.4,25.2,81.7,4.02,6.17,23.9,28.11,22.19,DC,125,0.00425,0.00381,2681,87.4,90.25,279.7,1652,Low
EV000041,2026-01-14 00:00:00,400.37,-205.26,-82.18,59.72,28.11,18.94,786,230,82001.4,165.4,28.2,58.9,1.33,3.13,16.14,41.03,39.94,AC,65,0.00719,0.00437,2017,68.8,84.33,284.7,1266,Medium
EV000284,2026-01-14 00:05:00,363.36,162.69,59.12,17.98,35.72,24.85,1534,200,86003.6,99.5,78.7,124.5,3.92,2.54,21.44,55.48,40.5,DC,106,0.00998,0.00646,1938,37.6,75.05,61.0,764,High
EV000085,2026-01-14 00:10:00,359.16,-52.32,-18.79,32.78,15.0,-3.64,614,254,6661.2,16.1,92.4,121.0,0.39,5.27,23.43,22.87,27.17,AC,38,0.00574,0.0039,88,64.1,90.24,151.2,1604,Low
EV000072,2026-01-14 00:15:00,331.26,-187.44,-62.09,33.33,34.85,31.81,499,95,161840.4,177.6,107.2,133.8,0.87,1.09,16.5,44.71,38.67,AC,108,0.00708,0.00433,3158,90.8,88.58,169.0,1551,Medium
EV000254,2026-01-14 00:20:00,362.23,-98.69,-35.75,9.5,17.63,1.49,700,272,83912.5,103.3,30.9,73.4,3.41,1.93,23.45,27.1,27.78,DC,70,0.00738,0.00507,3301,93.5,83.3,40.0,1257,Medium
EV000229,2026-01-14 00:25:00,365.38,84.04,30.71,5.13,15.0,-3.27,1640,663,60499.1,141.8,92.1,143.8,1.61,1.08,22.82,20.63,22.72,DC,39,0.01155,0.00647,1767,64.7,71.16,40.0,689,High
EV000188,2026-01-14 00:30:00,405.88,83.15,33.75,56.22,15.0,-5.08,65,13,84704.4,229.1,114.3,141.0,3.55,2.08,23.17,20.38,23.85,AC,31,0.00374,0.00341,1695,36.8,95.93,201.0,1957,Low
EV000108,2026-01-14 00:35:00,364.67,-101.09,-36.86,99.98,31.93,22.61,259,119,66675.0,41.5,70.7,101.9,4.36,1.16,20.15,39.41,37.85,AC,51,0.00655,0.0038,2039,78.3,92.1,432.3,1771,Low
EV000035,2026-01-14 00:40:00,369.78,188.82,69.82,28.06,15.0,-2.97,1177,130,23932.9,220.1,54.7,98.1,3.03,1.23,20.92,27.41,26.27,AC,128,0.00938,0.005,440,94.0,84.36,113.5,1274,Medium
EV000031,2026-01-14 00:45:00,394.39,38.01,14.99,9.21,56.7,41.7,751,199,30926.9,71.9,98.5,110.1,2.4,4.39,12.34,64.61,63.11,AC,108,0.00549,0.0051,491,88.6,86.46,40.0,1502,Medium
EV000185,2026-01-14 00:50:00,366.88,125.41,46.01,7.95,15.0,-9.58,484,93,90858.1,29.2,111.1,138.2,0.31,6.64,17.83,27.53,28.23,DC,153,0.00623,0.00449,3068,89.4,88.06,40.0,1620,Medium
EV000150,2026-01-14 00:55:00,320.0,109.1,34.91,45.78,24.38,16.18,408,154,4230.6,112.5,54.4,105.9,4.32,0.51,21.52,37.18,31.98,DC,80,0.00581,0.00424,111,93.0,92.56,185.3,1811,Low
EV000261,2026-01-14 01:00:00,356.49,-218.13,-77.76,97.82,34.44,28.26,949,227,80367.6,222.2,28.0,74.4,2.57,6.87,15.09,42.35,40.86,DC,92,0.00856,0.00473,2179,66.9,82.65,346.3,1282,Medium
EV000175,2026-01-14 01:05:00,389.77,-171.65,-66.9,59.51,20.03,5.37,1594,741,11311.7,168.1,108.6,132.3,1.48,2.61,12.56,38.73,31.0,AC,168,0.01058,0.00701,515,39.4,73.01,235.2,769,High
EV000125,2026-01-14 01:10:00,408.92,-34.7,-14.19,51.84,15.0,-7.19,802,446,2806.8,222.9,56.1,81.2,2.5,2.79,21.06,31.29,22.54,DC,92,0.00899,0.00535,127,50.1,85.13,227.9,1449,Medium
EV000097,2026-01-14 01:15:00,389.77,-85.33,-33.26,78.55,24.34,18.86,661,46,155843.0,90.9,95.1,122.1,0.92,5.9,15.77,32.62,31.88,DC,152,0.00584,0.00383,2597,82.2,87.11,246.0,1520,Medium
EV000181,2026-01-14 01:20:00,405.37,134.41,54.49,66.03,15.0,-1.31,269,28,107686.1,171.5,34.1,91.6,1.75,2.27,22.9,27.8,20.4,DC,120,0.00462,0.00262,2344,46.7,93.48,317.3,1914,Low
EV000276,2026-01-14 01:25:00,356.23,-125.49,-44.71,45.8,49.61,36.46,115,52,19050.2,158.9,117.8,145.7,0.6,4.27,20.47,56.41,54.15,AC,98,0.00534,0.0024,602,47.1,94.9,186.2,1941,Low
EV000003,2026-01-14 01:30:00,338.18,100.29,33.92,86.34,28.47,21.0,1195,58,51307.4,87.4,84.9,124.8,0.61,7.14,14.58,38.45,38.19,AC,70,0.01077,0.00548,1955,62.4,83.33,337.8,1353,Medium
EV000231,2026-01-14 01:35:00,321.15,205.5,66.0,32.29,23.84,13.97,867,319,85896.7,111.2,103.8,142.9,2.37,5.7,21.6,42.67,35.13,AC,121,0.0074,0.00471,1135,21.7,84.3,123.7,1316,Medium
EV000097,2026-01-14 01:40:00,374.46,207.0,77.51,69.15,48.22,39.43,1620,540,126540.9,241.1,78.0,95.1,1.53,7.36,22.23,58.59,52.48,AC,104,0.00937,0.00597,2506,68.2,69.39,194.9,443,High
EV000155,2026-01-14 01:45:00,368.76,-30.39,-11.21,22.24,28.89,19.51,994,432,21469.7,157.6,65.7,82.5,1.27,5.64,21.46,42.43,38.06,AC,62,0.00676,0.00584,924,46.2,83.48,77.7,1258,Medium
EV000182,2026-01-14 01:50:00,374.6,-130.37,-48.84,54.08,37.21,32.46,617,346,9665.0,74.8,47.9,98.0,1.03,0.9,18.66,44.07,43.65,AC,119,0.00741,0.00387,184,24.5,87.57,255.9,1480,Medium
EV000250,2026-01-14 01:55:00,370.74,137.71,51.05,35.59,33.21,16.47,30,4,11362.0,178.2,110.4,123.3,3.22,0.18,21.15,38.66,48.17,AC,174,0.00306,0.00352,323,72.5,98.66,150.8,2203,Low
EV000136,2026-01-14 02:00:00,320.81,19.43,6.23,25.56,27.41,10.31,648,7,74269.7,90.4,41.7,78.9,4.46,5.12,20.78,45.44,40.95,DC,78,0.00684,0.00391,3185,64.9,86.45,88.3,1460,Medium
EV000202,2026-01-14 02:05:00,335.72,53.31,17.9,42.04,58.0,41.58,1632,190,65544.3,148.9,85.6,129.8,0.87,4.53,23.58,74.65,64.58,AC,27,0.01174,0.00604,1064,45.8,74.67,187.4,762,High
EV000035,2026-01-14 02:10:00,402.36,204.42,82.25,19.31,15.0,-0.25,193,48,10737.6,171.6,17.0,28.9,2.68,7.38,13.21,33.54,28.23,AC,162,0.00326,0.00344,188,41.1,97.79,102.6,2088,Low
EV000078,2026-01-14 02:15:00,327.11,-20.03,-6.55,41.44,31.61,24.83,1792,215,55830.3,185.8,69.6,103.4,3.43,6.58,17.11,49.56,44.85,AC,162,0.01135,0.00701,1489,84.8,73.01,172.7,730,High
EV000139,2026-01-14 02:20:00,341.03,14.68,5.01,31.6,33.23,16.95,835,439,93660.1,31.4,108.5,125.2,3.2,0.51,12.24,40.0,37.6,DC,27,0.00564,0.00549,1931,35.5,83.28,141.3,1269,Medium
EV000132,2026-01-14 02:25:00,387.53,60.57,23.47,95.56,15.0,9.29,8,1,14841.5,227.3,105.1,129.3,3.0,0.39,20.27,20.06,29.06,DC,84,0.00339,0.00225,396,53.0,99.72,498.4,2190,Low
EV000212,2026-01-14 02:30:00,377.47,-110.09,-41.56,32.86,49.24,31.58,1113,382,130483.4,229.6,88.2,100.5,0.8,1.21,14.61,63.15,57.91,AC,46,0.0075,0.00559,2202,27.6,78.73,136.1,984,High
EV000221,2026-01-14 02:35:00,342.31,27.58,9.44,75.95,16.24,-0.75,1367,295,100499.8,237.6,119.5,167.0,4.08,7.47,19.67,27.83,27.08,AC,152,0.01095,0.00528,3268,31.6,74.76,235.9,759,High
EV000224,2026-01-14 02:40:00,346.17,17.69,6.12,27.65,15.0,-9.16,1192,33,177163.5,19.6,77.7,92.1,2.11,3.34,13.31,34.54,25.11,AC,106,0.00856,0.0051,2974,70.4,81.7,109.6,1223,Medium
EV000005,2026-01-14 02:45:00,359.15,-184.66,-66.32,12.81,27.58,10.34,1757,309,136114.6,154.8,82.3,106.1,3.95,7.73,23.61,42.1,31.56,AC,69,0.01024,0.00623,2558,54.2,72.4,40.0,656,High
EV000016,2026-01-14 02:50:00,369.61,85.19,31.49,84.68,15.0,-6.79,672,126,33587.4,112.3,58.6,79.5,0.26,5.68,24.36,29.66,23.7,AC,166,0.00778,0.00357,492,56.7,90.33,323.4,1725,Low
EV000012,2026-01-14 02:55:00,323.94,76.18,24.68,32.63,27.01,22.64,582,207,24817.9,190.8,52.0,107.4,2.04,2.47,21.47,44.29,39.21,AC,175,0.00828,0.00371,370,32.9,89.57,129.8,1648,Medium
EV000233,2026-01-14 03:00:00,381.79,47.88,18.28,47.73,47.65,35.04,715,393,32418.0,3.6,56.7,111.1,0.35,3.98,12.56,67.2,56.86,AC,129,0.00688,0.00443,1069,51.4,83.92,174.6,1376,Medium
EV000037,2026-01-14 03:05:00,388.92,-8.25,-3.21,28.37,31.86,22.39,583,168,190956.3,74.8,39.7,82.0,4.28,4.35,18.82,47.77,44.3,DC,161,0.00674,0.00423,2542,22.9,87.12,131.0,1462,Medium
EV000162,2026-01-14 03:10:00,381.36,102.98,39.27,12.7,15.0,-8.33,20,8,72982.1,84.5,60.3,85.7,3.19,2.54,24.34,26.13,29.06,AC,137,0.00476,0.00257,2809,42.7,96.66,54.0,2064,Low
EV000200,2026-01-14 03:15:00,409.8,-97.81,-40.08,63.62,46.97,30.32,1543,478,6099.6,241.5,18.6,42.0,2.37,6.55,19.04,54.14,60.42,DC,88,0.01106,0.00705,106,34.7,74.88,225.4,888,High
EV000099,2026-01-14 03:20:00,351.74,-35.82,-12.6,78.22,16.88,9.99,424,180,8863.8,64.7,75.8,96.5,1.17,2.15,16.91,33.53,20.18,AC,70,0.00613,0.00431,196,56.7,91.72,372.3,1811,Low
EV000279,2026-01-14 03:25:00,335.82,-127.26,-42.74,47.69,25.42,20.17,1428,375,88633.5,69.8,27.8,87.3,2.69,4.62,20.38,44.13,28.82,DC,162,0.01125,0.00651,1542,34.6,76.39,164.5,946,High
EV000077,2026-01-14 03:30:00,334.82,-196.35,-65.74,39.79,32.04,21.04,246,131,101518.4,76.6,77.4,105.0,3.35,2.57,12.77,39.62,38.55,DC,145,0.00514,0.00286,1951,75.6,91.91,186.6,1796,Low
EV000252,2026-01-14 03:35:00,370.9,69.71,25.85,58.59,41.81,28.9,1687,420,94187.2,35.7,48.6,63.8,2.08,5.08,18.78,47.04,48.49,AC,106,0.01171,0.00701,2415,44.0,72.15,225.6,593,High
EV000048,2026-01-14 03:40:00,330.62,24.1,7.97,91.18,39.75,31.22,1515,143,81739.9,27.4,57.6,100.7,1.58,1.17,15.76,55.06,46.86,DC,126,0.01064,0.00622,2340,28.9,76.47,365.7,908,High
EV000149,2026-01-14 03:45:00,385.51,-113.36,-43.7,27.54,43.85,31.91,451,39,92643.8,238.5,98.1,123.6,1.25,2.68,13.48,53.9,55.13,AC,167,0.00642,0.00419,1210,60.6,90.08,104.9,1726,Low
EV000142,2026-01-14 03:50:00,337.92,159.03,53.74,45.33,31.69,18.45,1218,621,14229.4,168.9,27.6,62.7,0.21,5.71,13.43,50.22,35.31,AC,132,0.00744,0.00642,359,83.4,78.05,139.6,954,High
EV000003,2026-01-14 03:55:00,333.68,-35.5,-11.85,44.37,32.94,27.56,322,108,53863.4,189.6,86.1,104.3,2.78,1.02,12.77,44.98,47.04,DC,35,0.00351,0.00353,1182,65.1,92.86,173.4,1808,Low
EV000056,2026-01-14 04:00:00,389.87,-211.19,-82.34,38.29,35.92,28.72,363,163,38883.6,78.2,82.6,98.3,4.37,4.73,17.16,51.39,46.22,DC,99,0.00706,0.00371,1183,22.6,92.76,135.0,1757,Low
EV000082,2026-01-14 04:05:00,320.04,-93.34,-29.87,80.6,35.2,26.2,443,129,88799.0,63.6,80.5,108.9,2.84,1.86,21.12,40.55,48.65,DC,87,0.00534,0.00442,1721,40.0,89.43,432.5,1614,Medium
EV000070,2026-01-14 04:10:00,350.8,48.68,17.08,81.18,46.01,41.48,341,114,70708.3,80.6,61.2,106.3,2.23,7.19,22.67,62.28,49.03,DC,54,0.0062,0.00309,3335,89.2,87.45,276.7,1552,Medium
EV000083,2026-01-14 04:15:00,324.76,138.88,45.1,64.51,28.83,23.56,742,95,199462.3,92.0,27.3,77.3,4.08,7.66,14.02,44.06,39.42,AC,154,0.00659,0.0043,3375,40.4,83.91,324.2,1344,Medium
EV000015,2026-01-14 04:20:00,337.81,112.66,38.06,76.29,25.71,20.95,1298,91,209466.5,110.6,109.1,137.5,3.76,4.3,18.87,45.12,30.49,AC,91,0.00724,0.00584,3120,82.3,78.96,263.6,1121,High
EV000300,2026-01-14 04:25:00,340.45,136.34,46.42,53.39,15.0,-6.81,389,231,26595.5,205.8,51.9,79.1,0.74,3.07,22.95,24.11,20.85,DC,57,0.00702,0.00315,625,28.7,91.84,268.8,1788,Low
EV000216,2026-01-14 04:30:00,357.45,-61.14,-21.85,24.99,15.0,-3.14,1055,75,100055.9,151.6,112.1,157.5,3.45,7.94,20.8,29.54,23.7,DC,164,0.0075,0.00561,3023,80.1,82.77,109.4,1243,Medium
EV000125,2026-01-14 04:35:00,400.29,121.47,48.62,61.54,15.0,-6.77,608,244,13307.9,231.5,61.6,81.7,3.39,7.12,16.22,20.11,29.49,DC,34,0.00693,0.00379,219,26.2,90.75,225.7,1695,Low
EV000073,2026-01-14 04:40:00,327.53,156.94,51.4,96.79,15.0,-6.29,1312,479,29837.0,234.7,25.9,54.8,1.97,3.24,13.89,21.29,20.67,DC,123,0.00908,0.00546,1041,69.0,77.59,294.6,916,High
EV000069,2026-01-14 04:45:00,345.19,-60.58,-20.91,17.02,38.03,22.4,943,494,103517.9,124.6,89.1,148.7,2.76,7.85,17.83,52.69,41.38,AC,92,0.00595,0.00563,1584,23.1,80.38,67.2,1112,Medium
EV000123,2026-01-14 04:50:00,335.51,-120.32,-40.37,97.9,34.7,29.92,678,82,43812.2,99.8,21.3,49.1,3.38,4.18,13.88,48.0,47.43,DC,131,0.00522,0.00422,638,55.2,88.66,447.7,1583,Medium
EV000292,2026-01-14 04:55:00,389.56,-207.78,-80.94,18.11,19.8,4.88,851,479,24582.3,186.7,116.9,150.6,2.16,2.76,12.64,26.07,34.6,DC,67,0.00719,0.005,705,49.4,82.75,64.7,1234,Medium
EV000114,2026-01-14 05:00:00,326.7,-144.4,-47.18,55.55,15.0,0.67,1286,661,66036.8,40.6,68.3,98.6,2.89,7.11,16.74,23.02,28.17,DC,80,0.00854,0.00611,882,40.7,76.55,200.2,981,High
EV000208,2026-01-14 05:05:00,333.57,150.26,50.12,66.02,15.0,-9.13,1242,381,86730.4,224.5,22.0,43.7,2.29,1.34,24.22,21.12,21.76,DC,40,0.00859,0.00633,1665,39.6,78.84,265.1,1047,High
EV000156,2026-01-14 05:10:00,355.8,185.69,66.07,37.72,15.0,-9.51,705,169,46754.4,163.3,95.4,153.5,2.65,3.01,12.01,22.79,24.31,DC,39,0.00491,0.00428,1008,66.4,89.53,130.1,1688,Medium
EV000244,2026-01-14 05:15:00,353.34,180.47,63.76,95.44,30.71,18.3,68,24,130762.2,11.4,85.7,129.6,3.22,4.23,14.06,49.12,45.21,AC,17,0.00428,0.00353,1667,90.1,96.08,464.7,1918,Low
EV000010,2026-01-14 05:20:00,380.69,0.68,0.26,54.55,45.32,39.71,704,303,31951.5,21.4,98.5,119.0,4.48,0.38,23.63,61.03,58.84,DC,163,0.00818,0.00499,419,92.2,86.55,274.9,1437,Medium
EV000269,2026-01-14 05:25:00,330.65,208.81,69.04,72.65,40.3,23.77,973,434,134882.1,11.5,79.7,113.3,2.08,7.2,13.41,54.09,49.8,DC,87,0.00745,0.00455,2862,57.2,78.09,310.7,928,High
EV000262,2026-01-14 05:30:00,348.21,112.56,39.19,61.06,46.79,33.56,942,117,141810.1,40.2,50.3,67.6,2.38,4.04,20.27,62.24,53.9,AC,93,0.00626,0.00447,2469,33.2,82.35,179.1,1209,Medium
EV000229,2026-01-14 05:35:00,361.42,-214.01,-77.35,66.08,51.79,38.43,553,162,233683.9,58.6,43.5,96.3,0.71,3.07,21.04,62.29,58.03,AC,172,0.0082,0.00389,3427,52.2,84.67,293.7,1412,Medium
EV000006,2026-01-14 05:40:00,399.5,-110.54,-44.16,11.38,44.74,28.3,1561,864,47815.2,118.2,88.9,113.9,4.12,5.11,21.99,59.88,52.17,DC,89,0.01038,0.00659,1335,79.9,69.8,43.8,461,High
EV000179,2026-01-14 05:45:00,401.74,37.38,15.02,20.29,24.52,9.13,856,358,142565.3,22.0,52.0,111.2,4.02,5.69,22.35,43.02,35.68,AC,173,0.00668,0.00537,2478,68.3,82.7,95.2,1191,Medium
EV000171,2026-01-14 05:50:00,405.83,-74.46,-30.22,24.66,28.2,17.71,670,77,144649.3,60.6,88.5,100.0,1.17,5.87,12.46,39.57,39.59,DC,19,0.00488,0.00353,2150,60.0,88.59,128.6,1569,Medium
EV000121,2026-01-14 05:55:00,333.23,47.0,15.66,73.74,46.48,40.48,1555,365,60765.7,155.3,111.7,168.5,4.48,7.41,15.78,54.88,57.92,AC,76,0.00991,0.00671,1003,40.4,75.26,262.7,822,High
EV000255,2026-01-14 06:00:00,400.5,-166.65,-66.74,28.48,41.36,29.6,199,100,212399.1,191.9,39.2,85.3,1.46,1.91,19.82,51.83,54.9,AC,147,0.00369,0.00284,3572,47.4,89.89,116.6,1723,Medium
EV000190,2026-01-14 06:05:00,369.36,-152.72,-56.41,30.03,45.62,39.41,1207,566,160907.0,31.8,68.4,104.0,2.11,2.81,13.24,51.04,56.14,DC,147,0.01013,0.00649,2244,83.3,75.32,114.4,840,High
EV000178,2026-01-14 06:10:00,351.07,49.15,17.26,24.99,15.0,-2.25,1401,163,45399.6,187.8,106.6,128.8,0.21,6.47,13.73,30.57,21.65,DC,164,0.00782,0.00632,1707,35.1,78.82,109.6,1076,High
EV000268,2026-01-14 06:15:00,388.79,87.5,34.02,61.99,22.35,16.14,996,324,14805.0,223.8,41.4,100.6,2.14,3.52,17.79,30.15,33.97,AC,114,0.00646,0.00548,421,68.3,83.3,216.8,1234,Medium
EV000182,2026-01-14 06:20:00,397.25,-174.13,-69.17,74.28,48.58,41.71,599,132,9592.8,189.4,28.8,55.3,0.99,1.42,18.73,67.45,53.28,AC,158,0.0077,0.00455,245,56.9,89.67,253.2,1595,Medium
EV000049,2026-01-14 06:25:00,398.63,149.66,59.66,92.39,15.0,3.39,1629,459,54052.7,247.0,97.0,113.3,0.34,1.55,22.73,22.97,26.04,AC,84,0.01197,0.00727,1025,59.5,74.85,272.8,884,High
EV000240,2026-01-14 06:30:00,401.4,2.57,1.03,33.84,39.86,33.38,730,37,165161.8,25.8,117.3,172.2,1.9,2.36,21.16,57.75,44.75,DC,45,0.00662,0.00492,2426,81.3,86.21,160.7,1435,Medium
EV000174,2026-01-14 06:35:00,386.11,-180.91,-69.85,30.45,47.59,31.9,955,448,19800.7,241.6,52.7,100.2,0.83,3.03,13.49,60.02,56.4,AC,148,0.00836,0.0054,283,73.7,82.2,142.8,1207,Medium
EV000093,2026-01-14 06:40:00,335.9,-139.15,-46.74,62.45,43.82,37.25,744,215,207566.3,214.9,113.0,137.1,3.29,1.4,14.53,48.97,53.06,DC,145,0.00659,0.0043,3582,57.3,81.43,301.6,1138,Medium
EV000247,2026-01-14 06:45:00,402.89,108.25,43.61,36.08,40.61,37.57,1467,690,6114.1,242.1,25.4,43.7,2.25,0.24,12.65,57.41,44.52,AC,62,0.00899,0.0058,100,92.3,74.85,104.8,808,High
EV000286,2026-01-14 06:50:00,376.39,185.37,69.77,69.38,15.52,11.41,1555,534,63447.7,90.0,119.0,152.9,2.06,5.66,22.06,32.62,21.51,AC,127,0.01023,0.0071,2664,54.4,71.67,214.6,619,High
EV000125,2026-01-14 06:55:00,376.4,-75.04,-28.25,12.97,15.0,-0.41,1783,24,220355.8,83.7,99.0,156.7,4.09,3.3,12.22,21.31,22.07,AC,121,0.01255,0.00683,3487,35.6,72.02,51.2,680,High
EV000187,2026-01-14 07:00:00,328.02,92.64,30.39,29.86,15.0,6.28,1725,136,95729.1,27.5,103.2,130.6,1.05,2.85,15.52,30.0,18.07,DC,100,0.01,0.00649,1740,31.8,76.04,112.4,803,High
EV000127,2026-01-14 07:05:00,394.5,-25.4,-10.02,71.07,15.0,6.81,1225,524,42096.1,3.1,117.4,131.8,2.84,7.78,19.63,28.12,29.23,AC,45,0.00784,0.00604,1708,26.5,78.34,259.6,1047,High
EV000086,2026-01-14 07:10:00,363.47,21.93,7.97,94.21,15.0,-2.37,1205,465,195785.9,125.2,96.9,152.1,2.15,3.15,16.44,34.66,29.63,DC,25,0.00908,0.00627,2856,60.6,76.65,408.5,994,High
EV000116,2026-01-14 07:15:00,394.05,-117.9,-46.46,44.22,15.0,-0.59,1240,349,161017.0,61.3,101.2,140.9,4.49,3.37,22.58,30.49,24.61,AC,78,0.00773,0.00613,2293,46.1,77.3,133.7,948,High
EV000151,2026-01-14 07:20:00,346.88,-58.27,-20.21,30.58,36.82,29.9,387,6,123737.6,53.3,34.6,77.7,0.74,3.1,24.21,53.03,45.45,DC,31,0.00748,0.0035,1825,37.0,92.34,111.7,1772,Low
EV000282,2026-01-14 07:25:00,357.87,-187.38,-67.06,12.02,33.14,16.73,764,160,148098.2,19.4,68.8,87.2,0.73,4.05,16.69,50.94,46.92,AC,154,0.00554,0.00517,2421,32.5,84.17,54.9,1382,Medium
EV000070,2026-01-14 07:30:00,397.71,158.75,63.13,56.31,15.82,2.55,1343,198,55898.1,119.9,36.9,86.7,3.56,1.87,12.1,28.14,29.71,DC,24,0.00742,0.00638,888,30.2,81.12,203.1,1178,Medium
EV000240,2026-01-14 07:35:00,404.38,34.22,13.84,53.79,22.6,19.15,1146,446,33073.6,46.2,66.8,99.5,4.07,6.91,18.82,30.5,27.78,DC,81,0.00839,0.00581,423,46.3,81.91,214.6,1180,Medium
EV000272,2026-01-14 07:40:00,365.08,-135.24,-49.37,14.6,30.36,13.6,104,3,116541.7,125.6,105.6,148.5,3.98,4.31,15.34,41.21,41.86,AC,128,0.00322,0.00367,3612,86.6,94.34,57.5,1965,Low
EV000289,2026-01-14 07:45:00,393.65,-200.87,-79.07,81.47,38.15,24.71,658,197,131892.1,219.9,84.2,96.7,1.14,7.18,20.2,45.92,41.25,DC,175,0.00773,0.00432,3078,31.0,85.41,282.9,1352,Medium
EV000231,2026-01-14 07:50:00,407.37,-90.78,-36.98,18.18,50.62,41.43,1057,287,13207.3,50.8,48.1,69.1,1.03,0.71,24.95,56.46,55.42,DC,124,0.00918,0.00578,332,50.3,83.03,55.1,1223,Medium
EV000270,2026-01-14 07:55:00,378.36,-69.56,-26.32,67.18,53.61,39.58,312,50,39436.1,164.6,64.8,111.6,4.26,1.56,17.2,66.17,60.9,AC,59,0.00671,0.00364,1931,80.9,90.47,278.3,1666,Low
EV000180,2026-01-14 08:00:00,394.62,7.92,3.13,15.81,37.16,33.59,464,139,121686.0,102.6,25.3,43.9,3.54,3.79,14.41,51.52,45.62,AC,41,0.00506,0.00459,1875,33.9,88.86,75.9,1599,Medium
EV000139,2026-01-14 08:05:00,386.11,105.31,40.66,7.95,21.66,9.29,1697,398,40605.2,164.2,27.0,84.9,3.27,7.79,12.41,30.46,33.78,DC,102,0.01028,0.00609,1112,78.0,74.63,40.0,728,High
EV000219,2026-01-14 08:10:00,355.48,112.42,39.96,35.45,28.24,13.86,1308,562,23085.9,211.9,89.7,129.9,0.77,5.54,24.76,43.91,36.07,DC,131,0.01091,0.00597,767,77.8,77.41,97.5,914,High
EV000003,2026-01-14 08:15:00,330.04,-82.22,-27.13,44.15,41.8,33.74,884,162,16575.1,13.9,40.7,83.1,3.74,5.27,13.79,60.79,54.78,AC,30,0.00712,0.00441,671,94.0,84.96,181.0,1336,Medium
EV000093,2026-01-14 08:20:00,395.68,189.08,74.82,69.54,25.63,21.55,322,38,67481.3,242.5,71.9,89.8,2.89,1.66,13.06,31.32,33.52,DC,142,0.00508,0.00372,1629,46.4,92.47,376.2,1734,Low
EV000092,2026-01-14 08:25:00,408.73,25.65,10.49,54.42,30.54,24.09,376,130,109022.0,183.0,37.0,79.4,0.28,1.31,24.71,43.49,37.48,AC,174,0.00699,0.00425,1714,25.6,92.63,179.1,1804,Low
EV000017,2026-01-14 08:30:00,370.12,-30.82,-11.41,66.12,40.03,33.84,716,19,29999.1,152.3,78.5,101.6,0.23,7.98,16.84,51.76,53.93,AC,76,0.00686,0.00465,1370,34.2,87.55,211.4,1438,Medium
EV000028,2026-01-14 08:35:00,408.81,-215.86,-88.25,42.01,49.86,41.06,1606,126,54351.8,175.1,98.8,119.2,3.65,2.59,17.0,64.33,58.11,DC,108,0.0116,0.00561,872,25.2,76.81,124.0,946,High
EV000004,2026-01-14 08:40:00,348.02,124.19,43.22,24.42,15.0,-7.28,1409,668,36278.6,191.1,77.3,135.3,4.43,0.95,16.69,22.21,22.58,AC,90,0.00931,0.00595,974,62.4,75.77,73.2,828,High
EV000273,2026-01-14 08:45:00,342.05,-94.06,-32.17,92.52,15.0,0.24,1490,695,231806.8,113.4,75.5,134.3,1.69,6.29,14.38,33.57,19.52,AC,180,0.01171,0.00618,3399,35.8,70.14,268.5,612,High
EV000064,2026-01-14 08:50:00,332.02,-140.06,-46.5,13.68,32.93,25.42,983,441,1062.1,215.5,96.7,138.1,1.67,2.72,12.6,39.22,47.24,AC,48,0.00973,0.00456,39,43.8,83.32,44.6,1219,Medium
EV000081,2026-01-14 08:55:00,323.45,-119.68,-38.71,58.78,21.03,10.49,438,5,97862.3,111.2,88.6,108.8,2.95,3.65,19.5,33.56,25.03,AC,109,0.00723,0.00366,2199,29.7,90.78,314.2,1698,Low
EV000215,2026-01-14 09:00:00,355.31,159.82,56.78,22.75,34.39,23.02,723,23,56049.2,65.1,108.4,129.8,1.91,3.29,20.93,44.45,39.27,AC,175,0.00748,0.0039,899,44.1,90.54,78.7,1682,Low
EV000170,2026-01-14 09:05:00,365.26,42.42,15.5,43.34,15.0,-5.07,108,1,22827.0,156.3,36.3,76.4,4.31,1.87,23.93,20.95,22.22,DC,76,0.00267,0.00303,529,21.3,98.86,180.1,2206,Low
EV000139,2026-01-14 09:10:00,380.99,-151.85,-57.85,88.1,30.81,25.36,1744,951,81885.2,213.7,36.3,61.1,2.74,6.59,19.08,46.83,36.57,DC,107,0.01186,0.00817,2421,60.9,66.81,285.1,366,High
EV000254,2026-01-14 09:15:00,348.87,-2.29,-0.8,9.06,40.51,24.48,493,149,159199.7,110.2,78.0,135.1,1.65,3.25,22.45,56.91,48.38,DC,56,0.00558,0.0041,2658,68.6,87.86,46.9,1539,Medium
EV000279,2026-01-14 09:20:00,344.94,-83.52,-28.81,78.81,35.78,32.38,1651,376,8921.0,221.8,17.2,69.0,1.5,6.15,22.54,47.81,39.28,AC,50,0.0098,0.00689,120,70.8,76.43,347.3,826,High
EV000289,2026-01-14 09:25:00,330.42,-21.67,-7.16,59.07,19.1,8.54,940,236,2236.4,236.2,73.8,106.4,3.99,3.77,22.46,37.69,30.01,AC,141,0.00593,0.00536,38,26.6,85.73,224.2,1449,Medium
EV000262,2026-01-14 09:30:00,382.85,-148.16,-56.72,90.13,15.24,8.18,1190,696,90885.7,70.7,17.1,39.9,0.25,7.38,24.02,34.63,27.19,AC,46,0.00875,0.00627,1737,33.5,75.97,350.6,818,High
EV000111,2026-01-14 09:35:00,322.66,77.68,25.07,59.22,29.88,15.05,1156,239,91722.6,246.3,30.9,79.3,2.1,5.99,12.65,40.28,34.62,AC,113,0.00818,0.00531,3312,47.1,77.82,266.4,1050,High
EV000263,2026-01-14 09:40:00,367.78,-200.21,-73.63,60.67,15.0,-7.56,18,6,54796.1,45.5,92.0,141.2,2.28,0.08,12.55,28.92,22.89,AC,66,0.00315,0.00249,1501,28.4,97.3,321.9,2128,Low
EV000038,2026-01-14 09:45:00,377.27,101.75,38.39,21.43,43.08,35.82,1227,624,190198.6,20.3,89.6,126.5,2.26,3.87,23.23,52.0,56.78,DC,107,0.01087,0.00585,2835,72.6,73.27,91.5,766,High
EV000118,2026-01-14 09:50:00,380.59,96.75,36.82,60.17,30.32,17.93,1609,947,75153.7,35.5,35.2,92.2,3.55,6.71,12.99,44.73,37.45,DC,154,0.01003,0.00767,3341,29.8,65.61,227.9,290,High
EV000039,2026-01-14 09:55:00,403.28,-72.48,-29.23,51.7,15.0,4.86,1405,214,38170.8,204.6,54.6,94.9,2.25,6.14,22.12,33.78,22.7,DC,49,0.00843,0.0059,1246,76.7,78.69,232.0,995,High
EV000228,2026-01-14 10:00:00,407.98,101.3,41.33,96.82,20.06,4.21,833,365,16419.2,233.0,23.9,48.2,0.29,6.07,21.31,31.41,32.64,DC,145,0.00798,0.00517,325,88.2,85.67,369.8,1422,Medium
EV000118,2026-01-14 10:05:00,393.76,48.39,19.05,5.39,15.0,4.04,1023,146,39305.3,134.2,106.3,119.2,0.5,1.37,24.25,20.17,22.76,DC,87,0.00904,0.00506,1471,82.4,84.21,40.0,1324,Medium
EV000096,2026-01-14 10:10:00,382.26,-188.13,-71.91,100.0,15.0,-1.44,1261,485,76486.1,200.5,34.3,47.8,2.77,6.35,13.48,23.13,18.28,DC,59,0.01082,0.00605,2080,47.5,76.54,289.6,899,High
EV000031,2026-01-14 10:15:00,322.7,102.69,33.14,11.89,18.37,7.02,1548,105,120226.0,230.3,72.8,128.6,2.55,0.72,23.73,25.19,25.51,AC,86,0.01198,0.00659,2167,86.5,77.18,50.2,955,High
EV000236,2026-01-14 10:20:00,361.79,75.96,27.48,67.02,56.47,39.77,1261,506,70731.3,142.7,98.9,128.8,2.38,6.7,19.11,64.79,62.56,AC,132,0.00736,0.00569,3148,56.4,73.34,272.7,710,High
EV000156,2026-01-14 10:25:00,407.7,-176.01,-71.76,46.53,23.23,6.7,984,493,133672.1,135.6,75.7,132.2,4.48,0.25,14.28,35.61,36.36,DC,133,0.00699,0.00573,1706,59.1,81.74,155.7,1165,Medium
EV000144,2026-01-14 10:30:00,388.71,-141.85,-55.14,78.17,49.78,34.08,127,39,52879.5,159.3,70.7,106.9,1.82,0.17,14.83,60.29,58.69,DC,62,0.00574,0.0025,771,63.3,94.95,291.0,1968,Low
EV000083,2026-01-14 10:35:00,390.2,16.45,6.42,31.67,42.3,32.96,947,492,99635.9,124.3,58.5,110.2,2.91,6.05,12.39,50.62,56.43,DC,106,0.00933,0.00552,2410,22.4,79.92,126.4,1133,High
EV000186,2026-01-14 10:40:00,356.14,96.1,34.22,94.98,34.73,22.69,1127,519,56555.5,132.6,27.1,57.7,0.79,5.18,23.9,44.91,39.13,AC,140,0.00735,0.00562,1328,71.6,78.62,324.4,1020,High
EV000150,2026-01-14 10:45:00,344.0,-102.06,-35.11,84.08,43.49,38.81,1058,588,125678.0,209.0,93.3,119.6,4.42,6.57,14.03,53.64,52.55,DC,146,0.00826,0.0052,2419,94.6,77.91,274.9,1007,High
EV000040,2026-01-14 10:50:00,370.91,202.95,75.27,32.57,15.0,-1.43,725,200,5262.4,219.7,86.0,122.3,3.41,5.89,17.67,33.38,24.93,DC,133,0.00628,0.00481,94,50.6,87.99,133.4,1587,Medium
EV000131,2026-01-14 10:55:00,347.18,-53.57,-18.6,36.82,34.22,20.18,1527,214,184458.0,204.3,36.4,69.1,3.42,3.32,24.83,42.97,44.48,AC,143,0.01104,0.0067,2825,62.9,75.59,146.2,861,High
EV000009,2026-01-14 11:00:00,363.3,-21.97,-7.98,32.49,29.36,18.87,438,117,46925.6,52.8,84.5,136.4,3.3,6.83,12.2,37.7,43.87,AC,153,0.00643,0.00406,964,56.8,91.02,121.9,1644,Low
EV000068,2026-01-14 11:05:00,395.34,-156.6,-61.91,11.93,56.39,40.83,593,134,150770.2,54.8,29.5,53.0,2.82,3.65,17.05,63.89,70.91,DC,137,0.00644,0.00372,3179,49.2,84.77,44.1,1433,Medium
EV000111,2026-01-14 11:10:00,326.91,-167.2,-54.66,26.25,36.47,23.83,775,116,226217.1,46.5,119.6,166.3,2.54,0.99,18.75,48.38,44.3,AC,15,0.00791,0.00411,3306,60.7,84.48,116.6,1378,Medium
EV000188,2026-01-14 11:15:00,381.97,-213.93,-81.71,78.85,28.38,21.96,929,375,36421.0,145.8,28.7,46.5,2.35,6.8,24.42,42.9,39.16,AC,66,0.00963,0.00435,510,94.4,85.43,340.4,1437,Medium
EV000071,2026-01-14 11:20:00,379.4,201.62,76.5,21.9,18.87,5.28,1050,480,55550.2,131.9,18.0,51.3,0.83,5.68,14.22,27.85,22.2,DC,169,0.00897,0.00524,1996,26.4,78.48,83.8,1077,High
EV000066,2026-01-14 11:25:00,375.13,-25.38,-9.52,28.77,24.99,13.96,608,345,161898.1,9.2,52.4,74.3,1.6,3.45,13.51,40.85,28.1,AC,75,0.00524,0.00451,2905,21.5,83.83,134.3,1265,Medium
EV000087,2026-01-14 11:30:00,395.79,87.65,34.69,35.97,15.0,4.11,297,172,139685.3,25.7,40.3,75.3,2.43,6.24,15.54,25.37,28.97,DC,168,0.00699,0.00338,1766,48.8,92.28,161.8,1710,Low
EV000168,2026-01-14 11:35:00,402.2,193.33,77.76,53.64,15.0,0.68,1234,433,8450.8,185.9,71.4,100.0,0.29,7.35,18.17,32.96,23.48,DC,112,0.00708,0.00565,161,81.1,79.7,171.9,1090,High
EV000083,2026-01-14 11:40:00,351.94,-192.42,-67.72,17.27,15.0,-6.55,1675,385,149941.5,55.3,112.6,172.0,0.55,5.4,20.4,29.75,18.83,AC,180,0.00894,0.0063,2543,30.1,71.77,63.8,669,High
EV000291,2026-01-14 11:45:00,407.48,62.75,25.57,20.93,45.82,37.14,724,259,128836.2,192.8,114.7,139.9,1.63,1.71,12.3,65.23,53.03,DC,35,0.00823,0.00506,2592,72.1,83.77,75.7,1342,Medium
EV000157,2026-01-14 11:50:00,386.41,124.46,48.09,30.97,35.05,25.38,1228,449,96935.3,57.4,22.6,81.4,1.8,6.91,14.82,42.88,38.09,DC,148,0.01044,0.00577,1408,22.1,78.83,108.2,1009,High
EV000220,2026-01-14 11:55:00,377.59,-203.98,-77.02,92.25,30.3,14.25,275,153,95812.4,223.0,84.1,94.2,2.14,6.08,13.9,49.44,36.65,DC,77,0.00579,0.00371,1665,79.2,92.75,465.3,1748,Low
EV000091,2026-01-14 12:00:00,364.39,-65.57,-23.89,33.36,40.67,29.62,1353,363,96505.1,137.1,85.4,112.5,4.37,2.35,19.6,59.55,46.41,AC,172,0.01102,0.00632,1922,71.6,75.73,133.7,935,High
EV000276,2026-01-14 12:05:00,388.37,-182.1,-70.72,94.4,15.0,-2.54,1324,400,187658.2,6.2,19.1,32.1,2.59,7.12,16.34,21.56,18.43,DC,42,0.01085,0.00553,2351,86.5,75.79,341.2,864,High
EV000138,2026-01-14 12:10:00,321.7,-194.31,-62.51,44.45,43.48,31.65,6,4,9049.0,35.0,81.2,127.2,2.73,1.21,20.29,53.13,55.21,DC,162,0.00594,0.00217,213,87.3,97.98,236.2,2058,Low
EV000153,2026-01-14 12:15:00,381.98,-75.04,-28.66,87.97,50.49,39.29,892,258,183284.7,171.4,109.3,166.9,1.59,0.89,21.02,57.51,59.83,DC,109,0.00687,0.00508,2499,36.9,81.01,426.3,1139,Medium
EV000007,2026-01-14 12:20:00,406.47,-131.66,-53.52,54.99,15.08,-2.06,1501,193,68562.4,151.6,57.4,72.9,2.74,5.54,19.8,27.97,18.68,AC,162,0.01004,0.00621,3121,21.1,74.83,200.8,834,High
EV000050,2026-01-14 12:25:00,333.56,173.6,57.91,46.95,27.42,12.42,546,283,15923.1,190.6,52.9,64.2,0.46,5.96,15.02,34.97,31.86,AC,15,0.00503,0.00461,597,25.9,90.56,167.8,1687,Low
EV000023,2026-01-14 12:30:00,362.94,116.27,42.2,86.08,15.0,-7.98,1443,3,44214.7,57.4,119.0,138.0,2.88,4.03,18.65,33.67,28.94,AC,150,0.00994,0.00554,1942,28.4,80.39,309.8,1100,Medium
EV000024,2026-01-14 12:35:00,386.0,203.29,78.47,24.53,40.89,33.12,1785,1020,121397.5,23.6,108.7,154.6,3.62,3.16,21.85,58.46,52.24,AC,114,0.01056,0.00741,3319,49.3,63.71,88.3,129,High
EV000093,2026-01-14 12:40:00,323.6,-45.84,-14.83,73.3,55.27,41.88,473,200,98365.9,125.2,115.2,126.9,3.7,0.41,21.59,68.31,62.53,AC,85,0.00409,0.00357,2236,84.3,87.06,308.6,1412,Medium
EV000109,2026-01-14 12:45:00,357.26,-61.48,-21.97,54.6,23.05,13.31,1406,733,108914.4,126.5,119.2,135.6,0.41,3.46,16.71,29.15,36.63,DC,90,0.00913,0.00638,2294,43.9,72.77,237.6,726,High
EV000183,2026-01-14 12:50:00,379.59,-211.99,-80.47,45.61,34.94,31.34,1250,341,50867.5,244.9,33.3,59.8,3.59,2.32,17.32,52.98,49.57,AC,54,0.01018,0.00625,1645,81.4,79.87,190.3,1166,High
EV000116,2026-01-14 12:55:00,383.24,114.87,44.02,75.32,15.0,-1.35,1797,112,90706.3,54.8,81.0,101.1,0.82,3.47,13.91,31.07,20.47,AC,93,0.01177,0.00721,2386,33.4,74.78,267.3,754,High
EV000260,2026-01-14 13:00:00,358.04,-16.72,-5.99,60.18,15.0,-5.46,362,196,138384.8,22.3,62.1,112.3,1.66,0.37,23.29,28.59,28.72,AC,27,0.00611,0.00388,2707,65.9,88.81,282.3,1523,Medium
EV000115,2026-01-14 13:05:00,326.53,208.86,68.2,72.69,20.48,8.61,1004,182,95878.0,187.7,19.8,63.5,0.44,5.58,13.19,30.17,30.69,DC,15,0.00697,0.0047,1759,52.7,84.16,273.3,1284,Medium
EV000281,2026-01-14 13:10:00,325.91,-79.56,-25.93,30.36,15.0,-3.15,761,89,42990.3,88.4,58.3,79.1,3.74,3.68,24.23,25.93,20.7,AC,87,0.00807,0.00365,551,20.0,89.85,146.9,1659,Medium
EV000165,2026-01-14 13:15:00,365.39,-216.06,-78.95,22.07,18.23,11.22,699,90,165423.6,30.9,15.6,31.0,1.52,1.35,23.64,23.47,27.6,AC,77,0.00596,0.00501,2194,32.9,87.9,102.2,1475,Medium
EV000210,2026-01-14 13:20:00,409.52,-210.88,-86.36,67.35,22.67,9.13,269,139,96627.7,4.1,79.5,116.0,0.75,6.98,19.58,38.37,34.35,AC,35,0.00702,0.00368,3165,69.6,91.03,329.5,1674,Low
EV000005,2026-01-14 13:25:00,408.07,59.82,24.41,66.15,36.88,21.7,1572,118,4365.7,224.3,51.8,103.4,1.83,7.44,14.93,55.16,39.99,AC,61,0.00904,0.00594,62,89.7,79.06,296.7,1107,High
EV000224,2026-01-14 13:30:00,321.49,62.05,19.95,98.73,19.74,1.87,480,140,175377.6,98.7,37.0,51.1,0.76,1.99,12.57,37.0,31.24,DC,75,0.00462,0.00365,2601,31.4,87.98,370.1,1479,Medium
EV000030,2026-01-14 13:35:00,361.97,143.84,52.06,72.05,15.0,-6.51,875,334,98338.2,101.0,85.0,115.1,1.75,3.56,24.66,29.39,23.85,DC,151,0.0077,0.00486,1777,26.6,83.79,276.7,1379,Medium
EV000159,2026-01-14 13:40:00,355.65,-160.94,-57.24,95.63,38.27,29.52,1682,928,234348.7,39.3,33.6,48.7,3.65,4.68,22.65,56.04,52.98,AC,131,0.01176,0.0067,3166,85.2,65.11,253.3,350,High
EV000190,2026-01-14 13:45:00,363.53,-134.0,-48.71,40.82,26.2,13.19,1567,35,33358.9,78.1,62.3,97.9,1.72,1.13,17.7,40.16,30.69,AC,107,0.01206,0.0055,787,56.0,80.64,160.3,1069,Medium
EV000282,2026-01-14 13:50:00,360.93,25.16,9.08,84.19,15.0,-3.36,653,298,9017.9,51.5,63.7,88.4,1.6,2.03,15.22,27.63,21.88,AC,125,0.00852,0.00456,337,82.1,89.61,356.3,1573,Medium
EV000254,2026-01-14 13:55:00,371.8,-12.34,-4.59,51.05,43.54,38.7,582,34,35744.5,101.0,115.6,138.8,1.17,7.75,19.93,50.0,49.68,DC,18,0.00679,0.00432,607,42.6,90.13,199.3,1683,Low
EV000036,2026-01-14 14:00:00,342.42,202.4,69.3,87.42,15.0,-3.09,240,18,15644.1,90.0,70.8,89.6,0.74,0.05,21.7,22.72,26.51,DC,37,0.00348,0.00385,497,91.1,95.38,317.4,1960,Low
EV000177,2026-01-14 14:05:00,326.03,-132.63,-43.24,26.29,15.0,-8.4,203,74,42325.2,215.8,103.6,121.5,1.51,1.94,20.57,31.99,25.58,DC,147,0.00666,0.00346,683,87.6,96.39,137.6,2040,Low
EV000262,2026-01-14 14:10:00,325.1,-120.25,-39.09,88.42,19.71,14.03,1315,282,46327.3,149.1,109.8,123.5,1.93,6.29,14.11,37.0,27.21,DC,21,0.01119,0.00594,1042,38.4,78.97,411.8,1062,High
EV000044,2026-01-14 14:15:00,356.63,149.59,53.35,33.84,15.0,5.15,492,8,262567.9,226.5,108.4,121.5,3.05,4.07,14.69,22.51,28.72,DC,115,0.00702,0.00436,3610,42.1,89.06,174.2,1623,Medium
EV000017,2026-01-14 14:20:00,353.53,186.4,65.9,73.86,46.3,32.52,65,39,8462.5,79.6,89.0,148.0,0.26,0.59,19.55,53.3,49.79,DC,31,0.00285,0.00332,193,25.1,98.18,257.6,2097,Low
EV000119,2026-01-14 14:25:00,353.46,180.71,63.87,64.05,15.0,-2.09,297,118,90136.5,76.3,73.4,101.5,3.99,1.13,19.93,28.76,24.03,DC,91,0.00551,0.00352,2087,56.8,92.71,351.6,1756,Low
EV000300,2026-01-14 14:30:00,375.57,84.27,31.65,94.74,33.73,30.32,911,75,152428.4,24.4,58.4,81.8,3.08,2.01,17.71,46.91,46.0,AC,96,0.00919,0.00425,3157,50.3,83.85,343.2,1281,Medium
EV000294,2026-01-14 14:35:00,409.72,31.05,12.72,86.06,25.77,13.8,134,16,22582.1,168.7,48.1,92.6,1.32,3.33,23.2,35.07,38.69,AC,151,0.00635,0.00323,468,34.6,98.2,344.7,2028,Low
EV000057,2026-01-14 14:40:00,357.86,15.28,5.47,48.85,26.32,8.94,176,61,166987.8,149.3,60.9,80.3,0.65,0.81,21.56,38.9,33.54,AC,104,0.00331,0.00367,2392,36.3,92.51,261.7,1854,Low
EV000269,2026-01-14 14:45:00,396.2,212.12,84.04,60.34,37.99,33.05,608,289,162042.1,171.6,45.1,93.8,1.97,5.92,22.58,56.81,47.74,AC,147,0.00809,0.00507,2146,78.0,87.14,301.5,1518,Medium
EV000189,2026-01-14 14:50:00,360.17,13.79,4.97,34.04,15.0,-8.89,1616,645,36168.3,88.6,23.7,42.8,3.42,2.99,17.84,32.5,26.6,DC,122,0.01084,0.00684,1763,53.8,70.65,90.1,608,High
EV000021,2026-01-14 14:55:00,375.16,-94.66,-35.51,13.08,15.0,-8.95,845,283,116530.5,107.1,66.5,97.0,2.31,0.53,18.76,33.3,27.49,DC,56,0.0064,0.00524,2590,32.1,82.12,53.5,1160,Medium
EV000158,2026-01-14 15:00:00,373.28,46.29,17.28,14.06,46.77,29.81,1420,460,140611.6,92.7,80.5,130.3,4.17,1.18,24.72,61.26,50.63,AC,146,0.0108,0.0058,2455,68.7,73.17,58.4,751,High
EV000177,2026-01-14 15:05:00,400.09,-89.17,-35.68,9.0,49.46,32.67,388,132,76168.7,224.5,66.1,86.0,0.87,6.88,14.07,69.12,58.14,DC,65,0.00579,0.00414,2759,23.1,88.96,40.0,1668,Medium
EV000296,2026-01-14 15:10:00,341.52,-192.99,-65.91,32.83,40.4,31.9,1108,25,146593.7,143.7,52.0,81.0,3.77,4.24,22.79,50.71,54.17,AC,179,0.00645,0.00497,2195,78.4,83.22,152.8,1300,Medium
EV000063,2026-01-14 15:15:00,338.37,55.29,18.71,88.67,15.0,-5.79,26,1,74646.0,130.4,40.3,80.7,2.59,6.07,23.3,29.35,27.57,DC,168,0.00449,0.00301,2426,48.4,95.72,356.9,2040,Low
EV000297,2026-01-14 15:20:00,333.61,-141.94,-47.35,33.29,26.5,13.67,1300,2,179574.1,229.8,41.4,55.5,2.44,5.93,12.49,35.68,35.3,DC,27,0.00973,0.0051,2597,94.9,80.36,127.1,1119,Medium
EV000248,2026-01-14 15:25:00,370.0,176.39,65.27,80.67,28.74,19.81,600,65,58988.7,238.4,50.1,100.7,0.38,6.02,20.07,48.23,41.82,AC,57,0.00704,0.0037,1971,79.8,89.87,417.3,1600,Medium
EV000083,2026-01-14 15:30:00,334.52,105.57,35.31,43.78,47.7,36.45,72,13,60171.9,79.8,62.9,121.8,3.34,2.95,21.37,63.25,55.75,AC,142,0.00284,0.00292,2609,48.9,92.72,238.0,1814,Low
EV000074,2026-01-14 15:35:00,377.42,-168.18,-63.47,65.04,15.0,-5.47,602,212,118298.6,226.0,95.3,126.4,1.46,7.73,13.87,20.74,22.11,DC,131,0.00743,0.00442,1944,81.9,87.93,332.5,1466,Medium
EV000038,2026-01-14 15:40:00,322.19,-184.07,-59.3,22.61,22.16,5.59,1214,271,71045.4,93.7,108.9,165.3,3.92,0.95,20.37,36.57,25.47,DC,45,0.00794,0.00505,1022,37.0,80.83,65.6,1133,Medium
EV000233,2026-01-14 15:45:00,323.04,-153.76,-49.67,59.63,57.17,40.27,1778,664,171082.1,246.7,64.8,115.3,2.16,6.92,18.03,75.94,64.72,AC,70,0.01118,0.00729,3569,71.5,64.85,180.3,196,High
EV000006,2026-01-14 15:50:00,342.6,42.6,14.59,79.98,17.09,1.39,637,88,64319.2,113.9,107.1,155.5,1.95,0.74,14.52,29.09,30.66,AC,129,0.00679,0.00354,974,43.0,89.37,374.6,1683,Medium
EV000254,2026-01-14 15:55:00,327.11,156.28,51.12,96.51,41.23,26.9,969,327,10083.6,76.8,112.9,140.6,3.59,4.92,15.68,52.46,46.21,DC,78,0.00786,0.00473,144,28.6,83.75,450.3,1332,Medium
EV000292,2026-01-14 16:00:00,359.27,97.25,34.94,82.1,32.76,17.62,754,356,111888.4,46.5,117.0,135.2,3.99,1.66,22.54,39.55,37.43,DC,25,0.00619,0.00497,2698,34.1,83.81,400.9,1376,Medium
EV000084,2026-01-14 16:05:00,400.41,201.0,80.48,97.77,15.0,-7.7,591,154,29861.2,158.6,69.8,81.5,1.52,3.43,23.24,22.99,20.98,AC,165,0.00486,0.00448,686,71.1,91.37,363.6,1777,Low
EV000026,2026-01-14 16:10:00,372.99,-51.26,-19.12,19.63,15.0,7.04,428,84,175279.7,227.0,20.7,47.0,3.63,4.29,20.5,33.17,21.3,DC,146,0.00624,0.00403,2573,23.3,89.7,85.1,1652,Medium
EV000123,2026-01-14 16:15:00,359.59,-168.06,-60.43,90.38,30.11,21.77,1297,139,182044.9,127.9,60.3,86.4,2.17,7.47,16.92,38.74,38.85,DC,173,0.01062,0.00567,2753,77.8,79.74,255.9,1103,High
EV000264,2026-01-14 16:20:00,373.18,207.52,77.44,36.16,45.39,31.04,274,45,156439.0,120.6,30.7,65.8,2.22,5.73,12.62,56.24,49.22,AC,126,0.00526,0.0029,2121,77.1,92.52,172.6,1867,Low
EV000095,2026-01-14 16:25:00,376.44,2.94,1.11,54.57,35.84,22.65,10,5,71072.5,1.1,58.5,105.7,0.49,7.95,22.68,47.22,42.12,AC,34,0.00324,0.00326,1680,86.0,96.74,248.8,2054,Low
EV000045,2026-01-14 16:30:00,330.45,-195.85,-64.72,8.45,30.77,13.36,1391,811,42229.1,154.5,99.3,137.1,0.61,7.39,17.11,50.57,45.39,DC,130,0.00789,0.00672,777,47.0,73.94,40.0,806,High
EV000182,2026-01-14 16:35:00,333.66,14.12,4.71,31.72,48.28,41.6,730,136,115243.2,181.7,67.2,114.0,0.95,6.42,15.38,61.19,60.0,AC,124,0.00551,0.00368,3017,42.0,83.16,104.5,1329,Medium
EV000131,2026-01-14 16:40:00,365.88,198.65,72.68,93.56,15.0,-4.68,675,140,115841.1,66.9,102.5,128.7,1.07,5.18,18.75,22.55,26.62,AC,89,0.00668,0.00419,1925,92.8,88.48,480.8,1540,Medium
EV000096,2026-01-14 16:45:00,326.74,219.49,71.71,32.12,15.0,2.64,613,178,157764.3,66.9,67.5,98.7,1.29,5.37,15.36,34.8,18.66,DC,135,0.00685,0.00365,2976,83.3,86.74,142.1,1516,Medium
EV000296,2026-01-14 16:50:00,349.23,27.24,9.51,69.21,15.0,-4.55,1374,719,140286.2,131.1,20.6,45.1,3.23,1.58,12.38,25.39,29.61,DC,180,0.00914,0.00665,2178,54.2,73.46,236.0,677,High
EV000202,2026-01-14 16:55:00,349.24,-70.21,-24.52,83.57,23.77,19.69,1388,326,32930.7,212.5,48.0,103.4,2.72,7.67,17.92,39.97,29.49,DC,81,0.01153,0.00657,749,61.2,78.27,261.3,1064,High
EV000285,2026-01-14 17:00:00,401.78,216.11,86.83,24.46,24.71,11.05,519,73,168076.2,69.7,90.1,145.9,3.75,2.55,18.18,30.92,36.55,DC,176,0.0071,0.00348,2501,93.6,88.65,98.3,1646,Medium
EV000269,2026-01-14 17:05:00,346.25,-149.87,-51.89,65.54,41.72,27.21,331,106,210189.3,147.7,75.1,106.9,4.16,0.38,19.72,49.18,54.58,AC,102,0.00333,0.00359,2695,85.5,89.28,213.3,1573,Medium
EV000066,2026-01-14 17:10:00,392.64,-126.77,-49.77,98.89,34.13,22.79,711,349,172291.4,53.6,97.7,152.7,3.74,7.36,24.14,42.51,41.08,AC,108,0.00597,0.00519,2353,34.3,83.17,304.1,1238,Medium
EV000158,2026-01-14 17:15:00,406.5,109.78,44.63,91.44,15.0,1.02,1181,69,38265.9,66.3,69.1,85.3,4.42,0.39,15.98,32.27,25.37,DC,108,0.00837,0.00511,626,87.7,84.41,334.1,1412,Medium
EV000072,2026-01-14 17:20:00,367.64,98.5,36.21,68.97,26.09,9.79,554,304,64392.0,195.0,31.5,58.3,3.74,5.0,17.12,33.62,37.64,AC,174,0.00429,0.004,1798,31.5,87.56,297.6,1533,Medium
EV000208,2026-01-14 17:25:00,338.62,-209.17,-70.83,23.9,52.87,37.04,298,49,88303.1,119.2,77.8,111.4,3.03,0.91,19.22,71.11,65.23,DC,141,0.00514,0.0034,1597,54.0,90.84,104.2,1708,Low
EV000032,2026-01-14 17:30:00,371.78,-61.24,-22.77,91.91,15.0,0.77,468,51,33309.9,157.0,90.0,137.8,2.94,3.66,17.18,25.71,23.73,DC,160,0.00721,0.00351,645,75.3,92.16,507.7,1819,Low
EV000071,2026-01-14 17:35:00,329.18,-67.57,-22.24,52.98,33.98,27.92,1771,770,85714.9,152.9,23.7,82.8,0.29,3.89,17.52,40.0,37.31,DC,159,0.01135,0.00731,2159,75.6,67.0,131.7,357,High
EV000246,2026-01-14 17:40:00,366.63,35.48,13.01,85.65,45.03,34.63,607,92,58353.7,3.4,40.9,72.2,1.32,4.0,18.6,63.29,48.15,AC,137,0.00641,0.00459,1481,88.8,88.46,424.5,1633,Medium
EV000082,2026-01-14 17:45:00,371.48,52.87,19.64,82.2,38.49,22.46,309,142,94222.4,56.9,71.9,105.7,1.93,7.21,12.85,57.47,52.03,DC,21,0.00653,0.00286,2668,68.7,89.03,305.6,1609,Medium
EV000275,2026-01-14 17:50:00,407.09,-2.89,-1.18,44.86,36.06,19.65,1257,101,148865.7,111.7,98.5,115.0,2.4,6.3,18.97,44.11,44.25,DC,144,0.00717,0.00587,2436,91.3,79.89,154.0,1043,High
EV000108,2026-01-14 17:55:00,340.31,-28.2,-9.6,28.43,28.94,19.81,563,98,170611.8,182.9,79.3,115.4,3.58,1.56,19.53,41.46,38.4,DC,104,0.00757,0.00406,2500,80.2,89.42,93.6,1564,Medium
EV000118,2026-01-14 18:00:00,382.86,55.69,21.32,32.82,15.0,10.89,17,1,102622.8,177.0,77.9,97.3,0.61,5.27,16.57,27.08,18.3,AC,178,0.00391,0.00247,1497,89.8,97.49,180.7,2018,Low
EV000012,2026-01-14 18:05:00,388.16,-106.91,-41.5,19.0,17.96,7.62,636,297,37291.9,156.2,112.5,123.7,4.09,7.25,12.84,35.23,24.63,AC,47,0.00498,0.00446,806,81.7,88.36,82.8,1519,Medium
EV000269,2026-01-14 18:10:00,376.72,3.89,1.46,99.37,21.75,17.1,968,68,148676.8,69.4,111.6,150.3,4.11,3.11,20.45,39.54,29.37,DC,94,0.00615,0.00459,2821,69.2,83.11,439.7,1267,Medium
EV000068,2026-01-14 18:15:00,346.7,-115.41,-40.01,87.7,18.18,10.58,781,268,137796.5,89.4,18.3,57.2,2.51,2.04,17.91,35.67,32.11,AC,54,0.00849,0.00473,1891,44.5,83.94,364.6,1382,Medium
EV000192,2026-01-14 18:20:00,330.39,-154.87,-51.17,59.62,24.31,9.41,958,203,139914.8,187.6,30.1,85.7,2.8,7.92,23.1,37.74,39.04,AC,69,0.00746,0.00456,2920,25.8,82.66,201.2,1255,Medium
EV000300,2026-01-14 18:25:00,348.8,-175.09,-61.07,91.77,37.25,20.35,1396,270,62921.5,226.9,29.7,42.7,0.56,6.93,12.88,51.82,46.83,DC,163,0.00772,0.00607,1329,83.0,78.66,326.5,1098,High
EV000158,2026-01-14 18:30:00,323.04,120.57,38.95,67.34,18.36,8.56,436,16,3913.4,135.8,71.8,83.2,4.3,4.53,17.01,26.5,28.72,DC,151,0.00391,0.00362,78,93.7,94.14,233.7,1884,Low
EV000298,2026-01-14 18:35:00,365.27,-187.34,-68.43,54.07,25.51,21.17,1001,328,197099.4,5.6,119.6,157.0,3.72,1.66,18.62,42.65,33.1,AC,91,0.00807,0.00519,2496,36.0,79.88,185.2,1044,High
EV000078,2026-01-14 18:40:00,368.55,-176.44,-65.03,18.3,41.09,31.0,1522,279,15507.9,201.1,105.7,157.0,1.41,5.43,19.37,52.39,46.02,DC,109,0.01023,0.00673,615,54.0,77.9,62.2,1026,High
EV000245,2026-01-14 18:45:00,373.62,31.88,11.91,91.3,42.41,26.28,870,484,173984.5,77.2,101.8,115.5,2.83,5.74,20.39,53.94,48.96,DC,106,0.00585,0.00435,2669,22.5,79.53,426.9,1141,High
EV000269,2026-01-14 18:50:00,320.78,218.56,70.11,89.69,36.18,18.48,467,5,13299.2,161.7,109.3,124.6,0.64,0.81,24.88,49.22,49.43,AC,114,0.00677,0.00434,179,77.4,92.71,340.8,1847,Low
EV000232,2026-01-14 18:55:00,403.3,-114.15,-46.04,45.25,15.0,10.6,523,119,111966.1,158.0,76.8,106.2,1.86,1.97,17.52,20.15,26.47,DC,134,0.00791,0.0039,2453,84.4,88.18,143.8,1576,Medium
EV000206,2026-01-14 19:00:00,352.34,-23.82,-8.39,57.78,35.82,32.21,48,25,93165.2,124.7,90.1,107.0,4.09,2.01,19.02,49.85,47.67,AC,106,0.00387,0.00273,1529,84.5,96.81,326.7,2020,Low
EV000278,2026-01-14 19:05:00,347.12,-199.09,-69.11,27.45,15.0,-5.95,909,79,54642.4,237.4,118.9,176.0,3.67,6.99,12.03,30.13,22.84,DC,177,0.00862,0.00535,947,62.1,86.62,113.2,1541,Medium
EV000157,2026-01-14 19:10:00,384.49,-208.6,-80.21,29.33,15.0,-8.02,1592,561,52120.9,98.3,78.0,88.3,1.73,0.44,23.44,32.52,18.98,AC,107,0.01204,0.00607,1064,46.3,72.89,80.0,713,High
EV000074,2026-01-14 19:15:00,372.81,142.06,52.96,18.29,19.38,7.51,1049,290,118105.1,182.7,19.2,33.6,4.25,6.54,14.1,28.99,24.1,AC,144,0.00897,0.00462,1715,73.0,80.99,58.7,1184,Medium
EV000240,2026-01-14 19:20:00,351.26,17.6,6.18,28.72,52.68,40.97,802,310,176973.2,125.2,45.1,101.7,4.47,1.28,24.86,67.52,62.97,DC,62,0.00866,0.00458,3346,81.0,80.88,98.1,1093,Medium
EV000177,2026-01-14 19:25:00,394.37,183.42,72.33,54.87,20.11,8.68,1221,375,224999.6,166.4,25.9,52.3,1.83,4.67,18.68,38.25,33.93,DC,174,0.01078,0.00581,3255,72.5,76.0,196.2,871,High
EV000119,2026-01-14 19:30:00,374.61,-50.97,-19.09,7.87,30.59,21.25,182,47,165682.7,237.1,80.7,122.8,1.01,2.52,17.66,48.56,41.66,DC,29,0.00277,0.00372,2237,89.6,95.07,44.0,1989,Low
EV000227,2026-01-14 19:35:00,396.79,-213.85,-84.85,74.56,19.83,10.03,1597,701,196343.1,75.0,107.8,165.6,1.77,1.83,21.46,25.08,26.5,DC,90,0.00973,0.0062,3480,24.6,67.98,262.7,464,High
EV000139,2026-01-14 19:40:00,364.35,149.93,54.63,61.05,26.46,17.32,99,57,61562.8,235.0,47.5,67.5,1.26,5.36,24.56,32.88,35.74,AC,115,0.00622,0.0023,1178,81.5,96.43,250.6,2009,Low
EV000091,2026-01-14 19:45:00,369.3,174.9,64.59,70.85,15.0,-2.39,889,429,214138.0,153.2,78.1,122.3,0.83,6.69,15.42,24.91,24.05,AC,56,0.00654,0.00474,2942,87.7,81.29,236.0,1219,Medium
EV000031,2026-01-14 19:50:00,366.29,62.55,22.91,19.26,36.39,26.86,886,20,67419.4,249.4,15.1,74.2,2.41,3.41,13.81,44.23,45.97,DC,34,0.00921,0.00462,1390,28.9,86.31,84.5,1475,Medium
EV000095,2026-01-14 19:55:00,334.94,133.47,44.71,85.48,34.39,29.26,1764,571,23981.2,243.5,47.3,58.5,0.74,1.37,24.54,47.0,44.1,AC,126,0.01176,0.00628,364,30.1,72.33,235.3,643,High
EV000238,2026-01-14 20:00:00,374.04,-211.98,-79.29,42.72,27.2,24.0,688,5,72325.6,237.6,39.5,89.0,1.5,7.26,13.14,41.03,40.35,AC,109,0.00685,0.00468,1771,56.4,89.88,172.9,1636,Medium
EV000120,2026-01-14 20:05:00,401.68,-145.42,-58.41,64.53,45.75,40.87,1306,243,47621.4,107.9,99.6,115.9,1.18,3.67,15.93,65.11,55.83,DC,85,0.00752,0.00617,2342,79.7,77.33,298.8,967,High
EV000131,2026-01-14 20:10:00,364.32,-205.99,-75.05,29.72,15.0,-5.1,939,271,93517.2,246.9,52.2,92.7,3.3,0.71,21.11,25.81,27.79,AC,112,0.00866,0.00471,1432,30.1,82.78,144.3,1214,Medium
EV000238,2026-01-14 20:15:00,340.66,-134.09,-45.68,11.01,41.85,37.9,389,27,72574.8,142.5,55.1,115.0,4.31,1.53,19.07,56.54,46.6,DC,168,0.00653,0.00339,1016,28.1,93.39,60.0,1762,Low
EV000062,2026-01-14 20:20:00,382.63,205.92,78.79,59.9,21.22,13.98,924,374,3305.2,246.0,47.3,59.1,1.52,6.57,13.87,33.41,29.85,AC,79,0.00799,0.00472,59,75.9,85.37,253.2,1330,Medium
EV000124,2026-01-14 20:25:00,380.73,194.64,74.1,83.2,31.0,24.12,292,1,20953.1,125.1,97.3,134.7,4.06,0.22,12.78,50.23,44.46,DC,23,0.00507,0.0032,395,61.5,94.8,314.8,1933,Low
EV000236,2026-01-14 20:30:00,369.62,43.01,15.9,58.99,34.39,21.08,1590,288,33814.8,203.1,91.8,109.8,0.24,3.56,12.31,50.9,41.53,AC,26,0.00861,0.00583,806,36.5,76.6,170.1,935,High
EV000076,2026-01-14 20:35:00,398.03,-83.34,-33.17,94.92,15.53,8.14,986,312,22978.9,125.7,30.6,90.4,3.53,1.8,15.86,31.6,22.02,DC,134,0.00901,0.00566,691,43.9,84.76,290.3,1287,Medium
EV000149,2026-01-14 20:40:00,362.55,-199.7,-72.4,37.2,15.0,5.03,160,3,91030.0,73.5,96.1,139.4,2.53,2.63,16.57,30.97,25.5,AC,157,0.00655,0.00271,2270,56.8,94.88,207.4,1992,Low
EV000037,2026-01-14 20:45:00,382.14,86.08,32.9,16.03,26.91,12.15,336,27,8915.1,16.7,85.8,112.7,1.7,1.74,17.25,40.46,32.28,AC,108,0.00365,0.0037,144,20.8,94.82,69.9,1904,Low
EV000182,2026-01-14 20:50:00,349.32,-28.91,-10.1,38.53,33.76,28.65,928,155,91731.8,3.8,78.5,107.6,0.21,5.87,12.65,53.4,39.88,AC,39,0.00907,0.00492,1222,40.3,86.07,163.9,1513,Medium
EV000010,2026-01-14 20:55:00,361.65,162.9,58.91,10.12,27.85,18.41,674,124,46402.8,194.1,74.1,103.0,2.54,3.98,15.95,38.51,37.55,DC,124,0.00549,0.00459,670,78.1,89.79,40.0,1702,Medium
EV000150,2026-01-14 21:00:00,387.76,-191.04,-74.08,41.62,15.0,4.41,925,192,116237.6,146.3,46.5,65.9,0.26,3.88,15.29,28.04,18.72,AC,47,0.00649,0.00485,1935,49.6,84.38,123.0,1274,Medium
EV000266,2026-01-14 21:05:00,351.8,-98.72,-34.73,28.97,31.33,17.24,400,175,30504.9,20.2,108.1,149.4,3.75,1.49,12.08,50.13,45.01,DC,44,0.00734,0.00366,624,37.4,92.74,134.8,1848,Low
EV000140,2026-01-14 21:10:00,371.17,-179.63,-66.67,44.05,15.0,6.65,1441,625,55586.2,160.1,90.0,133.8,0.64,7.62,15.1,34.76,27.4,DC,43,0.00954,0.00662,988,94.9,75.17,116.0,799,High
EV000015,2026-01-14 21:15:00,396.12,-29.48,-11.68,90.1,31.79,17.13,1203,87,226549.1,172.3,17.1,61.3,1.46,2.07,20.31,39.59,44.83,DC,161,0.00988,0.00509,3359,51.6,78.63,280.5,1057,High
EV000275,2026-01-14 21:20:00,405.91,-68.78,-27.92,79.36,19.18,7.4,180,74,26233.0,168.3,47.5,86.7,3.73,7.73,19.06,35.19,31.41,AC,25,0.00331,0.00319,335,38.2,97.51,370.4,2047,Low
EV000038,2026-01-14 21:25:00,344.23,123.11,42.38,85.07,29.19,18.86,292,53,152959.3,178.6,16.0,47.9,2.17,5.4,20.35,34.26,35.08,DC,46,0.00325,0.00343,3192,37.6,91.75,367.8,1785,Low
EV000280,2026-01-14 21:30:00,331.87,-117.47,-38.99,93.83,22.15,16.7,1373,698,155391.6,91.9,41.3,75.0,4.08,7.13,19.15,32.26,33.29,DC,176,0.00981,0.0069,2323,34.7,72.51,401.1,737,High
EV000028,2026-01-14 21:35:00,321.79,211.4,68.03,50.49,44.17,30.54,1000,281,74472.8,174.9,112.9,135.0,2.63,0.65,21.36,60.71,48.55,DC,45,0.00829,0.00536,2678,83.4,78.87,163.7,1029,High
EV000119,2026-01-14 21:40:00,364.52,104.99,38.27,38.93,17.84,0.69,990,270,154725.8,203.8,104.5,146.2,1.45,0.59,18.54,28.44,26.63,AC,88,0.00722,0.00494,2450,48.7,82.09,145.0,1287,Medium
EV000135,2026-01-14 21:45:00,407.65,89.68,36.56,88.99,31.09,20.18,1634,922,79377.0,212.6,111.3,168.2,0.55,0.14,19.4,37.18,45.03,AC,152,0.00955,0.00716,3049,66.7,67.66,313.7,356,High
EV000078,2026-01-14 21:50:00,321.21,-91.69,-29.45,47.82,26.22,18.51,1758,257,68002.8,184.5,73.1,93.9,2.92,5.22,12.41,41.46,31.95,DC,146,0.01103,0.00715,1567,87.5,73.43,161.3,739,High
EV000280,2026-01-14 21:55:00,364.57,28.43,10.36,37.45,47.61,35.85,658,72,79295.4,151.9,112.7,137.7,2.44,6.11,21.91,60.81,59.25,DC,133,0.00729,0.00465,1098,20.5,89.31,132.9,1539,Medium
EV000087,2026-01-14 22:00:00,380.39,13.92,5.3,54.77,33.11,28.12,310,75,48727.1,32.7,99.3,155.7,3.03,5.05,21.18,40.78,41.6,AC,142,0.00608,0.00346,2301,82.0,91.96,225.4,1789,Low
EV000102,2026-01-14 22:05:00,366.05,123.07,45.05,74.47,46.97,38.44,959,104,52260.9,242.1,27.2,65.6,3.62,6.82,16.09,57.22,58.03,AC,42,0.00587,0.0042,1636,37.3,84.77,320.4,1429,Medium
EV000206,2026-01-14 22:10:00,380.12,-102.64,-39.01,35.34,28.36,19.61,267,40,101917.4,120.6,45.6,100.9,4.15,6.04,18.12,40.67,36.1,AC,104,0.00658,0.00278,1610,82.4,94.09,121.1,1911,Low
EV000093,2026-01-14 22:15:00,324.68,69.85,22.68,84.0,15.0,-8.53,486,203,40033.8,13.4,49.7,98.3,0.51,4.7,24.16,23.1,28.31,DC,128,0.0077,0.00424,1339,71.6,89.82,299.3,1601,Medium
EV000266,2026-01-14 22:20:00,407.97,38.76,15.81,25.65,37.98,31.39,1337,475,78622.2,170.7,22.4,51.5,4.39,1.15,19.54,56.73,41.01,DC,120,0.00915,0.00671,2724,38.7,75.25,77.5,848,High
EV000265,2026-01-14 22:25:00,406.51,-124.89,-50.77,67.72,17.37,13.09,1344,174,45725.6,231.2,71.2,119.6,0.64,5.42,16.43,27.62,30.93,DC,158,0.0089,0.00533,960,90.5,81.51,290.5,1110,Medium
EV000288,2026-01-14 22:30:00,324.12,76.82,24.9,84.89,25.24,19.8,430,51,64220.2,17.4,26.9,62.2,0.78,5.98,24.76,45.21,31.55,DC,108,0.00499,0.00384,2135,23.4,90.22,308.1,1702,Low
EV000256,2026-01-14 22:35:00,349.67,-39.12,-13.68,70.6,18.4,14.84,608,274,169617.5,137.9,37.1,65.4,2.54,5.84,23.35,31.94,27.98,AC,148,0.00638,0.004,2736,27.5,86.3,294.7,1466,Medium
EV000265,2026-01-14 22:40:00,331.75,-174.49,-57.89,21.22,15.0,-7.68,1101,349,158820.3,28.6,99.3,124.1,2.17,2.62,23.29,23.07,27.69,AC,103,0.00712,0.0047,2119,50.0,80.7,82.6,1063,Medium
EV000033,2026-01-14 22:45:00,399.92,-52.9,-21.16,8.91,15.0,4.2,981,77,47430.9,186.1,66.5,85.2,3.26,7.1,24.18,25.25,25.71,AC,156,0.00825,0.00523,1817,34.7,85.26,40.0,1446,Medium
EV000157,2026-01-14 22:50:00,387.9,-24.05,-9.33,82.93,59.53,41.64,1796,32,127277.1,181.9,89.2,105.8,3.95,4.8,24.45,65.69,71.69,AC,134,0.01216,0.00638,3271,89.1,69.72,291.3,540,High
EV000052,2026-01-14 22:55:00,354.32,205.33,72.75,36.83,35.64,19.78,1469,593,65545.6,102.0,91.7,146.2,1.11,0.83,19.87,48.26,45.17,DC,120,0.00938,0.00655,2225,94.5,72.62,98.0,717,High
EV000197,2026-01-14 23:00:00,362.77,69.18,25.1,56.19,20.24,9.16,969,229,230862.2,152.0,27.8,84.8,1.52,0.53,12.4,38.57,29.38,AC,73,0.0086,0.00473,3174,64.9,82.2,197.0,1265,Medium
EV000219,2026-01-14 23:05:00,405.91,-118.42,-48.07,93.55,15.0,0.96,882,389,78574.6,67.2,108.5,156.9,1.96,0.91,19.94,29.85,28.25,AC,63,0.00723,0.00496,2741,78.4,81.95,443.7,1209,Medium
EV000192,2026-01-14 23:10:00,374.39,-123.81,-46.35,49.16,51.77,39.89,569,56,150961.3,157.8,63.1,113.9,1.7,2.53,15.71,65.56,65.67,AC,72,0.00524,0.00404,2858,68.8,86.66,176.3,1435,Medium
EV000013,2026-01-14 23:15:00,391.98,107.09,41.98,20.5,36.84,25.92,1491,730,12578.6,78.0,93.3,149.7,3.69,6.83,16.73,41.96,43.72,DC,91,0.00981,0.00717,250,44.4,73.48,89.4,666,High
EV000239,2026-01-14 23:20:00,325.84,215.92,70.36,89.77,15.0,-9.22,1549,836,54765.8,44.2,16.0,54.1,4.4,7.6,21.61,20.26,22.31,AC,74,0.00844,0.00698,1140,87.7,70.55,273.5,508,High
EV000094,2026-01-14 23:25:00,330.66,145.76,48.2,91.92,15.0,4.62,933,436,2746.7,244.2,29.3,63.1,3.83,2.1,23.52,20.49,19.76,AC,68,0.0082,0.00545,38,61.7,84.51,440.3,1385,Medium
EV000114,2026-01-14 23:30:00,375.88,-31.63,-11.89,87.64,51.05,33.65,834,271,135125.7,176.5,115.9,153.0,4.46,1.51,24.58,66.83,59.75,DC,42,0.00881,0.00512,3177,32.0,80.39,316.6,1049,Medium
EV000137,2026-01-14 23:35:00,384.43,-156.59,-60.2,53.54,34.59,30.89,1383,497,25183.9,140.3,37.2,83.3,1.89,1.43,24.14,50.59,39.02,AC,120,0.00985,0.00684,512,74.7,78.37,170.0,958,High
EV000104,2026-01-14 23:40:00,347.79,3.67,1.28,37.96,43.3,30.17,1406,63,36446.3,80.9,55.1,78.9,0.64,3.39,16.4,59.76,52.08,AC,23,0.00808,0.00586,1397,92.8,78.62,158.8,971,High
EV000165,2026-01-14 23:45:00,376.28,-95.25,-35.84,96.0,15.0,-5.51,387,79,33495.0,143.9,97.3,126.6,2.26,3.77,24.7,27.72,21.91,AC,121,0.00685,0.00372,1417,44.9,93.1,327.9,1825,Low
EV000157,2026-01-14 23:50:00,349.33,204.7,71.51,59.19,15.0,-3.28,113,67,18797.0,182.2,84.2,137.7,0.42,0.44,13.31,30.98,23.45,AC,57,0.00309,0.00311,429,89.4,97.9,332.7,2143,Low
EV000274,2026-01-14 23:55:00,402.48,-122.38,-49.26,70.64,19.95,13.06,1566,490,110980.1,38.6,53.6,109.1,0.28,0.06,13.35,28.81,30.08,AC,87,0.01045,0.00661,1495,31.5,72.99,308.4,755,High
EV000284,2026-01-15 00:00:00,373.69,140.56,52.53,98.18,15.0,-3.88,811,57,10480.6,205.1,79.4,133.5,0.86,0.18,23.9,32.66,23.63,DC,71,0.00719,0.00462,181,46.3,89.06,426.2,1577,Medium
EV000238,2026-01-15 00:05:00,396.41,67.53,26.77,85.01,51.25,38.14,1095,6,22708.9,78.9,64.8,112.6,2.34,3.24,24.9,60.03,60.41,DC,29,0.00896,0.0054,447,39.1,83.95,357.8,1255,Medium
EV000293,2026-01-15 00:10:00,395.86,-31.54,-12.49,75.97,34.91,31.31,1044,163,47829.1,159.1,108.6,164.3,3.76,2.76,19.31,52.36,44.24,AC,165,0.00704,0.00514,2315,43.4,81.09,366.3,1092,Medium
EV000038,2026-01-15 00:15:00,330.73,-141.88,-46.92,31.7,42.59,36.13,138,7,14129.8,130.9,52.6,95.3,3.6,7.53,24.39,54.01,49.79,AC,52,0.00447,0.00245,375,28.8,96.84,143.1,2060,Low
EV000168,2026-01-15 00:20:00,355.23,-115.41,-41.0,82.73,17.95,5.03,791,256,264446.7,232.9,74.5,121.2,1.98,6.24,24.83,30.27,23.57,DC,100,0.00606,0.00413,3375,64.8,82.63,268.7,1167,Medium
EV000100,2026-01-15 00:25:00,384.2,40.3,15.48,74.63,25.54,10.18,338,88,59018.7,186.9,106.9,134.9,2.6,2.64,13.01,36.59,39.37,AC,134,0.00488,0.00355,2181,85.9,92.34,289.2,1793,Low
EV000269,2026-01-15 00:30:00,357.66,189.47,67.76,73.5,15.0,-7.8,910,125,53888.4,78.9,83.7,104.6,4.35,5.94,23.4,34.31,25.54,AC,118,0.00598,0.00508,1356,39.3,86.74,330.2,1436,Medium
EV000298,2026-01-15 00:35:00,324.03,132.11,42.81,63.61,31.63,19.15,1139,487,173202.3,113.3,92.1,144.4,1.05,1.9,17.25,49.04,39.94,AC,59,0.00779,0.00627,2801,33.8,77.91,205.5,1015,High
EV000113,2026-01-15 00:40:00,377.74,-148.38,-56.05,10.97,45.37,35.66,1639,903,18354.6,29.1,86.9,130.1,3.55,2.58,18.67,61.69,49.51,AC,16,0.01194,0.00703,278,54.7,69.52,40.0,568,High
EV000069,2026-01-15 00:45:00,349.75,208.59,72.96,32.35,22.88,9.23,1556,14,205021.2,141.6,34.8,55.1,2.82,7.58,13.87,39.2,31.93,AC,38,0.00996,0.00624,2949,64.4,76.49,109.6,947,High
EV000263,2026-01-15 00:50:00,399.34,-50.15,-20.03,84.64,15.0,-8.6,1609,706,105485.0,177.6,27.5,38.6,4.46,3.93,15.72,24.6,23.16,DC,149,0.00894,0.00627,2717,71.0,69.02,320.4,524,High
EV000032,2026-01-15 00:55:00,385.11,208.3,80.22,54.74,35.19,22.48,310,185,57185.9,132.1,21.5,44.3,1.79,0.44,21.03,50.21,41.02,AC,106,0.00378,0.00362,2223,56.6,89.62,205.7,1654,Medium
EV000158,2026-01-15 01:00:00,323.4,-3.63,-1.17,7.45,23.95,16.43,1201,144,14694.4,124.9,29.0,46.1,4.27,1.84,19.72,31.92,37.8,DC,158,0.00871,0.0049,385,67.3,82.84,40.0,1202,Medium
EV000169,2026-01-15 01:05:00,335.31,44.4,14.89,94.26,32.81,17.06,1176,293,214141.6,230.0,95.1,111.0,2.87,5.42,15.28,44.31,38.68,DC,155,0.0091,0.00515,3564,31.2,77.38,408.6,994,High
EV000196,2026-01-15 01:10:00,328.16,-0.92,-0.3,50.67,15.0,-1.03,459,232,14988.6,83.9,104.9,148.3,2.42,5.98,22.33,30.48,18.89,AC,27,0.00717,0.00347,286,49.3,91.52,243.1,1737,Low
EV000163,2026-01-15 01:15:00,330.9,124.3,41.13,29.83,34.59,20.77,1109,623,63201.5,217.3,85.0,97.9,1.7,7.42,16.57,45.37,38.62,AC,141,0.01023,0.00534,958,52.8,77.86,125.1,1048,High
EV000175,2026-01-15 01:20:00,373.12,-210.51,-78.55,36.42,44.93,34.41,1193,43,42816.2,36.8,109.6,137.6,1.94,0.61,21.07,62.9,55.48,AC,149,0.00685,0.00492,2011,64.3,80.18,111.0,1150,Medium
EV000266,2026-01-15 01:25:00,325.27,-114.24,-37.16,24.83,15.0,-2.23,1274,656,54846.5,184.0,79.8,97.9,2.28,7.61,17.01,28.33,21.24,AC,165,0.00935,0.00538,779,31.8,75.85,96.3,800,High
EV000229,2026-01-15 01:30:00,337.64,-162.55,-54.88,98.07,16.32,7.68,908,256,272124.4,35.7,19.8,70.6,1.92,4.82,20.93,27.32,30.62,AC,131,0.00592,0.00421,3453,29.2,82.31,460.9,1221,Medium
EV000019,2026-01-15 01:35:00,338.89,-50.72,-17.19,23.06,15.0,-3.95,1525,851,11837.2,129.3,56.9,106.4,2.62,0.96,19.38,31.41,27.34,DC,170,0.00833,0.00646,296,30.2,72.57,66.5,682,High
EV000114,2026-01-15 01:40:00,356.39,-67.11,-23.92,6.37,39.57,34.8,1492,506,60107.5,12.0,64.2,84.9,3.02,7.07,19.48,45.47,49.57,DC,149,0.01047,0.00569,1471,69.1,73.9,40.0,804,High
EV000020,2026-01-15 01:45:00,402.09,-153.96,-61.9,43.16,15.0,-6.02,800,313,224156.1,151.2,16.5,30.9,3.26,4.6,21.99,25.14,24.36,DC,119,0.00826,0.00516,3407,32.4,81.39,184.6,1242,Medium
EV000275,2026-01-15 01:50:00,344.17,-152.48,-52.48,6.91,15.0,-4.09,188,84,104177.4,27.0,96.8,147.2,4.2,0.44,23.64,23.06,26.98,AC,50,0.00346,0.00252,1309,56.2,94.88,40.0,1864,Low
EV000088,2026-01-15 01:55:00,385.28,-147.05,-56.66,46.05,43.63,31.34,1799,497,217440.1,210.1,25.4,70.1,0.83,4.07,12.6,61.93,58.01,DC,103,0.01,0.0067,2953,57.7,66.94,161.4,414,High
EV000139,2026-01-15 02:00:00,341.32,41.43,14.14,68.47,15.0,-9.63,1081,600,66232.3,101.9,28.0,80.5,3.55,2.68,20.57,29.85,26.25,AC,44,0.0074,0.00628,1602,68.9,78.94,194.6,1063,High
EV000021,2026-01-15 02:05:00,383.16,-12.68,-4.86,28.09,21.59,14.69,1486,709,68840.6,39.3,31.8,59.5,3.79,6.81,24.99,32.18,31.88,AC,39,0.00994,0.00624,1979,22.4,71.26,113.9,542,High
EV000199,2026-01-15 02:10:00,384.5,145.01,55.76,10.36,23.75,18.77,1515,226,65905.2,246.5,43.9,70.8,0.21,7.32,16.5,34.25,33.16,AC,157,0.00985,0.00615,986,94.0,76.95,40.0,962,High
EV000002,2026-01-15 02:15:00,379.94,201.75,76.65,7.98,46.37,31.7,1252,141,63203.5,205.2,87.3,124.4,2.11,5.84,17.82,65.64,52.46,DC,59,0.01014,0.00513,1729,42.6,79.49,40.0,1098,High
EV000191,2026-01-15 02:20:00,368.12,-218.32,-80.37,66.17,25.53,21.43,89,21,77148.7,60.3,99.0,151.2,0.77,2.69,23.9,43.85,30.86,DC,52,0.00291,0.00299,1464,36.8,96.76,349.2,2070,Low
EV000205,2026-01-15 02:25:00,325.96,163.22,53.2,93.51,15.0,-3.06,421,33,70268.8,105.7,95.1,131.6,0.35,6.45,23.83,31.67,18.59,AC,34,0.00684,0.00372,1097,52.9,92.25,473.1,1834,Low
EV000227,2026-01-15 02:30:00,400.51,-105.65,-42.31,54.98,35.11,29.81,436,150,182953.2,143.1,78.1,129.6,3.01,5.27,19.02,41.79,50.05,AC,42,0.00505,0.00391,2475,43.3,90.33,180.2,1647,Low
EV000207,2026-01-15 02:35:00,366.36,133.58,48.94,77.55,33.68,20.72,1048,278,45670.9,65.5,48.6,104.6,2.57,5.66,15.13,48.22,44.78,AC,156,0.00914,0.00468,744,70.5,82.31,276.7,1289,Medium
EV000202,2026-01-15 02:40:00,349.36,-98.25,-34.32,20.55,15.0,-8.63,1004,77,179772.4,49.8,113.4,124.5,0.52,4.72,23.48,24.71,18.76,AC,100,0.00987,0.00416,3282,55.4,83.01,64.7,1291,Medium
EV000216,2026-01-15 02:45:00,360.47,-115.91,-41.78,16.61,40.13,26.97,627,95,129933.8,192.4,103.9,133.4,3.8,1.16,13.05,49.46,53.88,DC,158,0.00789,0.00396,2058,30.0,87.19,81.6,1558,Medium
EV000116,2026-01-15 02:50:00,362.52,213.94,77.56,58.96,27.29,16.6,760,218,31440.3,54.6,61.9,116.9,0.22,1.75,18.65,43.7,38.25,AC,146,0.00612,0.00448,947,50.4,87.95,208.9,1551,Medium
EV000141,2026-01-15 02:55:00,348.14,27.53,9.58,78.63,48.18,34.41,437,77,98478.6,167.4,100.4,149.7,0.86,5.15,19.84,64.1,58.98,DC,146,0.00706,0.00417,1895,89.7,89.9,363.8,1711,Medium
EV000124,2026-01-15 03:00:00,354.89,215.99,76.65,20.8,37.02,25.27,1765,978,104211.8,20.0,47.8,67.5,3.54,1.33,17.7,56.01,43.36,DC,170,0.01035,0.00797,1924,94.6,66.29,71.9,309,High
EV000096,2026-01-15 03:05:00,350.6,150.56,52.79,93.02,23.77,6.36,604,214,32157.8,146.9,30.8,86.4,2.23,2.64,23.39,37.87,26.85,AC,104,0.00565,0.00371,840,45.3,90.33,416.2,1737,Low
EV000117,2026-01-15 03:10:00,337.14,-163.18,-55.02,47.25,18.13,0.53,105,54,110201.2,27.5,26.5,49.8,1.67,3.32,18.32,35.23,25.57,AC,146,0.00577,0.00277,1635,23.5,95.92,239.2,2005,Low
EV000133,2026-01-15 03:15:00,374.67,-119.01,-44.59,12.83,35.8,24.09,741,318,96281.3,229.9,22.9,59.3,2.86,2.97,18.89,41.06,42.65,DC,132,0.0063,0.00437,1905,33.2,84.22,54.9,1325,Medium
EV000260,2026-01-15 03:20:00,358.57,-60.81,-21.8,61.9,23.22,5.81,1786,1008,43878.7,80.8,67.9,78.4,3.46,1.56,21.91,42.41,29.71,AC,64,0.00999,0.00723,575,70.3,68.63,191.6,449,High
EV000058,2026-01-15 03:25:00,375.95,-193.87,-72.89,15.53,17.71,4.65,1464,590,63170.8,14.7,91.0,125.5,1.04,0.85,18.15,34.67,24.28,DC,69,0.00917,0.00578,1621,91.0,75.1,62.1,837,High
EV000245,2026-01-15 03:30:00,407.59,-215.13,-87.69,68.3,15.0,-7.78,1095,93,2450.7,151.7,106.8,121.3,3.33,4.99,13.99,20.86,20.48,AC,168,0.00963,0.00539,60,25.4,86.46,217.9,1417,Medium
EV000087,2026-01-15 03:35:00,328.23,-215.37,-70.69,46.79,41.34,34.45,1037,444,69841.0,167.4,51.0,79.8,2.25,7.82,12.55,52.36,55.23,DC,167,0.00905,0.0053,932,81.9,80.25,146.3,1148,Medium
EV000225,2026-01-15 03:40:00,403.78,23.09,9.32,43.29,37.46,23.38,1611,712,17472.8,196.6,96.7,112.4,4.45,6.02,15.78,46.05,43.15,DC,176,0.01239,0.00653,312,59.1,73.05,130.5,702,High
EV000132,2026-01-15 03:45:00,393.38,-64.38,-25.33,40.26,18.05,15.03,1457,642,16564.1,22.8,111.2,167.1,2.13,0.13,23.95,29.44,26.55,DC,35,0.0112,0.00618,598,88.9,74.02,152.7,806,High
EV000124,2026-01-15 03:50:00,328.97,165.28,54.37,66.43,26.73,9.97,608,122,204638.9,62.4,34.5,45.3,2.99,1.16,13.09,44.31,34.47,DC,165,0.00741,0.00436,2949,73.5,87.48,245.4,1574,Medium
EV000217,2026-01-15 03:55:00,392.63,-108.89,-42.75,32.27,22.07,17.12,563,309,83878.6,163.4,110.3,161.6,2.31,2.75,24.46,41.16,32.78,AC,148,0.00667,0.00456,1263,21.9,88.05,164.0,1555,Medium
EV000245,2026-01-15 04:00:00,383.11,185.56,71.09,5.41,31.26,24.44,986,86,154997.5,106.1,89.1,145.1,1.5,2.51,23.9,41.64,35.57,DC,35,0.00688,0.00471,3536,25.4,82.65,40.0,1212,Medium
EV000225,2026-01-15 04:05:00,373.17,-44.37,-16.56,50.9,15.1,11.5,997,85,147864.3,56.8,63.5,82.7,4.39,7.01,23.41,31.88,25.11,DC,153,0.00719,0.00494,1886,42.0,84.13,224.7,1297,Medium
EV000082,2026-01-15 04:10:00,407.44,-100.95,-41.13,98.97,30.67,21.35,949,134,31131.7,231.0,76.5,126.6,2.17,1.86,24.65,41.03,37.43,DC,171,0.00623,0.00417,430,88.8,86.36,432.3,1440,Medium
EV000203,2026-01-15 04:15:00,370.69,48.64,18.03,28.68,27.14,11.92,1098,491,197316.3,137.9,83.7,129.3,1.06,2.38,13.28,44.7,31.18,AC,104,0.00963,0.00546,2662,41.6,78.21,130.9,1014,High
EV000010,2026-01-15 04:20:00,371.68,184.23,68.48,29.93,43.11,31.7,977,562,68971.4,39.6,74.3,101.3,1.77,3.44,21.81,58.97,49.88,AC,107,0.00863,0.00567,2346,90.7,77.63,84.0,976,High
EV000258,2026-01-15 04:25:00,379.84,164.74,62.58,74.29,15.0,-2.34,126,62,113578.6,154.2,55.4,79.9,3.91,7.08,14.09,20.37,27.84,DC,86,0.0047,0.00323,2070,29.5,95.69,314.0,1897,Low
EV000012,2026-01-15 04:30:00,359.99,167.67,60.36,45.7,15.0,-8.05,90,40,34708.6,105.7,76.5,135.9,4.5,2.62,17.87,32.53,27.75,AC,124,0.00597,0.0029,1270,89.5,97.05,221.1,1971,Low
EV000300,2026-01-15 04:35:00,360.7,-42.76,-15.42,84.32,47.24,39.15,1070,206,183318.9,36.6,94.4,132.9,2.51,5.67,20.19,56.03,52.35,AC,34,0.01021,0.00561,3172,49.2,78.9,304.4,1038,High
EV000258,2026-01-15 04:40:00,354.43,91.63,32.48,20.62,15.0,-9.99,1082,436,31211.2,208.7,41.1,80.9,1.67,2.96,12.63,34.82,19.52,DC,123,0.00803,0.00512,640,80.5,82.81,86.2,1320,Medium
EV000199,2026-01-15 04:45:00,375.35,185.54,69.64,33.26,49.18,38.36,566,9,13965.7,227.0,27.9,68.1,2.5,1.26,18.16,59.86,63.85,AC,57,0.00644,0.00368,238,52.5,91.54,164.3,1672,Low
EV000056,2026-01-15 04:50:00,340.01,-53.76,-18.28,86.93,34.43,28.17,803,92,48401.1,154.5,119.5,164.3,0.52,3.83,23.73,50.15,38.91,AC,110,0.00787,0.00517,633,88.2,87.16,286.8,1516,Medium
EV000215,2026-01-15 04:55:00,378.07,-54.84,-20.73,33.15,15.0,-3.21,166,86,137383.8,119.6,57.6,104.8,0.72,2.19,23.32,26.36,25.64,DC,16,0.00337,0.0025,2197,65.0,92.8,113.5,1726,Low
EV000177,2026-01-15 05:00:00,387.54,56.12,21.75,6.25,15.0,-8.44,1107,621,20380.3,102.0,69.1,113.5,0.43,3.56,14.04,21.24,21.55,AC,110,0.00999,0.00613,714,65.4,80.29,40.0,1169,Medium
EV000119,2026-01-15 05:05:00,343.24,152.46,52.33,22.53,37.92,23.8,544,24,49866.6,162.8,118.6,133.2,0.38,6.25,22.02,53.33,49.29,AC,121,0.00696,0.00423,1145,36.2,91.44,116.9,1791,Low
EV000244,2026-01-15 05:10:00,374.88,-70.74,-26.52,24.58,45.57,36.8,62,0,222577.5,72.1,26.5,41.7,1.66,7.09,14.79,61.76,60.1,AC,21,0.00603,0.00336,3146,49.4,94.21,105.4,1927,Low
EV000052,2026-01-15 05:15:00,333.66,-23.28,-7.77,9.05,40.28,34.27,516,203,176866.4,117.0,68.4,83.8,0.55,0.22,24.18,58.7,45.18,AC,92,0.00738,0.00364,3339,36.6,86.68,40.0,1435,Medium
EV000117,2026-01-15 05:20:00,399.28,-50.88,-20.31,78.93,35.17,28.07,227,55,50628.1,146.3,88.2,130.3,0.3,6.29,22.97,52.8,38.5,DC,77,0.00429,0.00289,1057,60.3,95.51,307.4,1978,Low
EV000174,2026-01-15 05:25:00,357.12,-150.97,-53.91,45.91,51.55,34.53,504,79,94913.2,229.8,105.3,145.3,4.22,0.89,16.76,61.45,58.11,AC,120,0.00534,0.00447,1366,64.7,90.52,248.1,1599,Low
EV000050,2026-01-15 05:30:00,321.06,80.0,25.68,11.48,25.49,21.08,122,14,12273.5,208.8,16.2,36.0,2.04,4.34,20.48,39.92,36.3,AC,93,0.00477,0.00366,318,88.8,98.96,42.0,2180,Low
EV000149,2026-01-15 05:35:00,344.0,104.61,35.99,82.54,51.56,37.91,985,418,52705.0,236.8,104.1,118.8,2.32,6.37,15.76,60.6,56.01,DC,134,0.00674,0.00457,1748,84.1,79.5,328.9,1145,High
EV000228,2026-01-15 05:40:00,344.78,47.95,16.53,78.75,15.0,-3.07,1265,15,39397.7,225.7,90.3,135.0,2.05,5.72,22.2,21.41,22.84,AC,93,0.00775,0.00535,799,50.2,83.87,338.5,1333,Medium
EV000292,2026-01-15 05:45:00,402.68,42.03,16.92,98.34,15.0,1.95,984,90,138155.8,88.0,53.5,87.8,2.12,0.17,18.1,23.26,28.03,DC,58,0.00756,0.00479,1866,85.5,83.95,400.8,1376,Medium
EV000046,2026-01-15 05:50:00,355.55,-54.91,-19.52,17.66,38.04,27.77,646,254,73886.2,98.1,105.7,158.4,4.5,0.48,15.79,51.0,48.5,AC,90,0.00858,0.00452,2009,62.5,85.26,76.6,1391,Medium
EV000142,2026-01-15 05:55:00,370.55,-122.7,-45.46,9.87,15.0,-8.95,162,24,28339.4,139.3,94.1,139.2,3.91,5.2,15.04,24.54,22.52,DC,76,0.00528,0.00246,459,71.7,96.7,44.0,2083,Low
EV000064,2026-01-15 06:00:00,405.63,-21.9,-8.88,17.62,24.45,15.91,292,50,55683.5,234.1,87.3,113.0,2.41,4.16,13.14,44.21,36.85,DC,49,0.00673,0.00337,731,35.9,94.52,95.3,1830,Low
EV000194,2026-01-15 06:05:00,399.36,180.83,72.21,77.24,15.0,0.26,1034,257,158160.8,118.3,115.3,159.9,4.46,0.43,17.04,28.99,23.77,DC,179,0.00721,0.00526,2279,47.6,81.22,352.0,1153,Medium
EV000048,2026-01-15 06:10:00,399.56,30.72,12.27,64.5,37.8,27.18,198,15,101424.3,144.3,44.7,80.2,1.07,3.61,14.81,49.78,42.37,DC,62,0.00654,0.00264,2338,85.1,93.05,320.1,1858,Low
EV000048,2026-01-15 06:15:00,374.03,147.68,55.24,42.24,24.04,10.69,1759,79,134850.6,8.2,99.6,128.3,0.36,0.53,23.26,38.01,29.05,AC,81,0.00957,0.00583,1752,54.8,75.89,137.0,863,High
EV000026,2026-01-15 06:20:00,331.01,83.92,27.78,20.16,18.11,0.54,1073,49,16372.4,137.7,83.6,96.8,3.65,3.89,22.35,32.98,32.61,DC,146,0.00847,0.00553,507,44.4,86.77,89.1,1442,Medium
EV000294,2026-01-15 06:25:00,387.54,-22.38,-8.67,45.87,15.0,-3.57,1069,522,41678.5,187.0,57.5,96.7,3.98,3.2,22.31,29.01,27.34,AC,156,0.00776,0.00545,1314,23.7,79.56,148.7,1063,High
EV000204,2026-01-15 06:30:00,366.73,114.35,41.94,32.34,38.29,23.43,1379,189,70604.3,135.5,16.0,56.2,2.02,5.75,14.44,56.25,44.19,DC,128,0.01012,0.005,1299,68.6,78.34,117.5,1025,High
EV000060,2026-01-15 06:35:00,383.88,-113.29,-43.49,17.73,38.5,21.91,267,132,248424.5,126.9,72.4,84.8,1.82,3.94,15.55,51.63,43.44,DC,68,0.00312,0.00373,3181,67.3,90.42,88.7,1597,Low
EV000016,2026-01-15 06:40:00,325.15,147.91,48.09,70.42,15.0,-8.25,1707,504,119205.0,232.5,49.0,67.6,1.3,3.55,14.72,23.55,24.65,DC,130,0.01215,0.00731,2398,87.8,70.92,186.6,622,High
EV000242,2026-01-15 06:45:00,406.4,-112.14,-45.57,50.44,36.47,20.5,1230,730,22122.8,206.1,65.3,89.4,3.6,4.12,18.37,46.65,41.19,DC,52,0.00999,0.00663,412,50.5,76.9,232.4,894,High
EV000153,2026-01-15 06:50:00,364.13,-24.03,-8.75,51.21,28.73,23.74,714,305,108857.4,26.0,118.3,148.8,2.31,7.44,12.79,48.62,33.46,AC,115,0.00738,0.00514,1859,56.9,86.1,223.6,1360,Medium
EV000164,2026-01-15 06:55:00,398.93,-13.11,-5.23,71.72,44.53,41.19,647,86,167402.3,42.0,21.1,32.7,2.69,3.92,23.54,55.75,58.72,DC,143,0.0077,0.00365,3137,70.0,84.9,219.7,1309,Medium
EV000178,2026-01-15 07:00:00,376.99,217.76,82.09,66.85,21.97,13.8,977,439,93761.0,5.1,47.9,67.8,3.24,4.61,24.78,38.62,34.85,DC,23,0.00903,0.00555,3070,21.7,79.03,233.5,1042,High
EV000161,2026-01-15 07:05:00,359.01,-181.77,-65.26,43.6,15.0,7.21,1316,36,86578.4,222.7,98.6,126.1,2.56,3.6,16.69,28.38,24.64,AC,34,0.00755,0.00516,1299,67.7,81.56,212.5,1131,Medium
EV000159,2026-01-15 07:10:00,350.18,192.78,67.51,7.62,15.0,-2.02,637,98,70769.4,214.9,66.4,77.8,3.51,3.0,22.52,32.01,26.69,AC,75,0.00786,0.00367,2412,41.9,86.88,40.0,1502,Medium
EV000104,2026-01-15 07:15:00,409.98,22.84,9.36,77.75,32.53,14.6,1017,574,73972.7,198.3,21.5,47.5,4.2,3.56,23.35,43.23,46.79,AC,85,0.00815,0.00499,1694,31.8,80.05,322.4,1032,Medium
EV000059,2026-01-15 07:20:00,327.61,-154.62,-50.66,86.96,37.4,33.97,870,8,14959.7,118.6,116.1,174.5,1.99,6.15,23.99,42.9,50.72,DC,27,0.00605,0.00488,283,85.1,88.51,332.8,1495,Medium
EV000038,2026-01-15 07:25:00,322.44,117.78,37.98,63.79,18.4,2.65,1359,335,159601.6,189.4,98.1,157.1,2.96,3.67,21.65,24.34,27.17,DC,145,0.00776,0.00596,2180,65.2,77.02,246.1,979,High
EV000224,2026-01-15 07:30:00,391.14,-94.09,-36.8,6.37,15.0,-0.77,1518,189,158434.0,157.1,15.6,47.4,4.15,0.87,21.15,23.34,25.62,DC,105,0.00964,0.00636,2758,29.1,74.73,40.0,806,High
EV000112,2026-01-15 07:35:00,322.22,-94.11,-30.32,23.06,15.0,-1.44,385,54,78718.5,104.1,83.7,113.2,0.61,4.48,20.46,28.61,29.02,AC,67,0.00561,0.00355,2313,85.5,92.17,126.1,1769,Low
EV000016,2026-01-15 07:40:00,406.4,68.81,27.96,81.19,15.0,-4.15,545,64,56763.3,158.5,110.1,166.4,0.66,2.3,14.94,28.39,29.44,AC,81,0.00456,0.0036,1519,41.2,89.46,339.3,1550,Medium
EV000133,2026-01-15 07:45:00,407.37,-39.28,-16.0,59.85,46.4,34.03,1715,93,63643.3,176.4,46.3,81.6,1.31,3.91,19.82,64.83,58.09,AC,170,0.01173,0.0061,918,40.4,75.73,174.5,901,High
EV000127,2026-01-15 07:50:00,369.46,-146.08,-53.97,85.39,43.05,31.77,1690,11,39713.0,202.6,118.3,168.4,3.83,3.18,21.47,52.12,47.38,DC,74,0.00971,0.00674,957,83.2,77.58,272.6,1046,High
EV000273,2026-01-15 07:55:00,332.85,98.4,32.75,5.97,38.02,30.98,1182,297,121848.2,130.2,80.3,128.0,3.71,4.41,18.09,55.15,49.14,DC,157,0.00841,0.0048,3151,29.3,76.95,40.0,951,High
EV000131,2026-01-15 08:00:00,404.19,-207.94,-84.05,65.44,15.0,2.31,1793,301,218734.1,246.7,46.2,77.0,3.21,3.01,23.42,34.85,24.09,AC,152,0.01233,0.00708,3375,80.9,70.03,234.5,546,High
EV000128,2026-01-15 08:05:00,342.63,-140.72,-48.22,97.84,29.63,12.45,652,117,54353.7,226.6,114.6,132.5,4.17,7.95,12.27,39.24,37.56,AC,109,0.00631,0.00385,1497,53.3,87.77,341.6,1449,Medium
EV000255,2026-01-15 08:10:00,330.86,135.18,44.73,56.52,45.45,35.07,1697,103,71687.8,65.5,63.4,89.3,0.74,1.81,17.59,54.39,58.07,DC,111,0.00902,0.00678,1746,66.9,73.72,222.5,820,High
EV000171,2026-01-15 08:15:00,327.41,-91.65,-30.01,32.22,37.45,23.72,857,215,32520.9,238.2,75.5,103.3,4.4,7.73,17.76,56.3,43.93,AC,37,0.00669,0.00432,997,88.3,84.61,158.7,1338,Medium
EV000061,2026-01-15 08:20:00,336.12,28.7,9.65,22.25,15.0,-8.77,98,25,143675.7,83.3,23.2,62.0,2.18,4.44,13.33,22.03,24.57,AC,165,0.0028,0.00343,2196,21.0,95.03,93.6,1919,Low
EV000103,2026-01-15 08:25:00,375.8,28.81,10.83,30.28,27.7,14.34,170,59,102937.9,80.0,103.6,163.0,2.45,0.49,23.37,38.66,34.27,AC,35,0.00353,0.00321,1688,93.1,95.72,163.0,2008,Low
EV000062,2026-01-15 08:30:00,363.18,117.86,42.81,64.07,44.91,40.2,1696,219,65325.7,174.5,101.2,137.3,1.13,4.07,14.34,59.1,53.99,AC,111,0.01276,0.00591,935,94.6,74.39,278.4,829,High
EV000215,2026-01-15 08:35:00,351.39,132.41,46.53,50.94,43.63,30.59,926,202,237542.4,71.0,79.6,111.9,1.74,3.4,15.51,56.36,51.61,DC,119,0.0061,0.00438,3573,80.9,80.4,147.1,1160,Medium
EV000191,2026-01-15 08:40:00,364.18,197.11,71.78,83.22,53.56,41.9,531,149,150348.3,63.3,79.1,95.0,0.32,3.5,12.71,65.92,57.39,DC,40,0.0081,0.00464,2005,26.2,86.97,424.6,1476,Medium
EV000033,2026-01-15 08:45:00,359.56,-152.94,-54.99,17.89,15.0,-0.02,555,237,71876.9,23.2,91.2,111.5,1.42,1.09,23.63,21.18,26.01,DC,125,0.0074,0.00397,2130,72.3,88.24,74.9,1545,Medium
EV000140,2026-01-15 08:50:00,365.02,106.38,38.83,48.47,15.0,11.0,126,56,231696.7,15.3,85.7,143.9,1.33,0.0,19.02,27.99,22.52,DC,58,0.00553,0.00358,3168,67.5,94.27,179.8,1906,Low
EV000276,2026-01-15 08:55:00,347.87,-209.12,-72.75,81.36,15.0,1.47,1258,352,182343.0,179.5,84.8,116.3,3.49,5.31,20.69,21.68,23.74,AC,127,0.00716,0.00644,3597,50.5,76.42,325.9,927,High
EV000244,2026-01-15 09:00:00,352.04,28.73,10.12,92.87,15.0,7.11,1516,848,170276.2,171.2,106.1,136.2,3.4,4.29,20.72,24.31,18.79,DC,85,0.00995,0.00653,2962,56.3,68.78,368.3,540,High
EV000178,2026-01-15 09:05:00,383.29,9.98,3.83,40.38,21.49,6.37,337,158,182318.0,123.5,34.6,89.8,3.92,7.83,16.31,30.13,26.39,AC,37,0.00694,0.00396,3170,78.0,88.72,193.6,1651,Medium
EV000135,2026-01-15 09:10:00,363.52,-183.33,-66.64,61.8,46.58,30.88,1333,766,128394.2,90.9,47.7,100.3,4.1,5.15,12.54,51.67,51.28,DC,130,0.00889,0.00577,3465,24.2,69.27,159.0,511,High
EV000222,2026-01-15 09:15:00,400.27,-186.67,-74.72,48.12,29.89,26.78,704,360,217602.9,67.1,103.0,156.0,2.85,5.47,12.56,43.47,38.34,DC,110,0.00869,0.00497,3074,78.2,83.16,194.7,1320,Medium
EV000191,2026-01-15 09:20:00,405.17,-38.42,-15.57,21.17,15.48,-1.67,164,58,67356.6,76.2,91.4,120.8,3.64,7.09,18.12,25.47,23.58,DC,80,0.00507,0.00361,3022,27.3,93.79,107.0,1779,Low
EV000180,2026-01-15 09:25:00,377.0,38.62,14.56,75.94,44.43,32.84,1642,422,116877.4,41.2,88.1,126.6,3.58,6.52,22.61,53.9,57.53,AC,79,0.01149,0.00697,2860,28.0,71.54,222.3,560,High
EV000043,2026-01-15 09:30:00,401.41,-110.72,-44.44,42.94,25.95,10.74,270,110,25220.4,60.7,81.5,119.6,1.49,4.22,17.63,43.38,32.44,AC,32,0.00571,0.00351,847,36.8,93.54,228.9,1814,Low
EV000225,2026-01-15 09:35:00,381.62,-202.12,-77.13,75.94,15.0,-5.1,1747,234,112131.4,36.9,77.2,100.3,1.76,1.9,23.7,22.57,21.36,AC,55,0.01223,0.00629,1981,86.8,74.02,285.3,834,High
EV000258,2026-01-15 09:40:00,362.33,-191.4,-69.35,44.12,35.05,17.64,1675,243,15982.1,54.9,71.7,94.0,2.82,0.72,20.03,44.23,44.26,AC,178,0.00986,0.00659,331,81.0,77.72,164.2,995,High
EV000045,2026-01-15 09:45:00,381.03,-60.86,-23.19,71.65,40.58,32.68,974,412,61316.2,132.6,85.4,138.2,0.48,0.82,15.96,48.76,47.65,AC,15,0.00757,0.00481,2506,70.9,78.63,296.2,1097,High
EV000076,2026-01-15 09:50:00,369.69,-96.34,-35.62,28.24,16.01,8.63,645,16,94230.6,194.6,96.8,148.2,0.94,3.43,17.19,35.52,29.65,DC,22,0.00569,0.00442,3275,64.6,87.25,124.5,1528,Medium
EV000250,2026-01-15 09:55:00,375.98,129.39,48.65,92.04,41.17,28.76,1220,520,17413.2,236.1,73.5,121.1,4.22,6.34,13.03,48.33,55.23,DC,174,0.00837,0.0052,449,54.3,79.25,257.5,986,High
EV000173,2026-01-15 10:00:00,337.5,145.85,49.22,37.53,41.85,28.5,1587,319,170513.3,16.6,92.8,116.9,0.25,4.19,13.09,56.91,50.11,DC,32,0.00888,0.00579,2681,43.5,71.78,130.6,654,High
EV000102,2026-01-15 10:05:00,399.07,-198.69,-79.29,90.14,15.0,-2.84,1256,375,77061.3,50.1,65.9,118.1,1.51,6.78,12.58,32.68,21.35,AC,56,0.00823,0.00616,2123,66.4,79.08,341.6,1031,High
EV000230,2026-01-15 10:10:00,356.99,113.18,40.4,58.62,26.68,22.44,1179,210,96437.6,74.0,113.3,168.6,3.38,4.45,13.72,33.1,31.27,DC,28,0.0088,0.00488,2755,31.1,79.79,211.7,1112,High
EV000051,2026-01-15 10:15:00,354.05,64.0,22.66,39.18,15.0,1.93,1726,577,22755.2,81.5,24.9,62.8,2.81,4.41,19.13,28.09,24.11,AC,49,0.0096,0.00652,719,22.1,72.93,142.4,672,High
EV000203,2026-01-15 10:20:00,362.48,102.21,37.05,71.67,44.66,41.28,81,7,70551.5,95.0,50.5,108.3,1.85,4.2,14.95,55.55,48.48,DC,126,0.00427,0.00239,3023,92.0,93.32,290.2,1842,Low
EV000109,2026-01-15 10:25:00,372.33,218.28,81.27,41.78,41.69,26.76,190,2,51474.0,173.8,108.7,120.6,3.72,6.06,24.67,60.86,52.2,AC,77,0.00562,0.00306,2490,30.2,92.38,184.3,1771,Low
EV000051,2026-01-15 10:30:00,382.44,-57.96,-22.16,67.99,15.0,-2.34,27,12,40383.6,174.0,115.1,139.2,3.95,0.18,19.87,23.69,27.09,DC,151,0.00468,0.0028,538,59.7,97.67,360.5,2094,Low
EV000066,2026-01-15 10:35:00,336.4,50.42,16.96,9.56,27.55,17.78,908,336,50853.7,191.3,33.2,89.4,1.19,5.22,14.07,46.03,35.74,AC,116,0.00875,0.00507,2427,56.2,81.46,40.0,1109,Medium
EV000019,2026-01-15 10:40:00,343.44,64.18,22.04,31.31,15.0,-3.93,675,235,52309.4,46.0,66.2,123.6,0.89,4.04,21.3,34.85,27.91,DC,138,0.00637,0.00487,823,36.7,87.63,151.6,1482,Medium
EV000084,2026-01-15 10:45:00,377.32,159.44,60.16,41.84,15.0,-0.1,408,77,41371.3,102.2,76.0,102.6,3.38,1.82,15.74,21.13,27.01,AC,86,0.00742,0.00299,1165,87.8,92.29,207.4,1739,Low
EV000170,2026-01-15 10:50:00,381.36,71.9,27.42,67.15,38.6,31.97,1016,115,38015.9,136.8,60.1,85.5,2.56,0.71,20.35,48.23,51.85,AC,51,0.00958,0.00498,1210,86.8,83.86,290.1,1244,Medium
EV000164,2026-01-15 10:55:00,324.84,22.22,7.22,49.3,45.74,32.01,830,287,38149.2,232.0,88.9,128.4,0.7,1.17,12.01,59.44,60.18,DC,146,0.00698,0.0049,939,52.1,84.05,184.4,1279,Medium
EV000174,2026-01-15 11:00:00,355.83,213.67,76.03,38.82,17.9,10.42,938,91,164146.4,103.7,45.8,99.4,3.01,7.92,16.47,30.34,32.76,AC,101,0.00762,0.00504,2980,38.4,83.3,140.4,1211,Medium
EV000231,2026-01-15 11:05:00,377.65,-49.9,-18.84,55.96,51.44,34.37,1112,258,145260.5,11.9,101.6,128.9,3.05,2.46,14.4,68.89,64.89,DC,159,0.00852,0.00586,2375,66.3,77.81,215.4,941,High
EV000266,2026-01-15 11:10:00,404.49,115.01,46.52,9.35,15.0,-6.94,646,279,51161.3,165.8,93.7,131.7,2.65,7.68,21.89,24.37,22.36,AC,36,0.00504,0.0037,1036,84.9,88.33,40.0,1571,Medium
EV000274,2026-01-15 11:15:00,388.06,99.18,38.49,94.13,55.81,41.21,1360,746,108299.1,184.1,50.3,100.8,1.61,1.34,24.43,75.42,66.23,AC,125,0.00749,0.0057,1873,93.6,71.17,320.9,622,High
EV000243,2026-01-15 11:20:00,405.25,-17.22,-6.98,25.34,15.0,-1.46,1562,93,10232.3,178.3,78.0,135.1,3.64,2.52,24.07,27.15,21.71,AC,48,0.00884,0.00656,139,27.8,79.72,108.3,1152,High
EV000177,2026-01-15 11:25:00,350.42,42.32,14.83,53.11,15.0,-6.64,447,226,41416.5,213.3,109.1,148.0,2.57,2.8,12.2,32.58,25.57,AC,137,0.00598,0.00389,660,60.6,90.38,175.3,1653,Low
EV000253,2026-01-15 11:30:00,373.1,207.61,77.46,86.27,15.0,-3.92,905,293,166204.8,248.9,24.0,69.6,4.41,0.4,22.09,29.97,19.3,AC,56,0.00895,0.00513,3400,58.0,82.3,379.9,1231,Medium
EV000201,2026-01-15 11:35:00,399.49,-195.86,-78.24,53.46,57.58,39.73,222,55,168643.6,218.1,86.8,137.3,3.22,0.75,16.8,66.57,63.68,AC,53,0.00402,0.00308,3487,80.4,89.17,203.2,1596,Medium
EV000008,2026-01-15 11:40:00,321.32,80.25,25.79,69.49,23.34,17.13,493,46,134809.6,52.5,88.7,133.3,3.51,4.93,12.62,34.64,29.44,AC,21,0.00515,0.004,2006,47.1,90.24,220.0,1674,Low
EV000025,2026-01-15 11:45:00,394.07,-129.66,-51.1,93.94,38.77,30.04,1785,456,140955.2,16.7,24.7,63.7,1.26,6.02,20.35,47.93,52.15,DC,63,0.01271,0.00701,1966,31.6,69.71,390.3,592,High
EV000157,2026-01-15 11:50:00,373.57,-154.44,-57.69,49.71,28.83,25.48,1764,759,43382.4,119.4,66.5,111.8,1.59,5.78,17.5,41.91,42.33,AC,145,0.01156,0.00658,606,82.9,70.88,149.9,620,High
EV000061,2026-01-15 11:55:00,355.68,176.7,62.85,47.06,32.48,15.3,698,40,147933.6,170.7,18.4,45.8,1.47,5.59,20.12,42.01,44.25,DC,35,0.00536,0.004,1855,36.4,87.78,192.6,1456,Medium
EV000131,2026-01-15 12:00:00,347.0,-166.11,-57.64,42.44,15.0,0.39,52,2,61544.3,200.4,118.7,151.6,3.86,4.38,19.24,32.69,27.49,AC,156,0.0041,0.00269,1298,69.6,96.49,243.4,1996,Low
EV000127,2026-01-15 12:05:00,337.83,-65.88,-22.25,23.56,33.25,18.05,1069,447,52595.3,10.8,21.2,66.5,1.7,0.5,21.41,41.15,40.26,DC,106,0.0077,0.00537,1823,64.1,80.11,88.0,1027,Medium
EV000161,2026-01-15 12:10:00,361.86,-127.07,-45.98,93.95,36.34,19.88,483,63,45140.6,169.1,76.8,92.4,4.12,1.63,13.26,41.95,45.45,AC,27,0.00754,0.0037,1525,81.1,90.78,421.2,1736,Low
EV000279,2026-01-15 12:15:00,356.72,-163.67,-58.38,11.68,15.0,5.68,1791,281,30017.4,226.4,29.0,88.6,4.25,1.35,24.5,33.55,27.42,DC,156,0.00927,0.00632,1207,92.4,74.02,40.0,822,High
EV000265,2026-01-15 12:20:00,384.99,121.35,46.72,15.52,38.8,26.05,1057,88,31578.3,59.2,70.4,93.3,4.37,5.2,12.94,48.97,43.13,DC,16,0.00817,0.00518,625,29.1,85.92,47.6,1423,Medium
EV000101,2026-01-15 12:25:00,396.66,-41.83,-16.59,55.24,15.0,2.44,1346,702,98084.1,101.4,17.1,37.1,0.94,6.99,15.53,25.84,19.99,AC,27,0.01056,0.00567,2574,27.9,72.76,203.1,777,High
EV000057,2026-01-15 12:30:00,349.64,-30.63,-10.71,76.36,15.0,-1.97,1331,716,158275.1,9.3,43.7,77.7,1.58,5.63,20.59,32.4,25.47,AC,156,0.01114,0.00615,2192,85.0,73.65,206.9,699,High
EV000296,2026-01-15 12:35:00,332.08,-15.83,-5.26,97.32,34.47,16.6,670,284,128552.4,52.0,24.4,39.0,2.45,4.79,14.86,44.17,41.42,AC,82,0.00757,0.0038,1768,69.6,85.55,375.9,1381,Medium
EV000204,2026-01-15 12:40:00,380.81,8.91,3.39,42.78,43.0,37.23,919,444,96339.8,166.9,108.9,149.2,0.75,3.74,16.06,61.91,49.08,AC,173,0.00901,0.00541,1484,40.4,81.15,197.5,1237,Medium
EV000038,2026-01-15 12:45:00,321.08,112.51,36.12,19.64,36.97,27.48,1452,431,43962.4,148.6,63.0,91.6,4.06,3.51,21.57,54.2,45.45,DC,65,0.00966,0.00637,682,34.4,77.24,89.5,991,High
EV000101,2026-01-15 12:50:00,402.15,-206.6,-83.09,47.93,23.1,12.3,1738,786,130291.4,21.8,40.5,95.9,1.64,6.38,19.28,32.83,31.94,AC,64,0.01159,0.00756,2305,77.2,67.39,157.5,405,High
EV000267,2026-01-15 12:55:00,326.82,-152.2,-49.74,54.19,15.0,-4.17,1735,291,109566.2,84.2,79.0,126.2,3.67,2.21,16.64,20.94,25.75,DC,166,0.00983,0.00733,1590,74.4,74.87,166.8,886,High
EV000223,2026-01-15 13:00:00,358.8,159.42,57.2,98.13,42.06,32.11,1388,332,226530.9,104.7,78.4,93.8,2.45,1.29,19.61,53.81,49.58,AC,167,0.00776,0.00661,3410,39.0,73.14,323.9,698,High
EV000070,2026-01-15 13:05:00,402.89,118.42,47.71,28.68,15.0,-6.99,1527,124,183733.1,198.8,115.0,162.1,3.42,3.9,18.82,21.24,25.0,DC,66,0.01167,0.00554,2631,22.1,76.41,101.3,845,High
EV000271,2026-01-15 13:10:00,324.32,107.85,34.98,11.66,41.09,34.59,1213,279,55078.9,221.6,60.5,76.7,2.08,1.91,24.56,53.6,53.28,AC,126,0.00823,0.00615,2147,20.3,78.99,41.6,1002,High
EV000017,2026-01-15 13:15:00,392.24,146.44,57.44,26.64,46.19,39.59,1394,25,176919.4,103.7,58.4,114.6,3.58,5.64,16.07,65.95,50.3,DC,18,0.00787,0.00526,3641,93.5,77.11,78.5,907,High
EV000161,2026-01-15 13:20:00,409.6,191.16,78.3,38.08,37.71,33.53,203,24,66066.4,182.3,45.1,101.5,1.29,0.98,22.98,49.71,48.01,DC,83,0.00504,0.00299,1404,71.1,93.94,154.0,1836,Low
EV000045,2026-01-15 13:25:00,374.52,-158.54,-59.37,73.39,55.83,40.46,187,59,70620.7,211.3,54.2,90.3,1.26,1.15,20.59,71.89,67.3,AC,68,0.00408,0.00291,1257,33.5,92.22,335.3,1826,Low
EV000096,2026-01-15 13:30:00,347.13,140.08,48.62,96.88,15.0,-8.0,1423,226,157365.3,128.1,43.9,60.2,3.3,3.77,15.64,21.46,25.45,DC,167,0.01162,0.00536,2662,35.9,77.27,442.1,997,High
EV000268,2026-01-15 13:35:00,378.27,-34.5,-13.05,91.45,41.04,24.11,1051,526,89429.2,76.1,62.3,76.8,0.79,2.89,19.64,59.89,54.42,DC,83,0.0081,0.00513,2851,37.1,76.0,397.3,858,High
EV000051,2026-01-15 13:40:00,343.81,45.07,15.5,97.8,42.38,30.08,585,284,151434.5,215.7,33.2,51.5,1.13,3.87,18.75,54.05,48.16,DC,100,0.00564,0.00487,2615,21.2,85.96,357.9,1483,Medium
EV000278,2026-01-15 13:45:00,391.16,193.29,75.61,98.39,56.35,39.7,434,183,43782.5,102.5,33.5,87.7,0.22,0.49,13.35,72.81,65.6,AC,69,0.00523,0.00423,776,21.6,89.62,502.2,1656,Medium
EV000179,2026-01-15 13:50:00,391.0,-42.91,-16.78,42.47,48.45,31.28,12,0,99411.0,210.2,71.9,95.4,3.85,6.95,23.97,56.41,52.92,DC,32,0.00375,0.00352,1331,86.6,95.31,185.7,1896,Low
EV000147,2026-01-15 13:55:00,405.65,188.11,76.31,24.38,44.53,39.98,1714,250,44470.6,204.8,57.5,83.3,0.5,4.79,20.06,64.45,52.37,DC,96,0.01239,0.00711,1796,40.0,74.17,83.4,748,High
EV000133,2026-01-15 14:00:00,371.77,-213.54,-79.39,60.63,44.79,39.48,1445,211,25686.2,129.5,22.3,52.2,1.44,0.08,13.68,53.04,54.39,AC,180,0.01076,0.0061,1130,23.5,77.09,271.5,979,High
EV000119,2026-01-15 14:05:00,381.6,-90.88,-34.68,18.8,28.31,20.16,1730,943,56938.8,158.2,118.5,146.9,4.35,5.17,15.98,44.59,38.34,DC,21,0.01126,0.008,815,83.2,69.72,48.6,470,High
EV000064,2026-01-15 14:10:00,328.83,90.39,29.72,11.47,18.62,3.25,1293,663,49855.0,139.0,18.7,73.9,1.54,5.33,21.63,29.66,24.83,DC,108,0.00726,0.00624,1899,78.1,74.85,43.9,739,High
EV000033,2026-01-15 14:15:00,404.44,16.63,6.73,49.56,15.0,-6.89,1102,198,32758.5,22.6,85.1,137.6,3.47,0.51,18.25,27.06,24.95,AC,60,0.00878,0.0047,466,35.6,84.95,198.9,1410,Medium
EV000276,2026-01-15 14:20:00,326.45,-153.78,-50.2,50.29,45.82,41.71,776,287,17330.0,49.2,118.2,169.3,0.73,0.37,14.52,53.18,56.9,AC,101,0.00688,0.00497,560,54.3,85.61,158.0,1372,Medium
EV000033,2026-01-15 14:25:00,395.14,179.0,70.73,70.77,43.29,25.66,1209,452,66808.6,35.2,88.2,106.0,2.24,5.36,24.44,57.05,52.33,DC,93,0.00916,0.00628,2561,57.2,76.1,232.8,836,High
EV000065,2026-01-15 14:30:00,343.94,-156.68,-53.89,12.61,15.0,-2.41,248,17,123852.8,93.0,67.6,97.2,3.55,3.87,12.86,30.47,23.1,AC,112,0.00427,0.00257,1953,68.3,93.96,68.1,1882,Low
EV000080,2026-01-15 14:35:00,328.37,-45.98,-15.1,35.36,47.83,39.01,153,45,68182.7,95.4,96.8,137.6,2.68,6.34,14.81,67.01,57.1,DC,37,0.00445,0.00386,2349,79.6,92.23,149.9,1693,Low
EV000206,2026-01-15 14:40:00,394.99,-57.8,-22.83,7.7,31.72,25.38,547,261,11471.2,17.0,47.9,67.8,4.22,4.31,16.56,45.06,40.54,AC,155,0.0042,0.00384,190,31.6,89.62,40.0,1705,Medium
EV000054,2026-01-15 14:45:00,383.89,213.68,82.03,38.73,30.9,27.87,418,5,176938.5,43.5,101.8,126.9,4.47,0.6,19.3,46.29,42.01,AC,120,0.00715,0.0029,3462,26.7,89.27,122.6,1667,Medium
EV000126,2026-01-15 14:50:00,339.92,39.79,13.53,65.54,49.52,34.19,849,117,67294.1,193.8,16.4,57.3,3.82,6.16,21.36,55.95,55.93,AC,39,0.0063,0.00513,3184,70.7,82.17,296.3,1293,Medium
EV000036,2026-01-15 14:55:00,363.65,-189.21,-68.81,83.78,47.45,39.48,216,50,104847.5,58.2,33.9,90.3,0.37,0.57,16.62,62.32,56.04,AC,156,0.00368,0.00281,2155,44.6,91.27,436.5,1774,Low
EV000151,2026-01-15 15:00:00,406.16,49.29,20.02,24.93,31.04,21.92,1284,677,19204.7,107.2,104.5,142.8,4.34,6.41,13.23,40.06,36.92,DC,66,0.00995,0.00641,259,57.6,76.25,95.0,917,High
EV000034,2026-01-15 15:05:00,356.11,-177.1,-63.07,54.31,15.0,-5.48,739,423,213520.6,63.6,22.8,73.1,2.0,6.05,15.54,25.13,21.26,AC,147,0.00785,0.00422,3613,88.5,82.07,248.0,1224,Medium
EV000167,2026-01-15 15:10:00,343.83,167.46,57.58,54.2,15.0,-2.03,1536,181,208870.3,35.2,37.1,85.0,0.44,2.77,16.65,29.75,25.33,AC,39,0.01026,0.00618,2661,69.6,75.47,198.7,890,High
EV000218,2026-01-15 15:15:00,392.17,-103.9,-40.74,26.51,44.24,40.82,786,50,118783.5,211.5,104.3,141.1,0.61,1.24,19.65,49.82,55.62,DC,64,0.00554,0.00486,2644,71.1,83.82,128.9,1257,Medium
EV000076,2026-01-15 15:20:00,405.32,-20.76,-8.41,26.72,15.0,0.36,1460,0,58899.6,100.7,91.9,144.3,3.49,0.11,17.01,27.84,27.2,DC,152,0.01158,0.00598,2805,64.2,78.48,106.4,958,High
EV000183,2026-01-15 15:25:00,364.86,-14.09,-5.14,88.43,40.44,34.6,1533,41,46338.5,22.5,15.7,50.5,3.3,0.25,12.7,54.22,44.8,AC,29,0.01086,0.00591,1443,51.5,77.01,357.1,965,High
EV000031,2026-01-15 15:30:00,353.54,-94.56,-33.43,74.77,20.28,5.6,879,424,79608.2,55.8,69.7,92.0,0.9,5.69,22.52,26.12,25.74,AC,51,0.00676,0.00466,1433,68.3,82.79,309.9,1257,Medium
EV000034,2026-01-15 15:35:00,379.66,-214.24,-81.34,94.01,15.0,-3.14,222,133,75336.9,129.9,36.5,79.1,3.65,5.68,20.12,23.97,19.73,AC,127,0.00427,0.00283,2863,86.7,92.85,315.9,1784,Low
EV000228,2026-01-15 15:40:00,346.82,96.87,33.6,52.63,18.21,7.87,1003,275,793.9,147.9,82.8,135.4,1.42,7.09,17.89,27.03,27.83,DC,80,0.00869,0.00466,36,55.0,84.88,202.9,1404,Medium
EV000290,2026-01-15 15:45:00,400.53,76.71,30.73,87.94,41.62,33.02,1429,285,132222.4,249.7,100.7,136.9,1.1,5.38,18.46,48.17,48.21,DC,81,0.009,0.00607,2137,41.1,75.59,377.2,778,High
EV000260,2026-01-15 15:50:00,356.34,-27.21,-9.7,92.13,15.0,-3.27,1382,687,182056.4,180.7,79.1,138.3,2.25,0.26,16.31,26.54,23.89,DC,101,0.00936,0.00572,2857,93.8,73.32,341.2,661,High
EV000014,2026-01-15 15:55:00,340.3,-48.5,-16.5,16.38,15.0,-1.72,106,31,43665.6,32.9,37.5,56.7,3.08,7.26,24.51,31.76,18.96,AC,80,0.00512,0.00272,549,52.4,96.64,73.6,1962,Low
EV000212,2026-01-15 16:00:00,344.4,-71.58,-24.65,24.58,49.3,41.43,689,243,11614.6,219.0,108.2,162.8,4.29,3.59,16.05,58.04,54.83,DC,67,0.00685,0.00434,278,92.2,86.14,91.5,1502,Medium
EV000247,2026-01-15 16:05:00,356.93,-144.47,-51.56,84.46,17.87,8.61,697,247,114417.3,179.9,77.2,105.5,0.22,1.33,14.27,33.77,31.51,AC,173,0.00801,0.00471,3360,73.2,83.7,318.4,1301,Medium
EV000141,2026-01-15 16:10:00,331.36,174.01,57.66,57.91,15.0,-3.47,654,139,38190.1,204.3,38.3,87.8,2.02,6.13,13.68,32.22,20.47,DC,91,0.00765,0.00363,893,78.0,88.69,189.2,1554,Medium
EV000054,2026-01-15 16:15:00,365.54,-134.35,-49.11,35.74,53.44,40.19,1559,463,136251.1,109.9,89.0,133.6,1.43,1.18,13.21,60.61,60.6,AC,135,0.01147,0.00579,2768,57.1,71.35,138.2,668,High
EV000046,2026-01-15 16:20:00,380.1,-41.73,-15.86,89.59,22.91,11.73,370,138,46628.1,222.9,41.2,90.7,1.27,6.37,22.08,31.4,36.19,DC,118,0.00595,0.00419,1737,44.5,91.87,345.5,1707,Low
EV000146,2026-01-15 16:25:00,329.92,-184.19,-60.77,88.49,27.31,16.43,1531,265,205995.6,148.7,97.0,116.9,2.61,4.16,20.28,44.86,32.02,DC,114,0.0116,0.00599,3221,61.8,74.32,272.0,818,High
EV000183,2026-01-15 16:30:00,328.52,126.98,41.72,86.8,32.16,21.24,1219,245,59293.6,23.4,71.8,95.4,1.44,1.45,13.93,41.12,41.18,DC,40,0.01061,0.00503,1574,81.7,79.64,363.7,1070,High
EV000279,2026-01-15 16:35:00,346.3,-65.86,-22.81,22.24,15.0,3.6,578,334,15574.9,94.8,88.4,139.2,4.39,7.54,16.99,33.47,27.44,AC,62,0.00595,0.00375,502,35.2,89.86,71.0,1687,Medium
EV000173,2026-01-15 16:40:00,369.24,-125.96,-46.51,20.69,15.06,-0.06,1119,71,101588.6,131.6,47.2,84.1,4.27,1.36,16.26,22.23,22.17,DC,60,0.0083,0.00572,1537,63.4,84.09,61.2,1292,Medium
EV000166,2026-01-15 16:45:00,397.0,-177.44,-70.45,55.6,56.23,41.62,337,48,17269.0,43.0,89.6,102.1,3.35,1.35,13.1,69.56,69.64,DC,69,0.00535,0.00287,290,48.2,92.75,221.6,1790,Low
EV000146,2026-01-15 16:50:00,407.24,-133.18,-54.24,78.67,15.0,-2.36,1176,508,39581.6,42.0,71.0,130.9,4.1,4.16,23.02,24.21,28.35,AC,102,0.00746,0.00619,1022,34.0,78.5,234.0,1071,High
EV000204,2026-01-15 16:55:00,393.66,-120.47,-47.43,83.34,24.44,16.42,1586,89,31969.7,170.4,103.2,146.1,1.08,1.26,17.86,36.91,32.43,DC,63,0.00914,0.00605,630,58.7,80.0,354.8,1049,High
EV000019,2026-01-15 17:00:00,354.02,31.0,10.98,9.91,41.03,36.5,1109,528,50916.9,3.1,49.5,83.2,0.44,1.94,19.55,50.84,53.84,AC,26,0.00765,0.00556,734,59.4,79.16,40.0,1039,High
EV000180,2026-01-15 17:05:00,401.32,111.57,44.78,87.83,15.0,2.65,1189,167,16124.0,122.1,96.8,150.8,0.39,5.93,17.32,29.66,25.4,AC,113,0.00813,0.00595,672,74.5,83.54,432.3,1238,Medium
EV000126,2026-01-15 17:10:00,397.31,104.0,41.32,35.05,15.0,-0.74,697,45,112156.4,50.8,96.4,152.8,0.23,6.06,13.68,23.86,18.86,AC,24,0.00494,0.00411,3084,24.7,86.74,150.0,1495,Medium
EV000116,2026-01-15 17:15:00,341.66,-152.84,-52.22,73.39,37.95,21.34,1590,800,29660.5,208.5,34.7,90.9,4.21,0.03,16.8,44.04,43.7,DC,142,0.00976,0.00736,753,29.2,71.92,295.5,733,High
EV000157,2026-01-15 17:20:00,391.22,199.09,77.89,81.62,15.0,-0.15,306,160,5725.5,64.4,77.0,90.5,2.22,6.37,14.29,22.82,22.29,DC,108,0.00341,0.00282,150,55.5,94.38,274.1,1867,Low
EV000036,2026-01-15 17:25:00,359.21,-122.9,-44.15,31.37,29.02,12.71,260,112,51262.1,118.5,79.4,136.7,3.7,1.47,21.9,43.11,32.33,AC,113,0.00475,0.00389,2081,68.8,92.99,160.3,1888,Low
EV000248,2026-01-15 17:30:00,378.3,-131.77,-49.85,83.59,18.54,13.6,924,61,155646.9,141.8,37.1,77.6,1.35,7.03,12.81,33.64,29.72,DC,102,0.00715,0.00413,2408,83.8,85.85,395.0,1488,Medium
EV000239,2026-01-15 17:35:00,334.44,-185.05,-61.89,74.9,26.37,20.27,472,181,7085.9,95.3,100.0,138.2,2.79,2.91,14.23,42.21,36.11,DC,15,0.00767,0.00331,95,92.1,93.21,405.1,1808,Low
EV000208,2026-01-15 17:40:00,365.16,139.59,50.97,26.44,25.28,17.98,1164,246,213248.0,113.8,114.5,129.3,1.7,5.71,21.54,41.01,36.52,AC,56,0.00671,0.0056,3040,88.7,79.87,83.8,1112,High
EV000022,2026-01-15 17:45:00,358.83,-202.72,-72.74,12.55,33.86,30.85,665,238,214220.6,222.6,43.3,62.4,0.93,6.24,23.05,39.1,37.73,AC,133,0.00865,0.00464,3102,63.6,84.52,57.3,1392,Medium
EV000273,2026-01-15 17:50:00,370.01,-129.78,-48.02,79.83,32.1,20.18,451,99,188702.7,66.8,96.9,151.5,4.28,4.94,19.97,43.96,43.11,AC,74,0.00486,0.00409,3617,24.2,88.95,362.6,1559,Medium
EV000088,2026-01-15 17:55:00,381.2,0.08,0.03,64.57,20.24,9.19,1496,709,59789.1,119.0,23.1,59.6,0.65,7.21,16.91,32.79,31.58,AC,163,0.01117,0.0068,2958,56.7,70.79,184.8,562,High
EV000124,2026-01-15 18:00:00,402.23,29.99,12.06,93.39,15.0,2.22,1287,209,91483.1,145.0,101.6,128.6,0.69,4.57,15.34,29.32,22.96,AC,20,0.00725,0.00571,2954,48.9,79.2,357.9,1045,High
EV000006,2026-01-15 18:05:00,337.84,-61.83,-20.89,39.52,29.19,19.7,78,17,146880.7,165.4,96.3,120.0,1.05,5.33,14.24,48.18,42.69,DC,140,0.004,0.00286,2542,66.4,94.4,180.6,1850,Low
EV000134,2026-01-15 18:10:00,327.86,122.82,40.27,47.7,54.35,40.93,507,227,96678.8,217.6,78.0,90.2,2.74,0.08,13.58,68.25,67.06,AC,67,0.00487,0.00388,3166,31.5,84.15,149.7,1254,Medium
EV000159,2026-01-15 18:15:00,349.46,184.2,64.37,83.08,40.96,33.59,149,10,25976.6,141.4,39.0,77.0,0.67,3.38,23.06,49.88,49.74,DC,18,0.00513,0.00239,412,44.7,97.74,436.4,2055,Low
EV000275,2026-01-15 18:20:00,333.53,200.81,66.98,43.22,24.44,19.47,1371,582,143489.0,111.5,67.5,97.5,4.2,6.54,15.74,36.85,33.0,AC,156,0.00848,0.00609,1839,54.7,74.02,154.0,706,High
EV000293,2026-01-15 18:25:00,397.17,125.65,49.9,27.27,32.43,23.22,372,164,136151.9,147.1,71.6,115.3,0.41,2.49,23.19,50.27,40.45,DC,96,0.00429,0.00403,2572,93.3,89.55,101.1,1691,Medium
EV000218,2026-01-15 18:30:00,362.58,54.98,19.93,73.39,41.07,29.07,380,44,67607.8,98.1,23.9,58.7,4.24,6.99,24.63,52.83,48.19,AC,97,0.00431,0.00425,2493,65.7,89.51,303.4,1694,Medium
EV000139,2026-01-15 18:35:00,356.5,-19.08,-6.8,30.28,35.5,17.52,1495,141,173657.8,174.9,72.7,115.2,3.25,3.49,13.7,43.82,47.26,DC,146,0.00916,0.0056,2711,44.1,76.75,124.3,971,High
EV000029,2026-01-15 18:40:00,409.54,215.04,88.07,21.6,15.0,-4.69,1251,113,50772.9,83.7,38.4,54.7,0.61,4.78,15.91,31.5,22.91,DC,161,0.00789,0.00561,1012,40.5,83.14,69.0,1268,Medium
EV000004,2026-01-15 18:45:00,361.16,2.15,0.78,36.02,30.95,26.18,1116,71,54143.7,74.5,44.0,81.3,3.53,3.84,24.52,50.89,43.95,DC,123,0.00874,0.00489,2329,83.7,82.55,155.8,1178,Medium
EV000186,2026-01-15 18:50:00,402.57,-120.62,-48.56,18.78,49.18,32.61,508,204,45381.2,229.3,37.2,74.7,3.91,7.94,21.42,61.65,56.72,AC,126,0.00421,0.00471,721,79.1,88.88,62.9,1531,Medium
EV000273,2026-01-15 18:55:00,352.88,-99.98,-35.28,86.97,15.0,-8.85,1454,259,67949.5,210.8,61.4,104.2,0.32,5.22,13.63,20.47,18.09,DC,23,0.0113,0.00653,1112,27.9,78.1,300.6,934,High
EV000256,2026-01-15 19:00:00,368.53,-60.26,-22.21,22.08,15.0,-0.66,1177,535,101569.0,138.9,42.5,69.3,0.72,2.21,15.64,31.72,25.66,AC,52,0.00992,0.00578,1907,25.5,76.75,78.3,937,High
EV000065,2026-01-15 19:05:00,321.75,127.91,41.16,92.22,26.56,9.48,1632,282,37338.9,147.0,37.7,92.0,1.83,3.59,16.5,32.29,37.4,AC,114,0.01024,0.0057,1051,81.6,75.17,370.0,887,High
EV000263,2026-01-15 19:10:00,369.46,166.48,61.51,80.53,35.16,30.78,117,17,80764.8,80.7,63.3,122.6,1.71,1.55,20.38,44.31,46.09,DC,86,0.00631,0.00372,1977,21.6,93.88,283.3,1881,Low
EV000253,2026-01-15 19:15:00,375.54,169.99,63.84,71.99,15.0,-4.23,836,21,53775.1,157.3,96.6,156.1,3.01,6.91,21.24,26.91,19.42,AC,148,0.00684,0.00448,1639,49.0,87.48,321.5,1485,Medium
EV000090,2026-01-15 19:20:00,364.56,137.69,50.2,89.57,47.0,31.71,1410,41,61116.0,54.0,52.6,78.2,3.24,5.04,21.52,58.9,55.79,AC,120,0.01069,0.00575,2525,93.0,77.25,376.0,998,High
EV000017,2026-01-15 19:25:00,349.34,136.91,47.83,91.48,55.02,37.41,56,0,47285.7,33.5,19.8,69.4,2.3,5.93,20.19,70.49,61.65,AC,97,0.00621,0.0024,1358,80.9,95.82,523.7,2027,Low
EV000154,2026-01-15 19:30:00,340.49,-53.98,-18.38,67.29,40.95,27.47,542,185,131907.3,61.0,17.2,70.4,2.01,6.65,19.12,54.16,52.58,DC,105,0.00449,0.00422,3643,80.8,85.38,210.1,1328,Medium
EV000246,2026-01-15 19:35:00,402.77,-77.2,-31.09,42.84,19.24,10.05,959,344,219631.9,195.0,109.7,156.5,0.31,6.08,13.75,31.86,30.65,DC,141,0.00944,0.00498,3574,40.8,79.72,160.4,1163,High
EV000272,2026-01-15 19:40:00,339.22,66.34,22.5,87.64,47.83,34.64,1175,578,51576.2,60.3,61.1,102.8,4.18,3.81,20.27,55.22,57.21,AC,62,0.00739,0.00641,1421,90.9,76.68,314.0,928,High
EV000050,2026-01-15 19:45:00,390.48,-179.77,-70.2,14.93,47.59,40.28,15,10,116036.8,173.2,36.3,73.1,2.65,1.13,22.99,54.69,60.63,DC,92,0.00282,0.00213,1888,52.9,96.45,82.2,2081,Low
EV000155,2026-01-15 19:50:00,329.87,52.86,17.44,31.88,48.48,36.55,776,328,215806.5,72.7,55.7,75.5,4.16,0.22,18.73,67.3,58.69,AC,176,0.00774,0.00511,2773,31.3,81.53,146.9,1160,Medium
EV000122,2026-01-15 19:55:00,335.87,-171.39,-57.56,57.54,15.0,-9.47,780,177,16550.6,54.3,106.0,157.8,0.6,2.56,20.09,25.6,21.86,DC,116,0.00585,0.00499,364,86.6,87.67,202.7,1573,Medium
EV000270,2026-01-15 20:00:00,343.86,59.29,20.39,40.15,41.59,26.71,420,149,162319.6,157.6,81.0,98.1,2.13,2.11,15.59,47.18,46.81,DC,81,0.00533,0.00374,2813,24.5,87.73,145.7,1499,Medium
EV000002,2026-01-15 20:05:00,389.53,-214.57,-83.58,78.4,31.74,15.12,1420,784,23004.5,188.3,41.9,92.1,2.99,4.09,17.12,49.88,36.31,AC,129,0.01023,0.00653,338,45.9,75.07,206.1,856,High
EV000056,2026-01-15 20:10:00,331.89,103.14,34.23,8.37,37.92,34.3,1383,280,51926.4,91.5,52.4,107.5,4.39,2.83,23.02,57.23,45.72,AC,179,0.01117,0.00572,2070,23.3,78.05,40.0,997,High
EV000066,2026-01-15 20:15:00,327.75,69.81,22.88,86.35,35.79,18.18,381,7,115181.7,140.1,96.4,122.6,3.51,4.48,16.9,42.76,39.71,DC,24,0.00603,0.00349,2160,71.2,91.26,280.4,1795,Low
EV000082,2026-01-15 20:20:00,370.7,-95.3,-35.33,26.13,24.29,7.49,931,225,75224.5,161.8,56.0,77.0,2.87,3.37,20.09,37.04,29.74,DC,143,0.00744,0.00561,1805,34.9,83.48,102.3,1253,Medium
EV000280,2026-01-15 20:25:00,321.41,131.04,42.12,92.01,51.87,41.44,460,189,79132.9,191.0,64.5,99.5,2.3,5.78,14.44,59.36,61.46,AC,157,0.00585,0.00339,2620,57.7,85.9,444.5,1356,Medium
EV000104,2026-01-15 20:30:00,367.92,-210.76,-77.54,13.93,15.0,-3.45,161,14,71010.9,217.0,73.7,100.6,1.36,2.98,15.92,29.21,21.64,DC,142,0.00372,0.00268,3536,53.2,92.28,66.3,1761,Low
EV000279,2026-01-15 20:35:00,372.46,27.64,10.29,33.78,15.0,-8.8,519,62,137608.5,41.2,87.3,124.2,4.21,6.95,12.12,27.41,21.33,DC,77,0.0047,0.0039,1743,87.8,89.5,151.5,1663,Medium
EV000172,2026-01-15 20:40:00,344.03,201.01,69.15,44.43,18.12,13.78,611,320,64626.1,78.9,100.7,137.5,3.34,7.47,14.29,29.62,23.17,DC,74,0.00607,0.00498,1320,41.4,87.46,173.6,1523,Medium
EV000002,2026-01-15 20:45:00,402.36,-83.13,-33.45,19.44,15.0,-4.9,235,43,116744.5,194.7,100.0,126.9,0.77,5.87,14.3,27.57,22.46,DC,133,0.00303,0.00322,3318,31.6,91.85,101.6,1806,Low
EV000292,2026-01-15 20:50:00,400.18,209.14,83.7,35.96,35.54,27.82,1591,756,140035.7,249.8,67.2,81.2,4.14,4.21,21.51,52.3,46.37,AC,53,0.00961,0.0062,2501,88.7,69.66,116.9,559,High
EV000247,2026-01-15 20:55:00,374.58,157.88,59.14,28.5,15.0,5.16,373,111,8884.8,109.1,108.6,123.2,0.34,3.26,15.14,28.9,24.28,AC,113,0.00469,0.00384,365,44.9,94.15,157.4,1895,Low
EV000279,2026-01-15 21:00:00,325.32,193.66,63.0,8.48,45.53,37.36,251,45,4328.5,200.8,104.6,135.8,3.05,2.84,12.14,58.01,49.09,DC,104,0.00461,0.00376,164,58.0,96.11,40.0,2039,Low
EV000081,2026-01-15 21:05:00,369.76,-201.45,-74.49,47.48,40.6,33.2,536,296,197692.8,189.5,47.6,61.5,3.97,0.98,24.42,56.53,45.6,DC,85,0.00553,0.00468,2501,87.1,86.92,237.6,1480,Medium
EV000250,2026-01-15 21:10:00,343.26,61.55,21.13,95.21,15.0,-6.51,661,390,24713.6,234.6,100.2,147.3,0.7,3.77,17.13,20.2,29.05,DC,62,0.0074,0.0051,814,89.7,85.78,290.9,1462,Medium
EV000191,2026-01-15 21:15:00,335.35,-53.73,-18.02,33.02,24.35,18.31,152,88,247212.6,75.2,36.0,78.7,0.64,3.32,23.44,43.48,34.43,DC,146,0.00318,0.00274,3485,57.7,90.99,114.7,1640,Low
EV000209,2026-01-15 21:20:00,381.98,-46.59,-17.8,70.18,15.0,6.72,427,153,172588.0,141.5,69.6,89.8,1.49,3.77,21.77,30.34,24.59,AC,93,0.0065,0.00441,2341,62.8,89.85,333.5,1611,Medium
EV000240,2026-01-15 21:25:00,334.24,-13.0,-4.35,66.77,28.72,11.7,1469,97,42489.9,25.0,89.0,137.4,2.18,0.99,18.53,43.27,40.33,AC,86,0.00846,0.00591,1290,69.9,79.27,230.9,1126,High
EV000111,2026-01-15 21:30:00,389.34,-196.2,-76.39,23.41,24.84,17.34,1662,54,57923.8,86.7,115.5,151.9,4.19,7.01,15.3,30.81,28.05,DC,47,0.01133,0.00659,2346,89.6,75.72,101.1,823,High
EV000233,2026-01-15 21:35:00,353.73,-62.17,-21.99,68.88,51.81,41.4,396,15,79928.6,121.4,61.9,80.5,3.07,0.75,20.6,59.05,54.92,AC,18,0.005,0.00336,3016,63.4,89.1,265.0,1590,Medium
EV000010,2026-01-15 21:40:00,353.43,-144.68,-51.13,40.47,26.51,13.89,53,20,110948.6,138.5,114.9,147.4,1.81,7.72,17.52,39.15,37.26,DC,170,0.00306,0.00335,2185,24.4,95.47,212.4,2011,Low
EV000175,2026-01-15 21:45:00,361.15,-205.87,-74.35,6.67,15.0,3.75,226,67,61559.0,92.4,56.7,88.0,1.25,0.48,14.27,20.64,20.91,AC,175,0.00305,0.004,1106,93.6,94.01,40.0,1932,Low
EV000243,2026-01-15 21:50:00,335.24,-131.81,-44.19,55.36,15.0,-3.2,1308,393,62368.4,196.5,44.9,64.9,2.45,1.8,14.01,31.08,24.09,DC,32,0.00903,0.00611,1722,76.8,77.83,152.6,979,High
EV000039,2026-01-15 21:55:00,396.45,61.5,24.38,61.07,18.01,11.41,1306,678,50425.7,180.1,39.6,75.9,3.9,5.04,21.62,26.28,28.7,DC,75,0.01121,0.00666,1953,78.5,74.99,184.8,896,High
EV000142,2026-01-15 22:00:00,398.62,-188.62,-75.19,68.29,20.88,9.48,307,116,15811.5,53.2,103.7,114.2,3.31,7.38,24.91,39.24,35.04,AC,141,0.0058,0.0035,302,23.2,95.43,372.3,1874,Low
EV000022,2026-01-15 22:05:00,323.02,-11.01,-3.56,73.87,41.59,36.35,1697,661,111746.4,185.4,62.5,89.1,3.54,0.5,15.85,48.24,46.85,DC,164,0.00952,0.00715,2923,80.6,68.07,259.0,461,High
EV000088,2026-01-15 22:10:00,404.7,-71.26,-28.84,10.67,34.38,24.93,551,66,64511.5,232.6,32.2,70.7,4.01,5.67,12.97,42.69,48.08,AC,94,0.00613,0.00361,1430,33.9,91.07,44.4,1725,Low
EV000284,2026-01-15 22:15:00,347.73,-160.45,-55.79,37.51,15.0,-8.26,701,170,134509.0,246.6,59.3,106.1,0.6,5.81,21.26,22.73,26.53,AC,159,0.00839,0.00494,3303,45.5,84.2,176.3,1365,Medium
EV000245,2026-01-15 22:20:00,408.68,119.47,48.82,29.01,32.35,23.6,1729,914,124591.0,138.7,42.4,64.9,2.4,0.91,16.44,39.41,45.23,AC,69,0.01024,0.00797,3547,80.3,63.85,72.8,233,High
EV000048,2026-01-15 22:25:00,330.04,43.89,14.49,61.45,24.91,21.56,1157,572,4338.3,80.4,79.7,110.9,2.78,6.22,13.7,31.38,38.0,DC,32,0.00884,0.00634,97,76.1,81.11,263.3,1220,Medium
EV000186,2026-01-15 22:30:00,347.86,-105.0,-36.53,11.3,35.95,21.24,560,98,253581.4,26.6,52.1,75.4,0.2,3.41,22.28,55.59,46.51,AC,152,0.00433,0.00339,3422,35.0,85.71,40.0,1399,Medium
EV000189,2026-01-15 22:35:00,355.59,-140.56,-49.98,54.75,25.53,22.2,78,21,76215.0,187.5,19.3,31.4,2.94,1.98,23.26,37.1,33.76,DC,30,0.00382,0.00367,3560,77.4,93.1,195.0,1846,Low
EV000181,2026-01-15 22:40:00,379.38,199.6,75.73,81.85,16.85,2.09,1488,437,35295.2,145.9,36.0,73.0,4.45,7.41,14.41,36.52,22.13,AC,170,0.00903,0.00687,775,51.8,77.77,307.2,925,High
EV000201,2026-01-15 22:45:00,390.32,3.17,1.24,16.96,15.0,-9.36,1541,496,97110.7,140.2,76.9,112.9,3.36,7.14,14.89,20.56,22.96,DC,34,0.00948,0.00661,2438,44.0,72.31,72.6,684,High
EV000047,2026-01-15 22:50:00,343.31,-201.21,-69.08,26.76,55.04,39.12,634,219,29543.8,100.5,21.5,73.6,2.64,7.37,19.82,64.89,58.68,AC,175,0.00808,0.00411,945,56.6,86.78,87.4,1472,Medium
EV000031,2026-01-15 22:55:00,371.51,126.66,47.06,13.14,37.88,30.06,354,143,68713.5,240.2,112.2,122.7,2.75,1.49,20.62,43.09,48.69,DC,33,0.00581,0.00321,903,29.9,93.39,53.8,1890,Low
EV000219,2026-01-15 23:00:00,323.79,110.03,35.62,46.22,15.0,-4.3,1339,13,150160.8,167.9,80.6,92.6,3.36,3.2,20.85,25.71,28.73,AC,79,0.0094,0.00528,1997,33.9,82.0,225.1,1230,Medium
EV000198,2026-01-15 23:05:00,348.85,82.9,28.92,41.45,15.2,-2.44,1215,328,29640.0,176.5,78.0,92.7,3.21,6.0,23.88,33.79,27.6,DC,119,0.00984,0.00558,1103,63.2,80.47,173.2,1091,Medium
EV000018,2026-01-15 23:10:00,327.62,64.4,21.1,33.83,48.93,35.76,1651,606,94949.5,76.9,89.7,110.7,2.15,3.01,13.72,57.62,61.52,AC,48,0.01002,0.00675,2329,73.6,68.01,111.0,388,High
EV000243,2026-01-15 23:15:00,367.2,-10.67,-3.92,88.0,44.42,26.67,450,210,115164.1,66.3,76.5,114.0,2.16,1.63,14.31,55.77,50.38,DC,57,0.00534,0.00446,3279,32.0,86.72,429.1,1544,Medium
EV000298,2026-01-15 23:20:00,377.59,127.27,48.06,15.82,15.0,-0.88,1066,574,51986.5,41.3,93.1,114.7,4.36,1.95,13.97,33.74,20.57,AC,48,0.00664,0.00548,963,45.1,79.79,66.7,1165,High
EV000183,2026-01-15 23:25:00,327.69,-82.54,-27.05,14.82,46.28,35.09,1714,811,174796.7,130.7,75.8,112.9,3.03,0.8,15.52,55.38,54.22,AC,80,0.01026,0.00785,2661,22.9,66.74,43.2,353,High
EV000245,2026-01-15 23:30:00,337.66,-6.09,-2.06,26.13,15.0,-7.56,220,62,37726.9,169.3,108.2,164.1,0.8,5.51,16.33,33.23,25.91,AC,114,0.00313,0.00367,1779,68.6,93.32,124.1,1897,Low
EV000030,2026-01-15 23:35:00,397.56,-156.84,-62.35,80.43,52.97,37.87,1451,15,16117.9,141.5,51.8,66.3,3.76,3.15,12.16,68.72,66.15,DC,158,0.00785,0.00556,722,89.8,78.47,359.0,1041,High
EV000132,2026-01-15 23:40:00,339.45,107.02,36.33,99.19,20.82,3.98,1757,298,37464.1,66.3,107.4,143.0,2.37,3.31,18.04,40.6,29.27,DC,154,0.00924,0.00605,511,35.6,74.56,328.0,727,High
EV000206,2026-01-15 23:45:00,325.23,166.3,54.09,73.67,53.28,37.35,1547,293,3764.5,82.7,82.4,120.3,0.81,4.94,17.22,67.1,64.6,AC,36,0.01002,0.00686,136,59.4,77.56,301.7,933,High
EV000039,2026-01-15 23:50:00,329.53,-142.87,-47.08,70.6,22.45,6.58,835,50,124385.4,29.4,75.6,131.0,0.29,0.27,13.45,34.54,31.87,DC,96,0.00759,0.00514,2049,83.3,85.53,317.6,1428,Medium
EV000067,2026-01-15 23:55:00,379.03,-31.55,-11.96,27.09,25.15,8.79,785,404,135227.7,227.0,46.3,65.3,4.14,5.56,15.96,35.14,36.75,AC,62,0.00824,0.00549,1965,49.4,83.19,120.3,1316,Medium
EV000227,2026-01-16 00:00:00,408.3,101.0,41.24,48.98,46.65,30.82,1512,858,139932.2,124.7,71.9,112.8,0.37,4.7,22.66,58.26,54.97,AC,83,0.00808,0.00631,2285,28.7,68.23,164.3,492,High
EV000030,2026-01-16 00:05:00,378.59,-136.24,-51.58,72.76,15.0,-6.74,180,99,202718.5,135.9,38.2,82.1,1.1,1.52,19.5,30.51,20.31,DC,95,0.00509,0.00334,2543,68.3,92.18,357.0,1794,Low
EV000180,2026-01-16 00:10:00,340.92,-50.9,-17.35,34.91,56.02,40.48,519,122,117955.0,216.3,22.5,74.5,2.79,6.81,23.07,64.59,61.19,DC,82,0.00555,0.00382,2506,48.0,86.56,133.9,1426,Medium
EV000270,2026-01-16 00:15:00,400.53,77.77,31.15,23.9,15.0,1.75,1310,252,82276.4,136.4,95.5,152.3,1.24,3.18,21.88,27.3,21.48,DC,69,0.01074,0.00575,2823,36.9,76.54,101.7,830,High
EV000057,2026-01-16 00:20:00,364.66,213.39,77.81,75.53,24.49,10.43,1608,312,165861.1,11.6,64.0,112.6,3.17,6.11,18.13,33.82,36.17,DC,80,0.00985,0.00602,3383,40.0,72.27,284.3,607,High
EV000139,2026-01-16 00:25:00,354.86,99.03,35.14,87.05,40.39,29.06,1194,303,82552.9,187.4,71.3,126.3,1.07,7.1,24.03,49.16,54.89,DC,153,0.00929,0.00512,1668,91.5,78.15,271.0,1051,High
EV000240,2026-01-16 00:30:00,403.37,179.57,72.43,81.32,47.92,40.67,1147,556,56396.3,62.8,41.6,55.6,4.01,4.02,16.76,63.35,56.07,AC,132,0.0066,0.0062,1482,73.5,75.82,267.6,926,High
EV000090,2026-01-16 00:35:00,344.27,-82.56,-28.42,18.1,33.7,23.16,1767,226,96918.6,97.2,62.2,119.2,2.68,6.83,23.69,47.15,45.04,AC,92,0.012,0.00725,1470,67.8,73.0,54.9,663,High
EV000060,2026-01-16 00:40:00,365.13,35.59,13.0,22.08,48.74,37.71,1135,413,25349.8,156.2,19.7,60.9,1.8,3.3,16.29,57.14,60.41,AC,142,0.00745,0.00521,388,34.8,80.19,83.7,1090,Medium
EV000186,2026-01-16 00:45:00,370.7,-103.04,-38.2,39.39,31.68,23.04,1171,161,982.4,210.7,44.9,82.7,0.33,0.22,21.22,36.97,39.77,AC,137,0.00677,0.00591,46,94.3,83.68,120.1,1335,Medium
EV000103,2026-01-16 00:50:00,345.67,9.13,3.16,37.21,32.28,26.92,1518,703,57733.3,185.1,28.4,70.9,3.18,7.07,19.64,52.21,36.81,AC,86,0.01055,0.00698,2499,68.3,70.02,112.7,622,High
EV000127,2026-01-16 00:55:00,395.3,38.54,15.24,21.01,15.0,1.95,1075,558,67037.3,244.6,110.7,162.9,3.79,6.97,23.07,25.59,28.96,AC,119,0.00739,0.00575,1169,41.5,79.63,85.8,1116,High
EV000264,2026-01-16 01:00:00,336.87,44.39,14.95,23.4,30.13,14.36,1292,198,66843.9,1.7,116.3,129.0,3.81,4.9,17.13,46.55,34.89,DC,79,0.00807,0.00619,1563,27.9,79.44,75.1,1105,High
EV000120,2026-01-16 01:05:00,320.03,24.15,7.73,61.78,37.63,28.52,838,272,107721.7,157.5,74.2,85.7,0.61,3.29,16.81,56.91,47.03,DC,23,0.00711,0.00487,1991,94.0,82.49,238.3,1203,Medium
EV000083,2026-01-16 01:10:00,361.98,-17.31,-6.27,9.36,38.65,25.75,93,26,62836.8,27.0,35.4,86.0,2.26,0.6,24.06,50.06,52.81,DC,106,0.00268,0.00289,1019,38.8,95.91,45.9,1928,Low
EV000279,2026-01-16 01:15:00,395.83,-123.4,-48.84,38.53,15.0,-3.42,839,336,252316.7,3.4,93.0,145.5,3.9,6.36,18.87,25.85,27.41,AC,118,0.00592,0.00502,3587,60.8,82.23,136.8,1204,Medium
EV000163,2026-01-16 01:20:00,383.43,-46.04,-17.65,13.51,41.26,30.92,242,80,66574.6,145.9,26.4,49.2,2.44,3.16,24.22,47.68,46.92,AC,23,0.00424,0.00322,1084,28.8,93.27,69.8,1875,Low
EV000077,2026-01-16 01:25:00,385.49,89.81,34.62,22.24,22.35,13.26,1200,377,93359.0,46.8,75.6,88.4,1.38,0.71,22.62,37.23,35.28,AC,15,0.00894,0.00631,1182,67.3,79.28,88.5,1091,High
EV000194,2026-01-16 01:30:00,371.62,79.73,29.63,22.11,15.0,-6.9,1041,1,248714.3,150.5,61.0,105.2,2.3,7.58,15.52,21.59,24.66,AC,92,0.01007,0.00439,3617,76.4,82.62,85.4,1172,Medium
EV000111,2026-01-16 01:35:00,339.16,-114.22,-38.74,66.68,49.29,39.26,1377,704,59464.4,119.8,42.0,96.4,3.53,3.62,16.69,67.2,64.23,DC,82,0.00888,0.00585,1101,81.3,73.1,203.1,655,High
EV000267,2026-01-16 01:40:00,404.42,159.14,64.36,77.41,15.0,-8.99,26,15,171949.0,161.8,110.1,127.5,3.58,2.12,24.44,27.48,20.9,DC,22,0.00353,0.00228,2990,62.0,95.96,415.7,2022,Low
EV000195,2026-01-16 01:45:00,389.8,-183.26,-71.43,22.49,51.75,40.55,922,65,18109.7,136.1,117.6,129.3,1.13,5.45,22.46,60.88,59.91,DC,103,0.00616,0.00439,348,40.2,85.14,79.0,1408,Medium
EV000079,2026-01-16 01:50:00,335.95,-37.58,-12.63,42.07,15.0,-9.26,1320,44,27086.5,88.9,86.0,133.1,2.34,3.32,17.35,22.63,26.15,DC,117,0.01011,0.00475,731,67.8,81.73,148.6,1169,Medium
EV000017,2026-01-16 01:55:00,346.53,-205.34,-71.16,63.52,45.22,32.09,354,135,259384.6,137.9,118.3,134.5,2.06,3.29,22.66,53.03,50.15,DC,23,0.00614,0.00337,3253,76.7,87.3,276.5,1534,Medium
EV000191,2026-01-16 02:00:00,367.13,-165.32,-60.69,23.06,24.81,14.52,1171,130,110468.6,186.7,113.3,165.3,0.21,2.1,23.2,43.13,37.89,DC,38,0.0096,0.00566,2572,48.5,80.06,81.1,1108,Medium
EV000012,2026-01-16 02:05:00,389.74,-159.48,-62.15,8.78,42.6,35.54,64,4,177226.5,9.3,33.8,70.9,3.87,4.98,23.56,47.74,56.88,AC,171,0.00456,0.00301,2763,70.5,93.58,45.7,1865,Low
EV000046,2026-01-16 02:10:00,386.59,-122.06,-47.19,64.85,26.9,15.81,595,299,82404.3,9.2,89.4,143.6,2.97,5.29,16.11,43.82,35.49,DC,57,0.00734,0.00457,1796,57.3,87.6,208.4,1466,Medium
EV000025,2026-01-16 02:15:00,398.83,135.8,54.16,6.27,41.5,30.72,855,394,96842.2,157.5,79.0,116.0,2.75,6.68,15.95,58.11,51.65,DC,52,0.00875,0.00469,1366,27.5,82.95,40.0,1196,Medium
EV000184,2026-01-16 02:20:00,338.68,-158.2,-53.58,87.51,57.08,40.69,123,67,111198.5,68.5,34.2,50.7,2.11,5.85,18.07,76.33,70.02,DC,35,0.00495,0.00303,1590,58.1,92.55,434.7,1860,Low
EV000260,2026-01-16 02:25:00,339.79,-72.12,-24.51,37.37,15.0,-8.59,967,509,44073.7,44.3,49.3,89.3,4.26,5.3,16.88,34.57,22.25,DC,94,0.00758,0.00539,2156,85.7,79.79,142.7,1128,High
EV000109,2026-01-16 02:30:00,391.07,127.62,49.91,79.7,54.09,37.19,727,49,180323.1,73.4,51.2,67.0,4.09,1.32,24.56,66.51,61.56,AC,62,0.00526,0.00453,2782,92.0,85.23,359.9,1402,Medium
EV000036,2026-01-16 02:35:00,350.97,159.76,56.07,96.44,15.0,-8.73,1439,682,27395.0,89.1,60.1,70.9,4.02,1.78,23.48,33.81,20.68,DC,93,0.00842,0.00682,1129,45.3,75.33,373.5,873,High
EV000040,2026-01-16 02:40:00,401.37,162.77,65.33,63.88,24.11,12.33,553,174,182234.9,107.8,35.4,45.7,2.22,5.8,15.68,42.18,38.6,DC,59,0.00522,0.00388,2860,88.3,87.13,210.0,1461,Medium
EV000199,2026-01-16 02:45:00,407.87,-144.92,-59.11,78.68,48.95,38.55,980,422,171129.2,12.1,62.0,114.2,2.82,5.81,14.96,60.55,53.46,DC,71,0.00848,0.0046,2326,72.7,79.33,325.8,1042,High
EV000096,2026-01-16 02:50:00,377.81,54.38,20.54,92.35,25.43,11.74,744,354,19010.2,226.1,47.4,76.3,1.24,5.03,19.31,32.34,38.77,DC,38,0.00837,0.00429,291,67.8,86.54,354.5,1397,Medium
EV000269,2026-01-16 02:55:00,321.27,-205.5,-66.02,85.43,55.27,38.47,1749,592,66282.0,33.8,31.4,89.7,4.49,2.32,17.35,72.66,64.89,DC,102,0.01091,0.00718,902,57.8,69.35,252.4,480,High
EV000201,2026-01-16 03:00:00,374.54,-16.34,-6.12,93.32,15.0,-3.75,1773,108,117455.1,178.6,84.6,128.2,0.76,2.09,24.58,22.81,24.98,DC,132,0.01121,0.00595,2180,84.4,73.87,292.4,751,High
EV000141,2026-01-16 03:05:00,383.98,89.58,34.39,22.18,23.45,18.92,922,431,115334.1,61.3,53.2,79.7,3.21,1.36,18.01,32.57,30.39,AC,66,0.00667,0.0049,2282,43.6,80.96,67.3,1200,Medium
EV000208,2026-01-16 03:10:00,381.49,44.35,16.92,44.56,29.57,19.51,654,73,116020.6,235.6,117.9,142.0,1.46,1.34,22.59,37.41,39.55,DC,97,0.00674,0.00366,2352,87.6,87.68,176.9,1526,Medium
EV000033,2026-01-16 03:15:00,360.86,-7.34,-2.65,74.02,19.76,14.51,1800,537,137761.4,74.1,48.8,92.8,1.76,1.79,23.03,30.34,24.08,DC,66,0.01279,0.00665,2828,53.1,68.27,235.6,408,High
EV000064,2026-01-16 03:20:00,352.33,-205.29,-72.33,68.41,17.55,10.09,919,128,6236.8,127.5,107.9,139.3,3.73,1.35,19.66,31.27,25.91,DC,102,0.00752,0.00439,109,89.3,88.1,314.9,1514,Medium
EV000183,2026-01-16 03:25:00,369.12,187.3,69.14,77.31,24.84,20.46,1355,455,32696.7,161.9,68.4,94.9,1.13,4.09,22.32,34.75,37.23,AC,140,0.01006,0.00601,427,28.3,77.49,341.7,1029,High
EV000252,2026-01-16 03:30:00,345.18,-141.33,-48.79,97.84,49.87,35.62,131,6,49023.6,133.4,89.5,136.0,2.02,0.02,13.23,67.21,53.17,AC,60,0.00594,0.00284,2265,29.7,92.36,419.3,1774,Low
EV000175,2026-01-16 03:35:00,393.87,-97.22,-38.29,19.27,15.0,-8.18,1498,322,29576.5,16.3,45.6,81.1,3.55,3.69,14.97,22.81,22.72,AC,134,0.01048,0.00612,1414,46.9,76.45,84.7,962,High
EV000177,2026-01-16 03:40:00,327.19,-129.03,-42.22,97.66,35.3,26.77,918,395,42736.6,49.6,92.1,132.1,2.92,2.77,15.74,41.52,48.48,AC,57,0.00845,0.00472,1946,71.5,81.73,380.0,1198,Medium
EV000296,2026-01-16 03:45:00,376.88,120.53,45.42,29.98,22.34,9.35,293,37,26426.8,174.7,25.8,56.9,0.29,3.32,12.24,39.27,26.18,DC,164,0.00397,0.00384,446,58.5,96.32,141.9,1978,Low
EV000124,2026-01-16 03:50:00,355.34,-140.8,-50.03,42.2,20.46,10.15,1768,125,113619.1,171.8,77.0,103.3,0.93,1.95,18.56,37.41,31.93,DC,15,0.01286,0.00645,1692,25.6,74.87,116.2,789,High
EV000199,2026-01-16 03:55:00,368.21,133.22,49.06,27.26,15.0,1.42,1508,156,18117.2,192.7,15.5,61.9,2.08,3.58,20.49,23.81,19.38,AC,38,0.01053,0.00593,572,91.8,79.43,109.1,1104,High
EV000205,2026-01-16 04:00:00,345.36,44.93,15.52,35.96,37.99,32.23,326,49,27440.7,109.8,104.9,123.1,1.61,3.3,24.8,51.8,44.98,AC,63,0.00472,0.00355,938,46.5,92.76,137.7,1747,Low
EV000160,2026-01-16 04:05:00,370.72,59.21,21.95,59.22,15.0,-3.95,1322,314,153187.2,197.4,38.7,78.3,3.42,5.37,15.31,31.8,20.56,DC,132,0.0074,0.00577,3279,89.5,76.37,205.0,836,High
EV000227,2026-01-16 04:10:00,337.5,-144.8,-48.87,71.79,36.34,28.25,888,434,97029.8,71.9,70.3,95.7,4.02,4.0,23.96,51.17,42.68,DC,170,0.00645,0.00503,1500,85.3,82.83,309.5,1222,Medium
EV000081,2026-01-16 04:15:00,368.36,-155.51,-57.28,79.4,28.28,12.56,1103,597,193558.3,49.5,31.6,63.4,0.97,5.63,13.28,45.7,37.79,AC,102,0.00644,0.00612,2694,60.8,76.95,348.5,924,High
EV000291,2026-01-16 04:20:00,360.12,199.62,71.89,14.25,30.09,23.18,1620,965,154915.7,228.2,115.0,136.4,3.27,4.91,18.67,36.59,42.2,AC,110,0.00927,0.00713,2498,73.5,66.97,40.0,323,High
EV000262,2026-01-16 04:25:00,369.4,-86.77,-32.05,98.59,20.09,8.16,212,6,189799.4,169.1,85.3,105.8,3.68,5.38,13.27,30.89,27.39,DC,170,0.00342,0.00351,2918,44.7,92.15,380.3,1780,Low
EV000065,2026-01-16 04:30:00,341.82,100.41,34.32,61.51,42.29,38.2,650,312,40623.8,53.4,55.2,67.6,2.47,4.88,13.87,58.67,55.97,DC,112,0.0078,0.00507,518,34.2,87.36,275.2,1532,Medium
EV000141,2026-01-16 04:35:00,322.45,160.61,51.79,87.19,16.89,5.59,259,144,60973.2,56.6,26.5,65.8,2.95,0.7,16.14,32.19,28.34,AC,95,0.00357,0.00347,916,86.5,93.72,366.5,1927,Low
EV000029,2026-01-16 04:40:00,407.36,-65.51,-26.68,61.75,35.99,29.41,911,198,139302.2,225.4,36.3,69.8,0.32,0.89,19.92,45.89,45.97,AC,57,0.00607,0.00488,3165,59.4,81.14,220.3,1094,Medium
EV000033,2026-01-16 04:45:00,370.05,-98.66,-36.51,35.48,32.34,18.73,1735,28,229710.9,60.1,91.6,111.8,4.02,0.84,17.02,48.83,36.09,DC,110,0.00977,0.00569,3094,21.7,74.49,115.0,768,High
EV000161,2026-01-16 04:50:00,396.61,200.2,79.4,74.99,15.0,-2.78,1020,195,172319.3,26.5,62.2,107.5,2.54,3.6,16.0,26.48,29.1,AC,44,0.00827,0.00573,3283,57.0,80.52,291.1,1099,Medium
EV000029,2026-01-16 04:55:00,344.61,-20.19,-6.96,36.1,25.73,15.58,427,226,68783.4,246.2,107.9,158.0,1.03,1.3,13.79,44.14,35.16,AC,137,0.00641,0.00445,960,47.4,91.94,160.9,1737,Low
EV000141,2026-01-16 05:00:00,386.82,-35.33,-13.67,80.0,38.83,33.76,976,121,90968.0,221.2,92.9,140.7,0.79,2.52,21.63,45.47,49.74,DC,15,0.00765,0.00436,2117,24.9,83.59,279.5,1298,Medium
EV000256,2026-01-16 05:05:00,408.61,-149.35,-61.03,63.17,39.16,21.68,1654,972,106220.2,203.4,20.2,53.9,0.27,1.85,21.9,57.88,50.74,DC,124,0.0089,0.00736,2210,81.5,66.36,241.3,373,High
EV000218,2026-01-16 05:10:00,336.28,133.23,44.8,11.72,15.0,-2.98,959,109,56527.2,204.3,40.5,60.6,3.42,4.2,13.18,21.0,22.43,AC,159,0.00824,0.00495,847,48.0,85.77,40.0,1437,Medium
EV000258,2026-01-16 05:15:00,389.66,-77.18,-30.08,42.3,36.86,21.18,440,102,10707.0,64.4,56.8,102.6,3.84,6.93,22.31,44.61,49.71,DC,111,0.00763,0.00322,180,41.5,92.94,196.8,1824,Low
EV000215,2026-01-16 05:20:00,398.29,44.29,17.64,98.07,30.09,26.85,292,27,79496.0,246.2,76.2,97.4,3.08,7.26,12.28,36.38,33.61,DC,130,0.00337,0.00388,1196,22.2,93.47,536.3,1895,Low
EV000289,2026-01-16 05:25:00,345.12,-66.86,-23.08,93.75,33.54,25.37,1491,202,75477.8,173.4,32.3,54.9,2.55,0.33,13.71,38.54,39.98,DC,167,0.01065,0.00576,2411,70.0,76.08,257.0,876,High
EV000198,2026-01-16 05:30:00,362.61,50.61,18.35,95.73,43.87,34.69,467,272,37799.8,16.9,92.3,139.3,0.5,7.11,18.54,50.34,52.45,DC,88,0.00765,0.00414,941,45.3,90.06,506.8,1694,Low
EV000107,2026-01-16 05:35:00,349.32,-136.87,-47.81,45.02,19.18,16.15,294,86,10714.9,116.0,68.1,90.1,4.28,2.69,14.31,32.0,22.88,DC,90,0.00718,0.00369,330,22.8,95.05,254.4,1910,Low
EV000209,2026-01-16 05:40:00,402.17,76.42,30.73,69.85,30.92,26.5,167,86,2575.7,152.8,38.9,56.6,0.6,6.22,17.27,36.77,42.3,DC,166,0.00484,0.00367,57,62.4,96.54,390.7,2058,Low
EV000174,2026-01-16 05:45:00,373.53,-207.32,-77.44,20.55,25.29,8.48,759,61,71412.9,80.8,70.0,100.3,1.32,0.27,12.77,35.29,31.32,AC,163,0.00864,0.00362,2378,44.2,87.14,101.6,1413,Medium
EV000235,2026-01-16 05:50:00,385.29,-52.24,-20.13,89.05,38.15,29.89,1663,891,25418.9,83.6,49.4,95.7,3.51,2.2,12.85,54.89,47.65,AC,19,0.01119,0.00785,639,91.0,68.99,248.4,546,High
EV000021,2026-01-16 05:55:00,357.68,-74.48,-26.64,78.74,51.38,40.94,1444,154,89270.0,113.7,28.8,69.4,3.6,0.61,18.72,59.33,65.24,AC,41,0.00945,0.00639,1439,72.2,78.13,225.0,929,High
EV000075,2026-01-16 06:00:00,341.96,58.57,20.03,18.6,25.02,19.84,261,147,160443.1,145.0,57.3,73.1,4.46,1.12,17.91,30.47,37.98,AC,79,0.00662,0.00403,2160,50.6,91.96,80.1,1748,Low
EV000235,2026-01-16 06:05:00,374.26,214.8,80.39,75.38,15.0,-8.44,1457,368,191762.1,119.3,21.9,40.6,0.59,2.16,22.58,21.18,27.89,AC,153,0.0092,0.00559,3309,25.4,72.88,210.4,755,High
EV000059,2026-01-16 06:10:00,348.47,28.28,9.86,56.1,15.0,8.66,41,24,46338.4,44.4,93.9,113.5,3.5,7.58,20.98,22.89,19.27,AC,102,0.00232,0.00285,1866,63.5,95.66,312.5,1894,Low
EV000205,2026-01-16 06:15:00,395.21,-51.02,-20.16,20.13,15.0,-6.25,474,47,159426.9,144.7,51.6,95.9,2.9,6.83,15.89,30.72,25.19,DC,135,0.00566,0.00402,2171,30.4,89.93,95.6,1625,Medium
EV000295,2026-01-16 06:20:00,374.96,-7.81,-2.93,48.86,33.75,18.86,1477,636,39436.5,102.2,28.4,73.9,3.94,7.06,13.17,38.76,38.26,DC,117,0.00976,0.00714,1877,45.0,72.44,192.5,611,High
EV000078,2026-01-16 06:25:00,383.79,88.15,33.83,59.74,23.61,18.91,834,450,35652.1,132.9,40.2,64.3,3.37,3.26,19.83,30.07,27.01,AC,76,0.00761,0.00529,517,94.8,84.28,182.5,1363,Medium
EV000151,2026-01-16 06:30:00,342.12,100.05,34.23,13.61,42.5,29.76,1057,63,121331.7,70.7,33.8,78.4,2.44,7.37,18.49,57.49,54.94,AC,67,0.00941,0.00538,3106,62.9,80.35,52.4,1078,Medium
EV000149,2026-01-16 06:35:00,330.38,-197.64,-65.29,61.49,15.0,2.19,1406,566,198364.1,226.1,76.6,125.7,0.8,0.63,23.93,30.5,27.31,DC,45,0.01035,0.00683,2842,24.5,74.33,227.8,859,High
EV000154,2026-01-16 06:40:00,380.32,12.44,4.73,79.0,55.06,37.12,256,106,13334.8,45.7,103.9,147.0,2.78,0.61,22.6,67.62,60.66,DC,47,0.00431,0.00269,207,21.8,93.25,323.8,1801,Low
EV000166,2026-01-16 06:45:00,360.37,-95.56,-34.44,62.25,15.0,-1.99,1409,625,4439.3,35.7,50.5,77.2,4.37,2.11,21.25,27.15,21.96,AC,179,0.00997,0.00589,215,58.9,75.65,240.1,792,High
EV000228,2026-01-16 06:50:00,358.65,80.49,28.87,79.14,29.31,21.73,245,13,76762.5,174.7,45.8,94.8,1.88,3.17,13.4,35.69,41.76,DC,15,0.00544,0.0034,1327,25.8,95.33,443.0,1896,Low
EV000113,2026-01-16 06:55:00,393.51,-28.31,-11.14,96.81,51.3,40.82,1357,167,60198.4,52.0,88.9,117.1,2.52,0.8,16.35,59.87,64.14,AC,60,0.0105,0.00631,988,28.8,78.22,419.2,937,High
EV000162,2026-01-16 07:00:00,385.97,23.99,9.26,75.27,15.0,1.06,43,26,191192.2,232.1,22.5,62.7,1.26,1.09,17.13,34.8,18.99,DC,176,0.00388,0.00359,2623,41.0,95.43,268.3,2004,Low
EV000005,2026-01-16 07:05:00,360.43,117.79,42.45,36.26,17.49,7.43,291,100,163079.9,243.1,64.5,97.9,0.29,1.42,22.23,25.51,29.03,DC,75,0.00413,0.00368,2065,94.2,91.42,143.4,1765,Low
EV000101,2026-01-16 07:10:00,374.29,64.96,24.31,33.86,43.34,32.36,1286,614,59856.2,69.9,53.2,67.8,1.49,0.75,20.14,58.72,51.82,DC,29,0.00848,0.00585,2642,63.6,74.4,106.3,842,High
EV000120,2026-01-16 07:15:00,355.96,-180.58,-64.28,9.16,44.0,39.24,405,51,24768.0,162.1,21.4,69.4,2.97,5.27,12.02,59.35,57.93,AC,66,0.0063,0.00376,316,52.1,93.68,40.0,1909,Low
EV000244,2026-01-16 07:20:00,332.63,143.11,47.6,25.58,54.77,41.6,1587,914,55802.8,154.1,69.5,88.5,4.13,4.41,17.77,64.44,62.19,DC,99,0.00893,0.00696,2514,88.7,64.9,59.9,195,High
EV000193,2026-01-16 07:25:00,392.07,-24.67,-9.67,20.89,40.83,25.47,300,32,69111.2,3.9,99.6,158.1,2.27,3.1,18.79,52.9,45.56,DC,161,0.00528,0.00302,1117,68.8,94.18,114.7,1920,Low
EV000056,2026-01-16 07:30:00,365.28,119.16,43.53,35.65,51.08,38.92,244,88,15163.3,214.3,91.8,108.4,4.16,5.56,18.35,66.9,57.26,DC,81,0.00522,0.00346,634,94.5,94.68,145.5,1900,Low
EV000063,2026-01-16 07:35:00,373.44,-54.23,-20.25,88.78,29.16,25.2,346,99,144434.5,129.7,17.3,62.5,1.77,6.54,14.43,37.05,38.8,DC,95,0.00616,0.00389,2675,77.8,90.49,302.9,1600,Low
EV000087,2026-01-16 07:40:00,382.8,138.96,53.19,8.01,20.4,2.8,366,109,218861.6,165.0,38.1,72.0,0.81,1.66,15.92,29.78,26.2,AC,72,0.00433,0.0033,3114,84.3,89.66,40.0,1625,Medium
EV000078,2026-01-16 07:45:00,407.64,-23.13,-9.43,12.08,24.65,17.57,437,243,64335.0,131.4,30.8,85.0,2.66,1.98,17.22,31.84,28.45,DC,155,0.00522,0.00408,1660,72.6,90.35,60.3,1603,Low
EV000072,2026-01-16 07:50:00,337.52,-41.06,-13.86,97.07,15.0,2.72,773,57,80251.1,170.8,20.6,74.3,2.61,3.55,21.44,20.03,22.22,AC,54,0.00743,0.00388,2470,30.5,86.06,414.3,1477,Medium
EV000139,2026-01-16 07:55:00,386.47,-195.45,-75.54,87.01,17.72,3.23,570,268,9513.9,164.7,71.6,86.9,2.25,7.76,12.71,26.69,21.35,AC,81,0.00562,0.00389,174,20.9,91.01,362.9,1631,Low
EV000248,2026-01-16 08:00:00,384.58,52.87,20.33,73.9,53.76,35.77,304,74,13006.4,131.0,27.1,85.0,4.46,7.25,20.02,71.77,68.07,DC,169,0.00577,0.00281,261,30.5,92.7,275.7,1830,Low
EV000283,2026-01-16 08:05:00,356.41,195.7,69.75,98.68,15.0,-1.0,141,43,48771.9,166.5,19.9,70.2,1.12,2.59,12.29,26.28,19.48,DC,151,0.00606,0.00335,1082,87.0,96.03,503.9,1904,Low
EV000142,2026-01-16 08:10:00,355.17,-107.43,-38.15,81.62,15.0,-2.81,1109,626,146284.9,99.2,29.1,42.8,4.21,2.41,15.97,24.56,18.94,AC,60,0.00989,0.00637,2155,66.2,77.7,346.0,953,High
EV000295,2026-01-16 08:15:00,346.24,-117.99,-40.85,29.41,15.0,-0.56,647,57,61918.0,150.6,27.8,58.4,3.32,7.95,24.38,28.66,27.83,AC,104,0.00827,0.00368,892,81.3,89.3,137.6,1624,Medium
EV000280,2026-01-16 08:20:00,352.95,26.14,9.23,54.02,46.23,40.03,631,196,125462.5,249.6,29.5,58.5,0.61,2.84,14.55,58.28,58.39,DC,92,0.0077,0.00497,1729,59.3,87.36,177.7,1565,Medium
EV000189,2026-01-16 08:25:00,366.96,-103.26,-37.89,92.81,15.0,3.39,1083,189,136792.6,204.8,62.0,74.7,2.32,1.88,24.9,31.64,21.12,DC,121,0.00854,0.00585,2102,40.7,83.09,275.9,1264,Medium
EV000246,2026-01-16 08:30:00,369.9,-43.72,-16.17,99.25,36.7,31.87,1774,746,103226.6,113.3,22.3,76.9,0.51,5.08,19.35,43.0,45.89,DC,102,0.01096,0.00744,2513,74.4,67.52,364.2,365,High
EV000260,2026-01-16 08:35:00,346.04,217.84,75.38,32.94,31.49,24.91,192,89,53721.9,22.0,78.9,101.3,2.98,3.45,24.04,42.98,43.01,AC,131,0.00522,0.00297,990,59.9,96.34,132.3,2031,Low
EV000229,2026-01-16 08:40:00,361.73,-112.1,-40.55,13.86,15.0,-9.65,1037,12,75878.2,111.7,68.8,122.9,3.6,6.61,23.58,32.14,27.44,DC,95,0.0095,0.00552,3127,79.5,83.06,51.7,1219,Medium
EV000047,2026-01-16 08:45:00,360.31,59.68,21.5,42.8,37.92,34.43,1033,259,97674.5,27.4,69.8,98.7,2.36,6.38,20.6,48.43,52.26,DC,72,0.00896,0.00581,3154,43.2,79.07,168.1,1030,High
EV000168,2026-01-16 08:50:00,346.33,15.33,5.31,28.6,20.72,16.46,1764,390,13939.4,221.1,61.4,96.3,4.09,4.48,17.38,32.49,26.13,AC,103,0.01058,0.00718,398,46.8,74.72,106.3,780,High
EV000193,2026-01-16 08:55:00,380.58,-162.4,-61.81,55.53,33.39,24.44,1793,1049,162465.0,128.0,102.0,117.7,4.44,0.9,21.16,44.63,48.34,AC,42,0.01316,0.00821,2674,94.8,63.76,182.7,235,High
EV000278,2026-01-16 09:00:00,344.38,81.63,28.11,74.19,15.0,9.32,707,424,9774.8,127.4,20.1,59.7,0.25,5.56,15.6,30.69,24.1,AC,72,0.00513,0.00428,138,83.7,85.99,364.8,1490,Medium
EV000101,2026-01-16 09:05:00,380.97,54.28,20.68,15.32,16.4,9.9,1754,598,157016.2,213.5,61.2,103.7,1.84,7.66,12.78,30.46,30.59,AC,98,0.01002,0.00695,2905,88.9,69.1,51.7,449,High
EV000199,2026-01-16 09:10:00,327.63,102.76,33.67,42.39,17.41,4.85,1505,234,2088.0,38.2,117.8,140.4,4.11,0.12,21.5,29.03,27.05,AC,45,0.00869,0.00667,35,62.7,79.08,147.7,1002,High
EV000198,2026-01-16 09:15:00,339.49,147.76,50.16,70.9,15.0,-8.18,1365,163,98756.4,182.6,78.7,126.6,4.24,0.76,12.35,27.74,24.76,DC,105,0.00969,0.00526,2211,77.8,79.19,310.7,1049,High
EV000074,2026-01-16 09:20:00,363.65,68.8,25.02,87.32,15.0,3.45,571,252,120988.4,59.6,93.0,128.6,2.55,6.78,17.03,30.97,18.03,DC,102,0.00654,0.00382,1976,43.1,87.82,290.4,1584,Medium
EV000244,2026-01-16 09:25:00,384.88,-136.03,-52.36,86.18,26.66,9.26,865,329,167472.0,16.2,76.1,135.9,4.03,1.88,18.84,34.5,32.34,DC,79,0.00578,0.00419,2704,35.2,81.44,345.2,1130,Medium
EV000002,2026-01-16 09:30:00,392.02,-94.12,-36.9,93.45,38.08,22.96,933,272,73047.3,37.0,106.1,127.9,0.82,3.39,22.51,50.03,48.0,AC,69,0.0084,0.00468,3048,52.6,81.43,371.5,1108,Medium
EV000262,2026-01-16 09:35:00,337.87,121.41,41.02,27.83,45.65,28.16,909,402,50215.7,82.3,116.5,176.1,0.52,7.82,21.46,60.54,56.1,AC,173,0.00916,0.00457,1993,22.2,79.68,132.7,1034,High
EV000070,2026-01-16 09:40:00,392.06,-41.27,-16.18,41.65,15.0,-6.73,374,160,8491.3,130.5,105.0,126.5,3.44,1.52,13.76,20.72,29.69,DC,96,0.00706,0.00405,229,45.8,92.47,205.9,1707,Low
EV000070,2026-01-16 09:45:00,343.21,-166.12,-57.01,48.35,55.74,41.55,856,198,131899.5,184.7,118.4,157.6,2.34,5.35,17.8,70.05,63.15,DC,163,0.0066,0.00515,2445,42.6,82.34,157.3,1234,Medium
EV000173,2026-01-16 09:50:00,394.23,112.76,44.45,33.14,49.58,38.92,636,251,136270.8,24.4,27.1,82.5,1.61,7.22,14.87,61.72,56.55,AC,142,0.00572,0.00372,1758,31.4,86.84,156.5,1413,Medium
EV000033,2026-01-16 09:55:00,404.74,-60.71,-24.57,90.0,16.13,11.89,899,394,37277.1,115.2,28.3,87.8,4.0,6.37,16.87,21.32,23.45,DC,91,0.00789,0.005,585,30.2,84.91,417.0,1434,Medium
EV000130,2026-01-16 10:00:00,400.98,51.27,20.56,67.83,31.51,28.05,1482,281,90861.1,99.1,101.4,145.1,0.62,0.54,13.36,49.39,37.72,AC,20,0.01057,0.00548,1406,50.1,78.16,314.4,985,High
EV000278,2026-01-16 10:05:00,351.3,-193.35,-67.92,71.93,33.13,17.77,978,363,81009.4,223.0,93.6,145.9,0.52,5.25,22.12,39.38,42.81,DC,78,0.00714,0.00489,1827,31.0,82.13,323.4,1156,Medium
EV000013,2026-01-16 10:10:00,345.43,191.52,66.16,46.94,36.51,23.61,998,248,145811.3,175.3,98.2,138.5,1.56,7.22,12.9,46.27,46.12,DC,69,0.00684,0.00519,2688,73.6,79.97,176.1,1153,High
EV000128,2026-01-16 10:15:00,334.15,216.72,72.42,38.12,48.47,33.46,1117,49,5694.3,156.1,65.7,101.2,2.79,2.83,14.87,65.79,54.22,DC,32,0.0078,0.00523,165,56.4,83.4,157.1,1262,Medium
EV000282,2026-01-16 10:20:00,369.64,-7.73,-2.86,42.67,36.21,28.42,1348,644,49052.8,35.4,38.0,63.3,1.42,4.09,24.27,48.84,45.23,DC,139,0.01114,0.00586,1990,24.7,72.87,119.2,705,High
EV000072,2026-01-16 10:25:00,342.21,124.4,42.57,47.21,37.51,30.17,1597,198,127640.0,184.2,97.1,146.8,1.37,4.15,18.77,45.17,48.94,DC,108,0.0121,0.00611,1607,73.3,74.74,208.0,808,High
EV000124,2026-01-16 10:30:00,366.73,4.84,1.77,66.91,20.15,11.1,1019,416,57408.6,138.3,55.1,87.8,1.63,2.13,13.99,32.17,27.73,AC,171,0.0072,0.00573,869,70.8,82.67,245.9,1208,Medium
EV000013,2026-01-16 10:35:00,380.47,-16.5,-6.28,57.23,15.0,5.12,658,335,78739.5,132.2,32.7,85.7,4.23,2.16,24.46,33.54,22.21,AC,66,0.0073,0.00452,1277,44.8,85.9,241.8,1453,Medium
EV000118,2026-01-16 10:40:00,324.56,182.8,59.33,94.3,15.0,0.52,450,167,5769.8,173.0,21.2,66.5,3.7,2.62,24.35,34.34,18.59,DC,55,0.00538,0.00435,182,51.8,92.68,323.7,1787,Low
EV000066,2026-01-16 10:45:00,342.23,-136.98,-46.88,74.78,26.86,14.7,412,86,56837.7,99.8,51.4,73.8,2.78,1.84,19.52,34.53,31.42,AC,29,0.0051,0.00393,2579,76.0,90.99,269.4,1694,Low
EV000031,2026-01-16 10:50:00,406.07,-159.42,-64.74,18.65,45.36,30.49,820,473,7329.0,86.3,119.7,142.5,4.39,7.13,19.76,57.68,51.32,DC,157,0.00743,0.0047,114,49.3,83.12,84.9,1267,Medium
EV000229,2026-01-16 10:55:00,361.65,-100.95,-36.51,33.14,18.69,15.27,1305,591,17671.0,221.2,58.6,78.3,2.94,7.06,12.78,25.03,29.45,DC,46,0.00773,0.00637,687,60.0,77.01,110.3,945,High
EV000076,2026-01-16 11:00:00,373.43,94.4,35.25,91.93,15.0,3.73,705,108,119218.0,10.3,54.1,67.9,2.05,4.77,24.34,24.84,25.15,AC,27,0.00674,0.00364,1644,40.1,88.8,289.6,1554,Medium
EV000284,2026-01-16 11:05:00,398.32,-20.66,-8.23,48.77,46.75,38.0,409,57,92920.2,198.8,89.7,143.1,0.58,4.24,24.9,61.44,60.06,AC,67,0.0038,0.00396,1963,60.0,91.1,264.0,1634,Low
EV000270,2026-01-16 11:10:00,349.5,-163.83,-57.26,34.2,38.82,33.19,228,28,8693.2,242.3,37.2,57.6,0.48,0.22,21.12,52.01,48.74,AC,132,0.00565,0.00356,150,71.1,96.22,192.5,2008,Low
EV000297,2026-01-16 11:15:00,370.28,71.21,26.37,46.67,15.0,-2.17,1708,969,147165.4,205.8,72.0,90.6,1.91,0.84,24.02,20.67,21.74,AC,80,0.01248,0.00766,1886,49.3,66.4,171.8,323,High
EV000268,2026-01-16 11:20:00,362.16,-218.21,-79.03,69.13,36.07,29.21,515,16,62947.2,90.5,80.8,135.0,2.56,3.76,15.61,41.26,40.08,AC,121,0.00438,0.00369,1223,39.2,91.87,282.4,1809,Low
EV000287,2026-01-16 11:25:00,352.99,82.35,29.07,14.06,15.0,-1.24,1785,345,241923.7,90.7,84.1,136.3,0.44,0.44,17.51,27.49,29.15,AC,100,0.01099,0.00619,3104,57.8,69.87,52.9,518,High
EV000051,2026-01-16 11:30:00,367.72,-6.71,-2.47,88.72,15.0,-6.42,1662,838,89915.3,99.6,98.2,152.8,3.59,2.1,21.51,25.91,23.18,AC,81,0.01208,0.00645,1981,47.9,69.16,225.3,493,High
EV000018,2026-01-16 11:35:00,385.31,88.13,33.96,39.01,15.0,-7.42,420,100,151756.5,3.5,54.3,96.7,1.0,7.02,12.18,23.12,24.19,AC,158,0.00411,0.0044,3479,70.7,89.19,208.2,1651,Medium
EV000121,2026-01-16 11:40:00,330.6,-78.19,-25.85,89.59,30.94,23.79,468,139,82036.5,187.4,90.1,123.9,1.43,6.28,23.87,39.48,38.56,DC,147,0.00599,0.00432,2077,56.5,90.59,367.7,1718,Low
EV000118,2026-01-16 11:45:00,329.88,27.41,9.04,38.65,15.0,-8.42,1447,610,66887.8,176.4,94.1,140.0,2.64,6.44,13.66,23.23,27.47,DC,29,0.008,0.00601,1490,48.3,75.38,161.8,857,High
EV000240,2026-01-16 11:50:00,392.06,-98.83,-38.75,7.33,15.0,-6.19,516,284,33658.2,113.7,69.8,124.0,4.4,6.81,17.54,24.26,19.02,AC,30,0.00793,0.00466,437,27.3,91.01,40.0,1764,Low
EV000102,2026-01-16 11:55:00,360.12,72.02,25.93,54.74,15.0,-8.57,588,34,172285.7,204.4,76.9,134.7,3.63,4.31,17.4,32.71,23.0,AC,119,0.00769,0.00395,3617,73.3,87.49,286.9,1446,Medium
EV000024,2026-01-16 12:00:00,357.54,4.21,1.5,14.52,23.16,7.04,1308,359,128694.8,127.8,18.0,75.1,3.97,0.5,12.77,28.93,31.91,DC,149,0.00804,0.00591,2911,34.4,75.51,65.3,870,High
EV000087,2026-01-16 12:05:00,351.96,35.45,12.48,97.13,24.91,11.34,1031,557,170987.8,123.6,82.8,103.5,4.21,5.91,17.52,38.68,35.11,AC,108,0.00878,0.00572,3557,46.5,76.23,280.5,826,High
EV000298,2026-01-16 12:10:00,370.97,-169.02,-62.7,20.72,37.31,29.1,1050,241,103349.0,173.8,81.0,131.1,2.19,3.18,16.66,57.26,50.51,AC,158,0.0066,0.00492,1702,32.6,82.08,73.3,1267,Medium
EV000037,2026-01-16 12:15:00,348.32,-123.29,-42.94,82.82,33.71,29.01,566,110,114089.7,69.3,36.1,82.9,2.77,2.55,20.12,40.53,45.94,DC,104,0.00481,0.00382,1771,51.4,89.93,390.8,1688,Medium
EV000072,2026-01-16 12:20:00,372.87,-46.14,-17.2,71.82,16.69,4.86,1521,567,80492.5,176.4,116.9,129.3,2.29,3.28,15.21,28.29,23.94,DC,74,0.01001,0.00629,1134,25.7,74.02,260.5,810,High
EV000131,2026-01-16 12:25:00,345.56,144.3,49.86,71.18,45.94,38.48,871,13,86829.2,34.9,48.4,86.8,2.25,0.14,20.02,51.9,55.64,DC,123,0.00837,0.00428,1910,60.1,85.8,222.2,1357,Medium
EV000276,2026-01-16 12:30:00,406.05,166.62,67.66,58.06,35.39,20.29,699,308,69945.8,71.1,70.5,129.0,1.0,3.83,17.93,51.16,43.84,DC,134,0.00631,0.00467,914,52.8,86.93,217.0,1471,Medium
EV000018,2026-01-16 12:35:00,398.4,-165.23,-65.83,11.37,15.0,-8.7,1340,459,63224.6,110.3,66.1,87.5,3.97,1.93,18.89,34.64,27.06,AC,50,0.00857,0.00671,1989,27.2,75.25,45.3,783,High
EV000044,2026-01-16 12:40:00,387.66,-154.92,-60.06,47.97,33.63,15.94,578,88,198536.5,73.8,88.5,108.6,3.07,1.23,22.06,52.66,42.7,AC,88,0.00769,0.00476,2947,49.2,88.38,242.7,1507,Medium
EV000253,2026-01-16 12:45:00,406.52,-26.87,-10.92,35.42,15.0,0.31,369,40,150680.8,94.4,111.1,151.6,1.53,2.88,14.52,34.11,21.5,DC,164,0.00555,0.0028,3576,49.6,89.79,118.1,1559,Medium
EV000039,2026-01-16 12:50:00,396.93,-186.4,-73.99,11.58,53.71,37.88,990,220,27608.6,155.8,105.9,119.7,4.15,7.6,16.8,60.23,63.93,DC,173,0.00957,0.00541,905,87.4,82.17,56.5,1176,Medium
EV000204,2026-01-16 12:55:00,337.91,148.53,50.19,85.22,19.42,4.16,984,249,59083.4,196.5,38.8,94.1,3.57,6.94,24.93,24.83,31.65,AC,76,0.00948,0.00575,2574,61.9,81.11,369.3,1137,Medium
EV000088,2026-01-16 13:00:00,356.3,-156.75,-55.85,93.89,38.49,24.08,855,15,37511.8,230.5,77.4,97.8,0.45,2.28,13.43,49.99,44.01,DC,36,0.00655,0.00511,1181,43.0,86.13,289.6,1466,Medium
EV000023,2026-01-16 13:05:00,355.82,-157.9,-56.18,69.74,49.11,35.43,1586,76,142549.5,10.3,34.0,68.7,2.77,1.11,20.46,63.42,59.83,DC,49,0.00864,0.00609,2448,57.5,75.38,267.3,771,High
EV000069,2026-01-16 13:10:00,329.34,-141.65,-46.65,79.38,50.15,36.63,865,518,172597.2,8.2,18.4,38.3,4.24,1.56,23.92,69.53,54.22,DC,132,0.00941,0.00449,2512,48.2,79.95,295.5,1113,High
EV000174,2026-01-16 13:15:00,344.27,-11.53,-3.97,11.14,44.2,34.64,1404,645,87029.7,40.5,84.8,128.0,3.3,0.19,14.05,56.16,53.88,AC,110,0.00817,0.00702,2772,87.3,70.38,40.0,631,High
EV000025,2026-01-16 13:20:00,327.75,198.72,65.13,73.65,33.62,16.8,1192,683,48333.3,159.7,32.9,79.1,1.62,1.2,14.0,51.23,40.52,DC,96,0.00796,0.00566,719,86.3,76.81,234.7,1003,High
EV000115,2026-01-16 13:25:00,373.88,-71.6,-26.77,67.57,26.52,22.4,100,60,45166.2,223.0,113.9,136.7,3.91,5.52,15.96,37.02,37.4,DC,153,0.00354,0.00244,1143,34.6,96.59,231.7,1940,Low
EV000188,2026-01-16 13:30:00,390.05,161.42,62.96,16.29,20.2,11.93,1002,276,30498.3,161.2,118.2,162.1,1.25,6.53,14.53,31.04,26.63,DC,119,0.00683,0.00533,458,64.6,84.83,64.8,1330,Medium
EV000114,2026-01-16 13:35:00,384.89,146.38,56.34,92.23,40.06,29.21,1714,473,17125.6,113.5,26.4,44.4,3.85,3.11,20.41,53.56,46.07,DC,119,0.01054,0.00735,442,70.4,74.35,358.9,709,High
EV000123,2026-01-16 13:40:00,405.83,-101.94,-41.37,16.7,15.93,10.1,686,265,199003.4,8.8,46.3,68.6,2.04,1.28,16.89,26.6,26.67,AC,155,0.00688,0.00472,3396,45.9,84.28,51.6,1402,Medium
EV000053,2026-01-16 13:45:00,324.11,-85.47,-27.7,69.42,15.0,-4.36,1603,915,175213.7,27.1,22.8,36.5,1.16,4.56,17.64,28.62,20.14,DC,89,0.00957,0.00644,2736,54.9,68.01,194.7,441,High
EV000204,2026-01-16 13:50:00,390.01,42.0,16.38,82.28,34.91,25.67,1358,247,103603.9,35.1,112.0,155.1,2.21,4.04,13.48,45.08,47.71,DC,17,0.00869,0.00625,1871,60.4,77.9,369.7,941,High
EV000261,2026-01-16 13:55:00,362.82,-179.8,-65.24,29.99,15.0,8.71,471,98,177479.2,8.7,105.3,134.2,3.92,4.67,13.85,31.19,25.13,DC,166,0.00448,0.0037,3452,56.3,88.36,149.0,1521,Medium
EV000283,2026-01-16 14:00:00,369.94,161.3,59.67,62.53,46.39,40.06,1055,359,60907.7,89.0,116.5,141.4,0.86,1.16,16.21,57.84,58.74,DC,40,0.00755,0.00502,834,64.5,80.1,294.7,1049,Medium
EV000244,2026-01-16 14:05:00,377.07,190.14,71.69,21.79,15.0,-8.97,447,217,42440.0,209.4,28.6,44.9,1.51,0.9,23.03,22.3,26.82,DC,146,0.00504,0.00317,898,28.3,91.33,76.5,1692,Low
EV000098,2026-01-16 14:10:00,388.3,118.08,45.85,95.97,39.28,34.29,89,7,103617.6,203.6,56.4,79.3,0.24,0.92,22.4,59.04,42.42,AC,99,0.00466,0.00243,2109,69.7,94.22,536.6,1895,Low
EV000062,2026-01-16 14:15:00,326.29,44.7,14.59,56.72,15.0,-9.55,1338,358,31902.3,248.9,57.2,96.2,3.02,5.47,15.0,21.39,27.09,AC,173,0.00949,0.00549,795,92.7,79.05,213.1,1121,High
EV000207,2026-01-16 14:20:00,396.94,-151.81,-60.26,77.73,23.28,7.68,116,1,63760.3,160.9,34.0,56.9,3.56,6.23,19.62,36.42,34.88,AC,122,0.0063,0.00256,1018,55.2,97.65,290.0,2074,Low
EV000191,2026-01-16 14:25:00,389.23,191.67,74.6,29.13,48.17,38.3,311,82,25185.8,8.1,86.2,119.7,0.56,0.62,15.15,55.91,60.87,AC,89,0.00329,0.00356,901,71.7,92.98,107.4,1747,Low
EV000277,2026-01-16 14:30:00,407.59,92.31,37.63,82.02,35.37,19.4,78,33,8564.0,10.2,70.6,106.0,2.12,1.09,24.62,46.51,45.78,AC,44,0.00559,0.00292,208,62.5,97.86,403.9,2125,Low
EV000226,2026-01-16 14:35:00,405.99,-103.21,-41.9,61.56,15.0,0.78,560,22,97021.0,139.2,44.4,87.5,3.05,5.13,19.01,28.78,25.17,AC,131,0.00737,0.00385,1772,91.8,89.59,257.0,1601,Medium
EV000158,2026-01-16 14:40:00,399.12,-201.12,-80.27,39.18,15.0,-3.18,548,240,44972.2,28.1,49.6,100.7,0.78,7.44,14.29,27.69,24.33,AC,46,0.00511,0.0035,1150,55.9,89.21,140.4,1680,Medium
EV000290,2026-01-16 14:45:00,382.92,-96.07,-36.78,63.14,42.6,27.31,1689,310,7721.3,238.8,29.0,39.4,2.3,5.08,12.15,57.19,50.81,AC,87,0.0126,0.00618,345,84.4,74.66,239.2,837,High
EV000134,2026-01-16 14:50:00,333.85,-112.41,-37.53,15.17,30.81,18.92,538,250,146520.5,238.1,49.2,69.7,0.82,6.13,21.78,49.21,38.96,AC,90,0.00655,0.00476,3533,94.2,86.73,68.0,1459,Medium
EV000287,2026-01-16 14:55:00,357.23,-101.35,-36.2,49.82,48.61,37.95,317,78,104615.5,118.5,18.0,60.1,3.84,2.0,15.01,62.59,51.94,DC,19,0.00467,0.00412,3195,22.9,88.3,192.9,1547,Medium
EV000266,2026-01-16 15:00:00,369.35,210.66,77.81,52.21,19.33,6.92,1117,32,142960.3,232.4,26.7,79.4,2.42,6.79,23.62,33.95,25.09,DC,67,0.00663,0.00493,2411,20.8,82.81,221.9,1278,Medium
EV000132,2026-01-16 15:05:00,366.99,-192.64,-70.7,93.47,15.0,-0.93,1762,941,52901.7,213.4,88.7,135.8,2.91,0.74,23.01,29.7,20.96,AC,23,0.00919,0.00715,2373,21.9,66.33,230.6,348,High
EV000224,2026-01-16 15:10:00,356.57,-59.19,-21.11,56.16,41.88,35.71,951,318,92988.0,60.0,85.4,141.8,4.12,3.0,14.17,52.88,56.05,AC,111,0.00804,0.00511,3311,81.2,80.02,193.4,1030,Medium
EV000066,2026-01-16 15:15:00,397.07,144.07,57.21,70.22,15.0,-7.16,812,421,187978.7,184.5,91.6,130.8,4.48,6.86,21.41,27.11,21.61,DC,172,0.00752,0.00486,2510,58.4,81.75,220.3,1184,Medium
EV000053,2026-01-16 15:20:00,386.21,191.46,73.94,93.46,15.0,-7.14,858,5,89287.7,172.5,62.3,92.3,2.99,3.27,13.1,27.65,29.95,DC,110,0.00829,0.00469,2085,53.8,86.56,408.8,1390,Medium
EV000148,2026-01-16 15:25:00,339.38,-205.0,-69.57,74.03,35.74,20.74,534,299,72706.4,212.9,93.4,118.2,3.03,4.92,23.51,41.71,43.49,DC,25,0.00535,0.00366,1020,94.7,88.94,325.0,1537,Medium
EV000050,2026-01-16 15:30:00,337.36,156.88,52.93,6.23,36.28,25.74,1320,246,244292.7,166.7,21.3,55.0,0.78,4.61,14.04,45.62,39.41,AC,126,0.00786,0.00531,3339,93.9,75.57,40.0,868,High
EV000111,2026-01-16 15:35:00,338.21,-206.43,-69.82,37.68,19.24,6.8,1154,650,89256.5,138.8,23.2,43.5,3.67,3.2,14.09,29.84,27.02,DC,110,0.0098,0.00629,2490,85.3,74.98,131.7,853,High
EV000264,2026-01-16 15:40:00,383.16,73.33,28.1,34.58,35.56,31.39,645,51,27108.8,187.9,91.6,113.8,2.78,7.25,12.59,42.47,44.18,DC,88,0.00847,0.00341,589,28.8,90.3,132.3,1689,Low
EV000020,2026-01-16 15:45:00,336.88,55.07,18.55,31.2,27.14,11.48,1543,230,62282.9,13.1,15.8,66.6,1.06,7.93,18.52,36.29,40.17,DC,61,0.00967,0.00661,1476,41.2,77.29,86.1,890,High
EV000288,2026-01-16 15:50:00,329.03,-73.92,-24.32,26.17,15.0,-9.6,957,474,5294.7,196.3,90.7,136.4,2.85,3.43,18.91,23.74,20.08,AC,74,0.00949,0.00504,69,90.7,83.19,78.1,1351,Medium
EV000271,2026-01-16 15:55:00,355.58,191.77,68.19,28.51,19.55,6.44,554,268,28966.6,212.0,42.5,69.0,3.6,4.93,13.29,39.23,25.63,AC,46,0.00461,0.00369,514,61.5,90.76,107.9,1675,Low
EV000286,2026-01-16 16:00:00,400.72,-134.11,-53.74,94.93,48.06,37.9,1713,624,172477.2,228.7,33.2,71.4,3.57,4.75,22.1,62.56,54.42,AC,98,0.00935,0.00722,2618,44.9,68.22,374.6,472,High
EV000071,2026-01-16 16:05:00,341.58,9.59,3.28,42.54,33.62,17.83,198,25,248256.1,6.1,38.9,94.3,3.5,7.98,20.83,45.19,37.05,DC,91,0.00573,0.00321,3504,35.2,92.65,183.5,1763,Low
EV000118,2026-01-16 16:10:00,401.65,-26.92,-10.81,15.06,28.47,11.63,1375,359,147743.9,174.7,117.7,154.2,0.85,2.73,15.19,43.14,37.1,DC,137,0.01097,0.00581,2265,50.6,77.7,61.3,982,High
EV000215,2026-01-16 16:15:00,371.83,52.95,19.69,19.76,25.77,17.98,356,123,123348.1,109.0,34.7,74.6,1.22,3.16,22.54,31.17,35.61,DC,156,0.00494,0.00423,2328,42.8,91.69,100.0,1753,Low
EV000285,2026-01-16 16:20:00,388.69,102.3,39.76,68.48,15.0,-2.4,1746,922,31675.4,244.4,90.7,119.0,3.69,2.73,16.29,29.39,25.91,AC,102,0.00913,0.00768,658,85.5,68.55,165.2,550,High
EV000118,2026-01-16 16:25:00,366.22,135.1,49.48,91.37,31.46,23.09,398,133,59722.7,49.2,27.9,41.6,1.56,4.86,22.49,37.79,45.75,AC,31,0.00545,0.00306,1090,87.4,92.63,467.6,1818,Low
EV000141,2026-01-16 16:30:00,380.65,148.89,56.68,84.68,25.63,12.12,572,60,52325.1,188.4,27.2,57.0,3.68,7.03,21.13,31.03,32.28,DC,86,0.0078,0.00428,1417,54.5,91.48,305.9,1793,Low
EV000126,2026-01-16 16:35:00,369.1,199.43,73.61,29.26,29.05,19.15,715,54,105442.1,101.7,105.3,156.2,2.16,1.04,21.56,45.23,42.81,DC,106,0.00511,0.0036,2267,28.8,86.72,128.5,1493,Medium
EV000037,2026-01-16 16:40:00,371.38,-139.37,-51.76,25.69,15.0,8.64,1358,307,65099.1,79.9,65.3,85.5,3.21,4.37,14.7,33.11,19.36,AC,72,0.01133,0.00632,2354,92.7,78.08,100.1,1058,High
EV000013,2026-01-16 16:45:00,353.77,139.4,49.32,63.47,37.82,24.14,1748,990,99243.4,62.5,61.0,90.9,0.97,5.58,23.19,54.38,45.58,AC,18,0.0121,0.00704,2388,49.2,65.53,179.6,286,High
EV000083,2026-01-16 16:50:00,387.06,208.94,80.87,56.94,15.0,-1.99,596,19,171044.5,118.8,101.4,140.0,4.14,3.42,24.72,29.2,20.04,DC,142,0.00741,0.00466,2790,26.4,88.36,252.8,1546,Medium
EV000126,2026-01-16 16:55:00,375.95,-124.44,-46.78,64.58,26.41,14.11,786,307,17520.1,57.3,90.7,147.3,1.1,6.51,15.64,40.27,34.31,AC,83,0.00553,0.0045,399,91.6,86.4,316.7,1401,Medium
EV000183,2026-01-16 17:00:00,324.38,-13.85,-4.49,32.02,42.41,37.8,1375,396,74726.0,83.0,76.9,128.6,0.76,7.81,23.96,58.86,48.62,AC,84,0.01044,0.00541,1422,64.2,75.48,139.8,897,High
EV000082,2026-01-16 17:05:00,389.62,206.35,80.4,73.63,15.0,-7.07,632,316,101984.1,245.0,65.8,100.9,1.8,6.96,15.95,29.4,20.84,AC,67,0.00485,0.00383,1440,20.9,86.86,367.7,1447,Medium
EV000197,2026-01-16 17:10:00,342.06,151.81,51.93,76.31,31.53,20.56,1642,469,149855.2,152.3,108.8,168.7,0.99,0.11,15.78,41.51,41.96,DC,151,0.01181,0.00699,2443,82.8,71.79,223.3,701,High
EV000258,2026-01-16 17:15:00,385.69,64.21,24.76,86.89,16.84,2.36,1329,323,95506.4,8.5,38.7,84.1,3.4,1.73,21.56,36.67,22.7,DC,47,0.00905,0.00634,3320,21.8,74.78,303.3,786,High
EV000158,2026-01-16 17:20:00,378.1,109.52,41.41,96.1,15.0,-4.53,244,107,149427.5,17.9,26.7,47.6,1.69,0.6,12.06,33.03,20.27,DC,80,0.0054,0.00303,1954,55.0,93.02,483.0,1829,Low
EV000105,2026-01-16 17:25:00,350.23,159.24,55.77,48.64,15.0,1.18,1543,249,123543.0,243.6,77.6,117.9,1.24,3.57,17.24,29.46,24.91,DC,159,0.0108,0.00596,1934,35.8,76.91,215.3,876,High
EV000091,2026-01-16 17:30:00,321.14,12.23,3.93,50.53,15.11,-2.38,1659,759,117308.2,72.7,59.5,87.7,0.25,3.78,16.1,25.97,28.36,AC,122,0.01192,0.00711,3308,65.9,67.76,175.4,411,High
EV000171,2026-01-16 17:35:00,379.26,189.45,71.85,57.27,15.0,-7.16,1666,458,194325.3,3.6,58.8,78.6,3.0,3.66,22.37,25.21,23.08,AC,110,0.01131,0.00657,3557,81.5,71.02,198.0,623,High
EV000163,2026-01-16 17:40:00,329.02,-192.75,-63.42,9.09,43.39,28.69,896,218,185010.6,228.9,79.9,137.0,2.66,0.56,24.36,48.71,51.72,AC,52,0.00648,0.00442,3416,41.0,81.81,41.7,1194,Medium
EV000206,2026-01-16 17:45:00,373.84,188.6,70.51,59.4,50.09,40.32,123,47,187292.5,139.4,18.7,52.5,0.69,4.4,14.57,63.67,57.43,AC,104,0.00465,0.00362,2633,29.5,92.16,226.3,1795,Low
EV000152,2026-01-16 17:50:00,407.55,-33.68,-13.73,50.63,37.56,21.44,567,47,109098.2,140.0,53.5,109.1,2.87,3.75,19.56,49.6,48.58,AC,43,0.00435,0.0038,1618,29.5,89.52,190.4,1615,Medium
EV000238,2026-01-16 17:55:00,406.19,-212.62,-86.36,40.74,15.0,-8.2,1401,375,77636.5,96.5,46.6,91.2,4.07,7.11,14.37,25.96,18.56,AC,129,0.0103,0.00665,1179,45.9,76.5,111.0,898,High
EV000212,2026-01-16 18:00:00,352.4,-55.76,-19.65,67.94,15.0,5.09,643,241,141721.3,43.5,25.9,83.7,4.21,6.53,15.12,21.14,19.54,DC,178,0.0071,0.00406,2537,49.2,86.32,206.9,1489,Medium
EV000268,2026-01-16 18:05:00,328.37,38.98,12.8,14.34,46.4,30.12,1678,385,166870.8,47.6,26.4,53.1,1.43,5.5,13.67,57.68,50.03,AC,78,0.01065,0.00596,2574,47.1,70.87,57.7,537,High
EV000130,2026-01-16 18:10:00,409.16,21.65,8.86,16.12,41.71,30.25,393,216,127155.9,88.8,44.8,81.7,1.73,5.71,15.57,52.47,56.46,AC,178,0.00638,0.0033,3617,92.7,86.85,76.4,1442,Medium
EV000275,2026-01-16 18:15:00,375.78,106.82,40.14,76.96,32.95,26.78,256,134,247053.2,173.2,40.6,65.0,2.4,3.16,17.15,50.97,39.36,AC,35,0.00634,0.00398,3227,51.2,89.92,277.3,1668,Medium
EV000287,2026-01-16 18:20:00,368.6,-81.84,-30.17,9.84,15.0,-8.55,23,0,44434.1,111.7,91.5,121.9,3.85,1.71,22.44,20.23,27.67,DC,121,0.00601,0.00302,722,29.8,98.08,54.2,2165,Low
EV000152,2026-01-16 18:25:00,377.92,-98.38,-37.18,34.23,26.54,16.19,795,117,247746.9,167.5,77.9,104.0,3.15,2.38,22.57,35.31,32.21,AC,87,0.00816,0.00396,3451,86.4,84.32,140.7,1305,Medium
EV000149,2026-01-16 18:30:00,409.44,54.82,22.45,63.85,27.95,18.04,1517,766,77381.3,11.0,56.4,92.0,3.54,6.22,21.23,36.58,41.86,DC,167,0.00896,0.00641,1995,29.0,70.27,227.3,618,High
EV000211,2026-01-16 18:35:00,365.81,145.6,53.26,15.5,15.0,-2.14,481,154,75439.5,218.9,76.3,128.9,2.19,7.51,17.58,24.43,28.53,DC,50,0.00564,0.00387,1254,92.4,89.91,80.3,1597,Medium
EV000084,2026-01-16 18:40:00,378.88,182.89,69.29,17.03,22.45,4.57,439,166,218877.5,144.4,56.0,81.7,2.84,4.47,21.25,41.86,34.18,DC,169,0.0041,0.00319,3504,62.3,86.94,81.3,1419,Medium
EV000240,2026-01-16 18:45:00,400.81,-156.24,-62.62,43.62,15.4,7.57,984,51,187441.9,245.0,89.6,138.4,0.89,5.13,22.85,30.01,26.26,DC,167,0.00839,0.00461,2537,46.5,85.03,138.2,1335,Medium
EV000187,2026-01-16 18:50:00,381.15,64.35,24.53,65.95,37.65,27.44,177,24,105907.3,193.4,65.1,125.0,3.24,0.89,16.98,53.18,49.59,AC,123,0.00383,0.0032,1545,64.5,94.25,308.1,1871,Low
EV000284,2026-01-16 18:55:00,330.84,-162.28,-53.69,53.42,28.73,14.57,915,358,1118.8,188.0,90.8,119.4,3.09,1.71,16.66,47.48,37.09,DC,144,0.00768,0.00564,39,73.2,84.9,192.3,1301,Medium
EV000042,2026-01-16 19:00:00,336.72,-20.73,-6.98,6.25,31.07,15.22,224,11,162660.5,215.4,49.0,78.0,4.32,0.63,13.25,37.73,38.83,AC,119,0.00344,0.00274,3219,69.6,93.04,40.0,1743,Low
EV000217,2026-01-16 19:05:00,389.95,-203.33,-79.29,72.85,15.0,1.3,807,227,51476.5,190.3,39.0,95.6,3.87,8.0,19.57,28.54,29.32,AC,55,0.00555,0.00517,672,76.3,88.19,379.9,1604,Medium
EV000036,2026-01-16 19:10:00,399.19,164.5,65.67,87.44,42.19,29.24,842,333,170716.9,101.0,57.5,79.3,2.2,3.21,23.32,47.81,52.81,AC,124,0.00577,0.00456,2150,75.7,81.39,318.9,1213,Medium
EV000058,2026-01-16 19:15:00,334.21,-56.35,-18.83,71.61,41.62,35.83,168,28,89215.4,122.9,113.6,163.9,3.44,7.89,24.47,57.98,48.02,DC,77,0.00268,0.00274,2072,85.4,93.03,282.0,1848,Low
EV000113,2026-01-16 19:20:00,397.21,-118.1,-46.91,51.37,27.35,11.55,805,420,70681.4,18.1,61.0,76.2,4.37,4.75,14.02,32.68,38.16,AC,174,0.00713,0.00503,2246,34.6,81.59,201.4,1109,Medium
EV000004,2026-01-16 19:25:00,349.76,-174.34,-60.98,96.06,43.25,28.29,600,278,55984.5,93.3,99.5,155.0,4.46,3.64,16.1,51.64,53.33,AC,17,0.0074,0.00434,1629,79.9,86.69,374.0,1511,Medium
EV000122,2026-01-16 19:30:00,408.68,95.99,39.23,76.49,15.0,2.32,1406,422,103915.5,145.0,21.9,50.0,3.88,3.0,24.01,26.85,20.8,AC,103,0.00879,0.00613,3559,73.2,74.46,213.4,778,High
EV000173,2026-01-16 19:35:00,339.63,-76.81,-26.09,42.74,43.03,38.96,1125,460,67724.9,49.4,50.6,95.8,1.91,5.51,21.75,61.44,52.66,AC,100,0.00999,0.00597,2314,44.6,76.56,177.0,868,High
EV000146,2026-01-16 19:40:00,377.7,-78.68,-29.72,51.8,44.16,31.92,1277,106,105334.4,144.9,86.1,121.1,1.02,5.57,12.81,59.79,48.13,AC,67,0.00962,0.00497,2635,40.3,79.68,235.5,1120,High
EV000062,2026-01-16 19:45:00,389.78,146.55,57.12,63.51,15.0,-6.08,1648,262,36063.9,190.0,58.2,103.9,4.12,7.55,24.1,23.44,25.37,DC,43,0.01018,0.00657,844,75.6,77.41,225.8,956,High
EV000292,2026-01-16 19:50:00,383.06,-93.58,-35.85,8.6,15.0,-9.4,875,94,226074.1,244.0,80.0,104.6,4.1,4.78,24.46,33.0,18.43,DC,87,0.00901,0.00438,3200,71.0,83.53,41.2,1266,Medium
EV000201,2026-01-16 19:55:00,383.72,-17.45,-6.7,59.67,27.39,17.71,1356,16,75199.4,220.5,19.9,74.4,2.63,3.04,24.86,36.61,33.83,AC,132,0.00771,0.0053,2538,22.8,79.6,248.9,1052,High
EV000042,2026-01-16 20:00:00,388.68,12.97,5.04,64.63,45.92,30.43,806,35,169293.3,238.5,51.0,87.5,3.56,7.29,17.59,62.94,49.08,DC,82,0.00886,0.00418,2669,80.2,84.9,194.9,1341,Medium
EV000168,2026-01-16 20:05:00,328.57,165.74,54.46,65.58,42.87,28.83,1007,175,49654.3,205.5,77.2,107.2,0.34,4.65,19.91,49.69,51.08,DC,77,0.00929,0.0049,1681,39.2,83.63,264.0,1258,Medium
EV000257,2026-01-16 20:10:00,322.82,-80.17,-25.88,86.06,44.38,33.55,1333,481,225350.4,143.4,115.3,163.8,2.95,1.95,18.29,63.09,53.77,DC,39,0.01112,0.00581,3435,47.8,72.7,279.2,650,High
EV000155,2026-01-16 20:15:00,406.45,-93.3,-37.92,58.5,40.51,23.09,646,87,23030.8,172.9,81.6,122.8,0.23,0.96,23.89,49.75,48.27,AC,89,0.00568,0.00379,987,32.5,89.1,183.5,1607,Medium
EV000185,2026-01-16 20:20:00,356.75,-2.09,-0.74,35.57,15.0,-2.12,895,207,175154.0,184.9,27.7,64.0,0.26,4.69,14.15,33.24,29.49,AC,17,0.00954,0.0045,2350,56.6,83.87,178.1,1287,Medium
EV000167,2026-01-16 20:25:00,333.36,-203.21,-67.74,76.77,56.51,38.77,456,147,51335.6,144.8,75.0,102.6,3.98,7.29,23.4,70.03,68.84,AC,180,0.00658,0.00326,831,56.3,88.57,255.7,1608,Medium
EV000229,2026-01-16 20:30:00,393.31,53.83,21.17,53.7,43.7,31.13,1148,444,57791.9,74.5,77.1,122.3,0.7,5.46,24.86,54.43,49.58,DC,180,0.00861,0.0058,1674,65.7,78.81,252.0,998,High
EV000089,2026-01-16 20:35:00,405.4,10.77,4.37,58.28,19.44,4.5,611,286,223643.8,28.8,78.7,117.1,1.52,6.62,16.27,35.4,29.39,AC,155,0.00731,0.00429,3348,58.6,84.69,244.8,1353,Medium
EV000028,2026-01-16 20:40:00,333.54,-77.5,-25.85,78.99,25.76,22.21,1657,352,61576.1,41.5,102.9,156.2,3.58,2.68,19.0,34.51,38.45,DC,39,0.0118,0.00645,2177,48.5,74.35,331.5,835,High
EV000182,2026-01-16 20:45:00,374.89,65.66,24.61,79.94,37.63,26.13,778,119,272701.0,39.6,102.4,159.7,2.93,5.65,15.97,47.43,42.69,AC,153,0.00882,0.00478,3626,55.4,83.83,367.1,1336,Medium
EV000037,2026-01-16 20:50:00,344.23,109.84,37.81,88.96,15.0,-6.71,1473,398,5203.4,64.3,26.3,37.9,1.61,6.65,22.11,22.96,27.11,DC,162,0.00844,0.00669,144,50.9,79.11,322.8,1004,High
EV000065,2026-01-16 20:55:00,330.44,3.8,1.26,19.16,15.0,4.06,542,228,26047.1,221.6,87.2,123.1,1.92,4.53,14.64,27.2,19.02,DC,53,0.00666,0.0041,686,28.6,89.71,94.1,1604,Medium
EV000029,2026-01-16 21:00:00,333.92,60.12,20.07,69.96,15.0,7.92,1426,183,7404.4,232.2,100.6,133.8,3.85,4.05,20.52,30.17,23.04,AC,178,0.00995,0.00645,107,76.4,79.83,290.8,1121,High
EV000042,2026-01-16 21:05:00,349.52,42.32,14.79,16.37,15.0,-9.43,1316,564,126808.3,180.3,95.9,135.7,3.58,3.41,18.72,22.89,27.53,DC,131,0.00913,0.00667,2928,39.9,74.78,59.8,750,High
EV000174,2026-01-16 21:10:00,380.64,191.76,72.99,82.29,20.67,7.64,1735,993,15600.7,124.4,38.6,81.0,2.17,3.31,17.44,38.26,31.81,DC,49,0.01235,0.0072,683,67.4,67.9,291.6,375,High
EV000231,2026-01-16 21:15:00,402.04,78.16,31.42,65.24,24.14,13.85,1406,640,108243.8,206.9,73.0,112.0,2.1,1.56,24.95,42.3,34.7,DC,125,0.00863,0.00685,3547,80.8,71.53,249.5,601,High
EV000244,2026-01-16 21:20:00,397.39,-216.11,-85.88,70.11,22.66,11.64,172,92,90840.7,167.0,116.4,151.4,2.85,0.13,23.92,39.65,34.36,DC,30,0.0038,0.00361,1227,27.0,96.31,257.0,2050,Low
EV000074,2026-01-16 21:25:00,333.92,138.26,46.17,7.56,18.37,5.35,603,34,72466.7,129.7,99.8,113.3,2.3,0.67,18.18,38.11,25.37,DC,130,0.00643,0.00335,3531,43.8,87.07,40.0,1465,Medium
EV000275,2026-01-16 21:30:00,355.43,-3.12,-1.11,42.29,48.15,35.48,1388,239,143124.6,62.1,96.5,144.2,1.87,3.54,13.06,63.01,55.44,DC,40,0.00943,0.00616,2338,89.5,75.86,134.1,830,High
EV000185,2026-01-16 21:35:00,360.44,82.0,29.56,89.12,42.39,29.6,1229,530,265460.4,31.7,74.7,128.9,3.06,7.77,12.86,52.74,49.02,DC,75,0.00895,0.00654,3365,24.2,75.05,314.1,752,High
EV000283,2026-01-16 21:40:00,401.88,80.68,32.42,29.26,41.23,31.22,696,52,143923.3,55.1,67.0,114.9,3.92,5.1,24.32,57.16,48.97,AC,81,0.00685,0.00443,3398,26.5,84.61,113.0,1321,Medium
EV000046,2026-01-16 21:45:00,358.7,-124.04,-44.49,16.2,15.0,5.87,742,157,270916.5,52.4,65.7,95.9,1.12,7.81,24.46,25.2,21.55,AC,125,0.00534,0.00442,3539,84.2,83.02,58.3,1212,Medium
EV000226,2026-01-16 21:50:00,393.04,134.12,52.71,73.26,36.31,22.19,418,92,2028.2,192.7,59.2,87.0,2.39,4.5,15.1,42.18,44.2,DC,133,0.00664,0.0038,53,69.2,94.24,260.9,1861,Low
EV000089,2026-01-16 21:55:00,376.45,-193.72,-72.93,12.49,20.01,14.75,190,83,69559.4,158.6,88.6,134.2,4.44,4.81,13.96,27.77,25.89,AC,96,0.0047,0.00351,3362,65.8,90.86,51.6,1648,Low
EV000040,2026-01-16 22:00:00,352.37,17.55,6.19,27.15,41.96,30.43,1246,742,11199.4,199.5,102.8,155.9,4.14,1.48,22.33,57.17,53.0,DC,177,0.00845,0.00681,143,85.0,76.38,75.6,843,High
EV000158,2026-01-16 22:05:00,334.38,-99.16,-33.16,91.13,18.57,12.3,411,54,8875.6,179.1,63.5,110.9,2.06,1.25,21.02,32.85,25.07,AC,84,0.00543,0.00411,294,30.1,94.88,337.4,1995,Low
EV000206,2026-01-16 22:10:00,321.33,-36.57,-11.75,19.39,22.41,9.37,924,106,132715.6,239.0,54.1,88.5,2.08,4.76,21.4,38.7,33.99,AC,148,0.00705,0.00426,3153,83.5,84.12,66.3,1334,Medium
EV000073,2026-01-16 22:15:00,396.61,180.87,71.74,45.96,54.21,38.8,1688,625,39169.9,168.7,23.6,68.9,1.8,1.86,21.86,67.36,63.1,AC,28,0.00982,0.0062,730,43.6,70.73,191.6,623,High
EV000297,2026-01-16 22:20:00,334.3,187.61,62.72,47.26,21.67,4.93,366,90,76588.6,1.2,56.5,68.7,1.04,4.54,20.84,35.6,29.66,AC,104,0.00502,0.00376,2098,38.7,91.62,188.8,1738,Low
EV000089,2026-01-16 22:25:00,359.8,186.37,67.06,13.69,25.74,18.74,123,51,79313.6,158.3,84.8,125.8,3.42,6.3,14.76,35.25,36.13,DC,153,0.0038,0.00375,1250,29.5,96.46,62.3,2054,Low
EV000294,2026-01-16 22:30:00,404.5,-171.34,-69.31,72.68,17.93,4.37,1592,520,24856.2,119.5,101.7,153.8,0.89,6.07,20.36,24.67,27.86,AC,96,0.0111,0.00654,876,27.7,73.38,209.3,769,High
EV000032,2026-01-16 22:35:00,348.53,-14.72,-5.13,49.42,15.0,-3.79,164,63,105716.0,158.5,50.1,61.0,3.28,6.96,16.19,27.86,22.34,DC,34,0.00345,0.0038,1557,75.2,94.85,218.8,1862,Low
EV000272,2026-01-16 22:40:00,351.52,119.97,42.17,83.98,15.0,7.22,515,259,32731.9,173.6,20.5,77.7,3.43,7.78,18.54,26.05,19.96,DC,153,0.00467,0.00356,504,80.5,89.94,378.3,1572,Medium
EV000274,2026-01-16 22:45:00,332.48,-159.47,-53.02,32.58,53.93,37.93,876,480,6945.2,42.5,36.0,88.0,4.2,6.9,14.34,71.43,57.2,DC,124,0.00559,0.00444,263,55.2,81.49,106.5,1104,Medium
EV000284,2026-01-16 22:50:00,342.98,-50.12,-17.19,27.7,24.93,17.83,389,8,17104.9,179.1,34.6,48.8,4.26,0.56,16.08,37.86,30.41,AC,170,0.00683,0.00411,840,92.8,94.29,149.9,1856,Low
EV000261,2026-01-16 22:55:00,350.03,47.5,16.63,10.65,27.49,9.99,1528,870,31370.0,213.5,118.2,131.8,3.12,3.3,17.18,44.49,41.3,AC,113,0.01049,0.00737,767,44.6,71.14,40.0,618,High
EV000244,2026-01-16 23:00:00,402.45,205.05,82.52,81.91,15.0,-3.77,553,83,157446.7,51.1,113.9,170.7,2.19,6.64,16.71,26.76,19.48,AC,85,0.00745,0.00326,2072,23.6,88.57,409.9,1554,Medium
EV000270,2026-01-16 23:05:00,386.43,6.41,2.48,57.95,38.22,33.14,994,404,27100.8,103.2,62.5,92.4,1.86,7.72,24.53,47.44,42.99,AC,59,0.00735,0.00546,881,28.2,81.44,222.4,1242,Medium
EV000186,2026-01-16 23:10:00,349.91,-205.71,-71.98,63.78,48.58,39.16,78,10,157464.1,231.7,33.1,82.9,2.19,5.03,12.07,64.08,55.67,AC,46,0.00396,0.00242,3630,59.0,92.99,355.6,1811,Low
EV000120,2026-01-16 23:15:00,321.28,92.53,29.73,79.41,15.65,0.38,818,313,89353.0,202.7,61.3,118.2,3.45,5.83,24.97,23.01,30.39,DC,54,0.00876,0.00457,1282,73.3,84.34,259.7,1405,Medium
EV000166,2026-01-16 23:20:00,324.6,-105.74,-34.32,26.39,15.0,0.18,1453,227,5066.0,166.3,23.8,76.3,2.99,0.16,21.3,31.62,23.47,DC,157,0.01105,0.00596,78,27.6,79.1,121.0,1094,High
EV000296,2026-01-16 23:25:00,380.23,-158.97,-60.45,91.13,20.58,6.19,977,221,9009.4,248.3,75.3,87.2,2.71,7.84,19.07,37.63,26.51,AC,99,0.00712,0.00424,366,39.1,86.46,307.3,1414,Medium
EV000130,2026-01-16 23:30:00,321.9,-36.81,-11.85,85.85,26.41,21.46,1147,652,137276.0,63.4,98.0,132.9,4.25,2.78,21.7,41.29,37.76,AC,127,0.00916,0.00578,2633,48.6,76.83,240.2,892,High
EV000032,2026-01-16 23:35:00,361.62,-96.01,-34.72,41.95,15.0,-7.21,547,62,96199.0,91.0,65.3,94.8,3.31,4.82,15.86,30.75,22.72,DC,97,0.00614,0.00373,1362,80.5,90.59,195.3,1611,Low
EV000299,2026-01-16 23:40:00,334.59,37.54,12.56,96.26,51.03,38.24,201,61,37042.5,15.4,85.5,114.5,2.43,1.7,21.34,57.18,57.52,AC,129,0.00669,0.00316,1724,45.9,93.75,336.7,1918,Low
EV000152,2026-01-16 23:45:00,389.17,-91.73,-35.7,40.12,26.58,8.88,1130,676,37288.5,195.4,68.1,82.4,1.57,1.22,18.5,32.81,40.52,DC,117,0.00933,0.00643,1142,36.5,78.95,121.7,1042,High
EV000298,2026-01-16 23:50:00,409.9,4.54,1.86,81.72,15.0,-6.2,139,56,245217.5,244.4,70.9,100.8,0.55,2.06,24.08,24.02,26.84,DC,63,0.0062,0.00273,3196,63.8,92.06,336.5,1703,Low
EV000079,2026-01-16 23:55:00,327.87,-0.93,-0.3,40.63,15.0,0.17,1706,769,225392.7,175.4,44.8,63.1,4.02,3.15,16.83,28.9,24.51,AC,137,0.01199,0.00713,2880,49.9,68.01,129.6,437,High
EV000240,2026-01-17 00:00:00,366.37,-106.67,-39.08,85.82,25.81,11.28,1660,102,62871.9,242.1,73.0,120.8,2.48,3.93,17.62,31.44,31.76,AC,173,0.01149,0.0069,1899,66.8,77.16,336.3,978,High
EV000217,2026-01-17 00:05:00,363.28,-61.3,-22.27,35.53,33.74,22.38,1740,22,168707.9,6.7,47.3,80.7,3.79,7.7,14.53,53.14,38.65,DC,60,0.00986,0.00559,3477,55.9,73.16,117.4,728,High
EV000272,2026-01-17 00:10:00,345.75,-90.04,-31.13,51.86,50.71,40.16,194,99,104301.1,71.3,108.6,163.9,0.55,7.64,17.91,58.84,61.82,AC,92,0.00521,0.00352,1688,50.8,92.03,248.7,1770,Low
EV000072,2026-01-17 00:15:00,399.2,149.64,59.74,27.8,26.47,12.52,383,178,23034.9,191.9,41.6,81.4,1.12,7.31,13.91,43.73,39.06,AC,162,0.00483,0.00399,490,84.0,93.04,97.2,1867,Low
EV000133,2026-01-17 00:20:00,328.57,68.3,22.44,89.64,49.03,34.77,1400,443,115292.5,76.4,74.6,120.6,4.07,7.4,21.55,68.38,61.21,DC,121,0.00799,0.00606,3400,33.6,72.04,280.0,650,High
EV000289,2026-01-17 00:25:00,388.01,1.54,0.6,55.01,15.83,3.04,868,92,55397.9,81.1,55.5,106.8,4.37,6.88,24.27,26.02,24.25,AC,130,0.00781,0.00477,716,32.0,88.2,267.0,1496,Medium
EV000148,2026-01-17 00:30:00,320.63,-105.6,-33.86,72.74,49.46,33.02,772,371,44152.9,205.0,119.8,176.4,3.15,5.71,12.31,56.14,54.6,AC,158,0.00894,0.00506,1172,77.1,83.03,318.3,1216,Medium
EV000211,2026-01-17 00:35:00,367.23,-74.69,-27.43,71.14,15.0,-1.72,1266,180,29862.0,176.8,74.4,93.0,3.16,2.05,20.11,29.76,21.43,DC,159,0.00984,0.00511,583,26.7,82.4,326.9,1248,Medium
EV000153,2026-01-17 00:40:00,392.9,182.12,71.56,64.73,29.01,17.89,457,62,48042.1,54.3,22.3,56.0,0.31,7.47,21.18,37.3,41.5,AC,15,0.00697,0.00324,1188,84.3,92.05,331.3,1767,Low
EV000205,2026-01-17 00:45:00,369.47,20.85,7.7,44.97,26.81,14.1,501,6,97018.6,145.1,48.2,82.8,0.38,1.68,17.01,38.71,32.96,AC,45,0.00769,0.00419,1637,93.1,90.29,187.7,1729,Low
EV000193,2026-01-17 00:50:00,346.02,-154.76,-53.55,5.69,15.0,-1.0,892,69,62699.8,57.6,32.2,62.0,3.76,2.57,19.06,22.73,24.04,AC,175,0.0058,0.00506,886,40.2,88.16,40.0,1536,Medium
EV000190,2026-01-17 00:55:00,324.67,44.16,14.34,60.25,35.03,24.93,213,25,64072.8,249.3,16.9,75.8,3.34,2.16,18.6,50.63,42.68,AC,128,0.00515,0.00332,1480,29.0,94.62,279.5,1857,Low
EV000217,2026-01-17 01:00:00,408.62,-187.05,-76.43,75.63,28.17,14.67,1078,593,159896.6,139.9,93.0,114.8,1.0,7.93,12.25,39.11,39.1,AC,86,0.0077,0.00581,3394,25.7,76.75,247.8,949,High
EV000213,2026-01-17 01:05:00,328.48,-33.11,-10.88,92.35,44.86,27.11,528,101,83481.4,228.8,116.9,160.2,0.93,2.8,22.92,50.28,59.39,DC,92,0.00688,0.00378,1082,88.8,89.27,366.4,1688,Medium
EV000169,2026-01-17 01:10:00,362.72,182.72,66.28,82.42,38.82,24.95,1534,467,157237.0,173.2,34.4,71.7,4.17,6.21,13.41,52.58,51.93,AC,127,0.00903,0.00584,2659,21.3,71.5,271.9,710,High
EV000277,2026-01-17 01:15:00,360.75,78.67,28.38,54.78,15.0,3.42,949,182,20512.7,211.3,116.2,167.9,1.79,1.53,24.57,33.18,25.26,AC,122,0.00656,0.0054,484,55.6,85.91,193.6,1487,Medium
EV000154,2026-01-17 01:20:00,370.65,-198.38,-73.53,69.01,27.07,20.22,1399,168,223385.3,99.7,80.6,113.9,4.1,7.64,16.96,47.03,39.32,DC,95,0.00777,0.00593,3004,77.0,77.85,192.3,988,High
EV000140,2026-01-17 01:25:00,367.17,218.96,80.4,52.26,37.92,34.47,1342,742,127422.6,76.0,33.1,45.9,3.72,3.64,16.02,50.11,46.95,DC,123,0.00963,0.00683,1673,37.6,72.76,176.9,623,High
EV000122,2026-01-17 01:30:00,407.64,-6.91,-2.82,47.57,38.53,22.21,111,62,205889.9,5.9,69.6,93.8,1.52,4.67,18.37,44.35,42.04,AC,87,0.00307,0.00243,3354,54.7,91.4,242.4,1664,Low
EV000069,2026-01-17 01:35:00,321.93,133.12,42.86,90.97,43.35,26.0,1337,516,43683.9,142.1,117.2,147.1,3.62,7.27,15.61,49.7,51.96,DC,134,0.00829,0.00626,1761,76.0,74.26,252.8,838,High
EV000211,2026-01-17 01:40:00,389.02,73.82,28.72,20.76,18.09,2.36,1599,599,83070.1,196.2,50.2,110.2,3.33,2.76,22.29,33.3,28.71,AC,135,0.00859,0.00625,3111,34.3,71.04,53.8,598,High
EV000277,2026-01-17 01:45:00,367.24,187.7,68.93,42.93,44.61,30.87,478,80,120443.1,205.1,35.6,94.3,3.49,7.74,14.17,54.52,56.9,DC,117,0.00599,0.00424,3263,89.9,86.35,204.9,1520,Medium
EV000002,2026-01-17 01:50:00,397.06,83.88,33.31,68.23,27.9,13.63,1361,544,178901.7,47.5,53.5,65.5,0.91,5.68,17.08,35.95,39.1,AC,33,0.00858,0.00588,2735,54.8,74.31,224.4,844,High
EV000147,2026-01-17 01:55:00,384.95,84.88,32.68,74.49,36.34,21.71,377,160,61451.1,166.9,105.8,149.6,2.88,6.89,16.12,49.9,50.08,AC,144,0.00571,0.00309,1404,90.3,91.82,361.7,1684,Low
EV000026,2026-01-17 02:00:00,329.37,-56.62,-18.65,73.43,49.66,34.27,1249,698,247178.1,133.7,101.3,124.6,2.29,0.56,20.96,62.08,58.1,DC,25,0.0087,0.00551,3216,77.8,71.68,272.5,612,High
EV000086,2026-01-17 02:05:00,396.34,144.7,57.35,7.65,33.85,18.32,1,0,21468.0,105.7,84.9,108.8,2.15,7.44,12.23,45.28,39.98,AC,148,0.00363,0.00241,567,35.5,99.11,40.0,2176,Low
EV000010,2026-01-17 02:10:00,378.27,-158.81,-60.07,29.0,38.58,35.24,987,253,104636.5,247.9,108.5,137.8,2.72,2.83,13.93,55.45,42.86,DC,79,0.0095,0.00557,1430,43.7,82.84,121.4,1226,Medium
EV000098,2026-01-17 02:15:00,357.08,-59.37,-21.2,97.19,15.0,2.65,1666,543,116404.0,166.3,87.8,115.9,0.25,7.11,12.69,34.37,26.04,AC,153,0.00935,0.00707,1467,69.5,72.4,335.4,756,High
EV000003,2026-01-17 02:20:00,409.53,-80.11,-32.81,56.45,15.0,-1.33,1355,545,166309.7,85.8,82.7,96.1,4.42,1.31,14.66,28.69,18.56,DC,119,0.00977,0.0068,3641,91.8,73.48,182.3,753,High
EV000126,2026-01-17 02:25:00,357.72,195.49,69.93,48.53,29.33,16.23,1770,441,128332.7,31.9,31.5,70.0,2.37,2.86,23.32,34.84,35.31,DC,113,0.01114,0.00633,3401,74.7,69.83,136.0,500,High
EV000006,2026-01-17 02:30:00,402.83,-218.12,-87.86,70.16,41.41,33.59,1762,146,10934.3,34.7,26.6,75.3,4.07,5.69,16.83,59.35,44.83,DC,104,0.01041,0.00632,289,33.1,75.35,258.9,876,High
EV000133,2026-01-17 02:35:00,353.7,-77.34,-27.36,52.81,55.19,38.79,175,54,156907.6,147.6,78.5,108.2,3.97,4.09,12.91,75.13,60.46,DC,171,0.00422,0.0025,2316,84.0,91.99,262.1,1775,Low
EV000014,2026-01-17 02:40:00,365.42,28.31,10.35,78.27,15.0,0.01,1030,319,85674.8,50.6,18.7,31.7,0.2,1.97,15.2,21.37,29.97,DC,127,0.00964,0.00565,1719,48.8,82.4,234.4,1166,Medium
EV000139,2026-01-17 02:45:00,347.88,-47.97,-16.69,66.92,45.13,37.1,1698,409,120367.9,61.7,86.7,120.1,0.26,4.58,22.63,59.24,53.98,DC,81,0.01087,0.00707,1573,64.6,71.87,196.5,619,High
EV000279,2026-01-17 02:50:00,342.72,51.59,17.68,51.29,15.0,-7.03,153,8,52575.5,112.9,114.1,154.7,4.3,8.0,20.83,21.62,24.27,AC,180,0.00628,0.00233,2020,89.0,94.56,219.2,1925,Low
EV000075,2026-01-17 02:55:00,385.26,160.97,62.02,27.31,15.0,-5.14,212,56,21533.0,236.3,99.9,137.7,2.96,0.75,12.75,28.48,28.2,DC,74,0.00472,0.00394,295,23.3,96.6,109.0,1998,Low
EV000143,2026-01-17 03:00:00,327.11,117.73,38.51,93.3,40.65,32.63,1484,620,69364.1,223.2,26.4,73.3,2.3,6.7,21.87,46.1,54.28,AC,37,0.00978,0.00661,1926,74.4,72.12,373.5,664,High
EV000177,2026-01-17 03:05:00,403.42,202.11,81.54,39.65,19.66,8.23,472,7,86021.0,171.8,101.1,137.1,3.4,2.34,16.18,25.34,30.02,AC,172,0.00437,0.0033,1474,83.7,91.71,198.5,1777,Low
EV000091,2026-01-17 03:10:00,377.42,-36.3,-13.7,62.28,44.61,32.63,53,5,56055.0,162.3,82.4,116.3,2.1,1.37,23.26,64.19,58.19,AC,35,0.00376,0.00327,1081,35.5,96.57,253.2,2061,Low
EV000169,2026-01-17 03:15:00,404.46,218.83,88.51,77.52,46.93,33.63,1267,93,48089.9,156.0,39.5,68.5,0.3,2.09,22.87,62.02,52.98,AC,110,0.00817,0.00552,1188,53.9,80.7,277.5,1146,Medium
EV000180,2026-01-17 03:20:00,348.22,119.51,41.62,94.71,15.0,-4.9,215,3,22416.8,1.7,100.2,145.7,2.98,6.72,15.67,33.97,25.12,DC,17,0.00634,0.00339,1117,45.3,96.48,457.6,1952,Low
EV000101,2026-01-17 03:25:00,332.88,-89.79,-29.89,88.88,42.7,29.74,1759,476,79011.5,110.5,31.5,69.5,3.11,0.64,15.29,53.94,54.0,AC,50,0.00954,0.00685,1629,87.1,69.68,282.2,607,High
EV000228,2026-01-17 03:30:00,399.83,52.74,21.09,49.71,41.01,23.47,982,241,247362.1,89.3,59.2,86.0,3.51,6.24,19.04,54.17,55.64,DC,111,0.00738,0.00497,3495,65.8,79.22,163.3,1038,High
EV000081,2026-01-17 03:35:00,379.37,-35.15,-13.33,35.67,17.58,13.12,286,95,94943.9,115.1,106.3,145.8,1.92,5.65,16.52,24.42,32.36,DC,112,0.0033,0.00348,1543,42.1,93.58,169.8,1919,Low
EV000026,2026-01-17 03:40:00,360.58,-182.28,-65.73,87.18,29.19,11.49,1355,760,136018.2,4.5,52.0,81.6,1.93,3.09,20.0,36.11,35.05,DC,163,0.00785,0.0064,2748,79.3,72.15,291.8,632,High
EV000133,2026-01-17 03:45:00,382.01,-176.92,-67.59,94.22,15.0,2.52,953,265,32622.7,135.0,55.7,96.2,0.53,5.62,18.53,24.99,26.27,AC,52,0.00754,0.00433,571,87.3,85.36,282.2,1330,Medium
EV000199,2026-01-17 03:50:00,389.45,-129.91,-50.59,48.44,15.0,-4.47,110,63,92313.9,46.5,114.2,134.6,2.98,7.75,14.13,31.83,25.01,DC,75,0.00332,0.00368,2719,50.4,93.14,200.9,1781,Low
EV000264,2026-01-17 03:55:00,356.04,82.43,29.35,53.38,41.88,26.9,1404,453,85569.5,49.4,53.2,107.3,3.66,2.02,15.51,54.6,52.37,AC,73,0.00789,0.0059,1949,40.3,74.19,148.0,730,High
EV000285,2026-01-17 04:00:00,333.54,67.59,22.54,78.41,24.63,21.16,1065,366,176709.6,28.5,59.2,102.5,1.62,4.57,15.61,40.09,36.95,AC,42,0.00854,0.00554,2873,61.1,78.98,259.2,1030,High
EV000215,2026-01-17 04:05:00,370.68,118.38,43.88,70.72,44.24,41.1,1713,704,44952.3,96.7,93.6,105.0,3.39,3.7,15.3,54.46,56.25,DC,44,0.01216,0.00653,620,81.9,71.48,177.9,632,High
EV000263,2026-01-17 04:10:00,321.73,-138.84,-44.67,16.65,15.0,-3.59,449,22,7009.1,245.7,98.0,149.7,3.48,4.52,15.07,21.98,29.93,DC,90,0.00487,0.00349,92,85.3,95.0,75.9,1950,Low
EV000099,2026-01-17 04:15:00,388.32,-196.98,-76.49,24.21,15.0,-8.86,306,71,57020.0,136.0,47.8,65.8,1.89,0.76,20.52,22.26,26.57,AC,124,0.00527,0.00368,1159,60.4,94.24,125.4,1926,Low
EV000157,2026-01-17 04:20:00,382.86,-188.2,-72.05,65.62,47.48,36.78,400,195,107776.2,108.7,97.4,134.3,3.15,2.84,22.07,56.14,54.54,AC,91,0.00717,0.00375,1384,30.4,89.54,302.6,1561,Medium
EV000095,2026-01-17 04:25:00,331.1,-169.51,-56.12,33.56,48.38,33.86,1786,494,73547.8,189.0,80.0,123.4,0.41,3.17,15.22,64.37,52.27,AC,47,0.01238,0.00654,1376,38.7,70.07,132.9,474,High
EV000173,2026-01-17 04:30:00,334.78,-200.15,-67.0,53.08,46.09,34.57,917,328,139742.1,85.8,20.9,65.8,2.78,4.09,20.32,64.42,59.0,DC,40,0.00901,0.00516,2208,35.8,80.04,200.4,1158,Medium
EV000258,2026-01-17 04:35:00,372.81,-219.57,-81.86,41.37,21.02,10.85,1638,355,81150.0,110.2,47.3,67.4,1.1,2.02,13.95,26.85,24.29,AC,90,0.01,0.00693,1017,42.7,74.35,146.1,729,High
EV000298,2026-01-17 04:40:00,330.1,71.22,23.51,84.0,22.57,6.14,854,87,33328.1,34.0,92.3,106.6,0.59,7.55,17.93,39.76,36.08,AC,37,0.00896,0.00475,1379,68.8,87.58,328.7,1527,Medium
EV000010,2026-01-17 04:45:00,333.08,48.54,16.17,5.15,19.64,10.38,1621,894,196710.2,37.0,16.0,45.6,0.39,1.02,14.15,25.98,26.93,AC,66,0.00978,0.00738,3110,58.6,66.59,40.0,424,High
EV000218,2026-01-17 04:50:00,372.32,113.93,42.42,17.11,15.0,3.52,222,131,27661.8,56.4,21.9,42.9,3.84,7.12,22.66,25.74,21.02,DC,163,0.00548,0.00375,461,79.7,95.83,65.3,1996,Low
EV000180,2026-01-17 04:55:00,375.09,134.18,50.33,52.83,37.31,29.58,470,193,54713.5,150.7,71.8,108.8,3.49,1.48,15.85,46.35,50.95,DC,116,0.00641,0.00406,1591,52.0,89.39,230.5,1673,Medium
EV000202,2026-01-17 05:00:00,399.95,-47.4,-18.96,79.88,15.0,-2.55,588,197,45394.4,175.8,41.5,80.0,2.87,6.93,16.43,27.5,22.9,AC,143,0.00759,0.0047,1439,70.6,87.76,253.2,1463,Medium
EV000120,2026-01-17 05:05:00,332.16,-44.71,-14.85,62.54,40.11,34.79,1472,670,220416.1,192.3,107.7,117.8,2.27,2.75,17.53,58.43,54.59,DC,70,0.01177,0.00673,3275,49.4,70.26,179.2,618,High
EV000148,2026-01-17 05:10:00,363.7,11.75,4.27,20.7,15.0,8.51,773,128,125585.8,180.5,116.9,162.5,2.59,2.41,13.56,33.47,22.42,DC,108,0.00512,0.00481,3028,77.7,83.72,95.8,1272,Medium
EV000029,2026-01-17 05:15:00,339.73,61.4,20.86,7.86,15.0,-0.42,922,113,162004.2,19.8,17.4,61.2,0.36,2.63,24.0,34.8,26.8,AC,17,0.00968,0.00465,2999,73.3,82.49,40.0,1309,Medium
EV000043,2026-01-17 05:20:00,340.1,-208.08,-70.77,87.56,15.0,7.71,1338,15,24430.7,237.3,41.1,59.9,2.65,3.35,23.02,20.83,22.14,AC,164,0.00867,0.00542,325,85.3,83.75,335.9,1320,Medium
EV000031,2026-01-17 05:25:00,365.48,-18.15,-6.63,68.68,15.0,-5.25,637,177,205600.4,86.9,120.0,161.9,4.27,4.32,19.84,22.74,28.69,DC,170,0.00613,0.00497,3567,93.7,84.13,264.6,1405,Medium
EV000215,2026-01-17 05:30:00,339.7,166.75,56.64,74.49,19.53,4.45,649,214,110880.9,129.3,80.0,133.2,1.71,0.24,14.48,30.01,23.89,DC,63,0.00641,0.00372,2028,37.6,86.28,249.5,1383,Medium
EV000109,2026-01-17 05:35:00,380.4,-160.24,-60.95,39.89,30.97,16.65,1349,740,1256.9,196.3,68.2,126.5,3.94,5.88,22.97,43.18,39.13,DC,32,0.00786,0.00636,47,69.5,75.8,125.9,851,High
EV000131,2026-01-17 05:40:00,362.98,-208.68,-75.75,42.45,45.44,34.46,338,48,73657.4,227.9,39.7,59.9,2.14,7.32,15.4,58.18,49.45,DC,78,0.00668,0.00312,1325,75.3,91.08,184.1,1649,Low
EV000200,2026-01-17 05:45:00,397.32,-213.53,-84.84,52.18,46.26,37.06,842,434,42310.2,140.1,90.6,145.7,0.56,2.0,13.97,64.89,59.11,AC,23,0.00688,0.00547,543,49.6,84.33,212.8,1384,Medium
EV000003,2026-01-17 05:50:00,336.37,-37.28,-12.54,79.11,32.39,23.53,306,30,140863.7,146.2,82.8,103.7,1.77,1.27,20.44,47.72,38.68,DC,76,0.00361,0.00367,2056,39.6,92.27,389.7,1730,Low
EV000126,2026-01-17 05:55:00,344.54,67.73,23.34,95.61,15.01,11.33,1038,148,34766.2,81.4,15.9,58.3,2.67,4.67,19.69,26.94,24.49,DC,115,0.00851,0.00482,1034,73.2,83.98,464.4,1341,Medium
EV000205,2026-01-17 06:00:00,338.37,-167.09,-56.54,88.58,17.8,2.29,1190,594,119144.3,103.1,74.3,114.5,0.34,1.54,12.46,34.72,29.24,AC,143,0.00758,0.00569,2926,71.6,75.31,363.8,772,High
EV000027,2026-01-17 06:05:00,391.87,-196.13,-76.86,60.18,15.0,-6.01,347,75,13494.5,135.3,41.0,69.2,3.44,0.22,20.72,28.53,28.23,AC,142,0.00535,0.00309,650,48.8,93.26,227.5,1769,Low
EV000096,2026-01-17 06:10:00,379.28,-98.18,-37.24,68.25,33.06,24.93,310,175,217702.2,45.8,30.0,45.7,4.43,6.09,20.55,48.47,46.63,DC,146,0.0057,0.00355,3061,56.3,88.98,305.5,1537,Medium
EV000074,2026-01-17 06:15:00,405.92,-28.68,-11.64,9.47,24.89,17.34,155,12,71063.2,110.4,29.6,80.2,3.9,7.37,18.12,36.82,32.97,DC,151,0.00634,0.00294,1408,58.0,94.92,40.0,1933,Low
EV000162,2026-01-17 06:20:00,321.23,-173.96,-55.88,81.84,21.45,7.45,122,10,255341.5,204.5,102.0,137.5,2.53,1.41,21.59,35.9,32.04,AC,40,0.00494,0.00271,3281,89.0,94.06,398.2,1852,Low
EV000007,2026-01-17 06:25:00,374.45,-114.14,-42.74,47.94,15.0,7.43,1139,171,139831.4,171.7,101.3,158.2,4.14,3.05,15.74,29.3,20.91,AC,168,0.00954,0.00502,1803,92.8,80.84,176.5,1141,Medium
EV000228,2026-01-17 06:30:00,386.79,-77.28,-29.89,11.14,17.5,7.98,1075,484,12514.6,86.1,93.1,111.5,2.64,7.41,15.21,33.48,27.78,AC,100,0.00796,0.00487,383,30.6,82.49,53.5,1221,Medium
EV000207,2026-01-17 06:35:00,382.58,-92.79,-35.5,80.83,21.98,8.81,1461,327,27652.4,51.3,89.3,102.0,3.13,0.23,23.51,36.08,32.63,AC,33,0.01059,0.00664,540,35.8,79.25,302.6,1109,High
EV000009,2026-01-17 06:40:00,343.24,209.19,71.8,54.06,54.57,39.24,40,15,199085.0,24.4,30.7,75.0,3.83,5.16,14.56,59.67,58.69,AC,147,0.00277,0.0023,3067,26.5,92.35,224.6,1802,Low
EV000116,2026-01-17 06:45:00,324.41,-110.98,-36.0,16.17,19.2,8.09,1089,519,59284.3,79.5,54.5,91.7,4.38,4.69,14.66,36.02,32.95,DC,54,0.00664,0.00497,1683,72.0,80.05,47.4,1090,Medium
EV000179,2026-01-17 06:50:00,399.35,121.32,48.45,76.83,36.47,28.62,809,3,239512.7,34.7,45.6,102.4,1.19,6.8,14.75,52.84,47.09,AC,151,0.00684,0.00382,3609,66.8,85.14,277.8,1460,Medium
EV000243,2026-01-17 06:55:00,381.79,-97.66,-37.28,38.94,39.95,30.05,1417,559,13087.0,68.0,95.0,119.3,3.61,3.01,15.88,55.31,52.52,DC,142,0.01002,0.00592,288,21.8,75.87,112.2,837,High
EV000175,2026-01-17 07:00:00,406.6,-63.59,-25.86,15.49,17.31,4.35,260,5,85193.6,85.5,75.9,129.4,0.39,7.67,17.97,27.95,32.08,AC,151,0.00505,0.00369,1103,39.1,95.21,60.1,1935,Low
EV000177,2026-01-17 07:05:00,346.24,118.18,40.92,78.21,15.0,-9.37,1665,138,220966.8,157.7,30.2,47.7,1.42,7.22,13.9,26.27,18.09,DC,68,0.00909,0.00684,3269,69.0,74.71,335.7,728,High
EV000202,2026-01-17 07:10:00,349.32,126.29,44.12,73.75,28.49,21.17,949,547,31084.7,232.4,87.3,112.6,4.35,0.25,17.48,38.56,33.61,AC,173,0.00688,0.00569,451,65.4,82.48,345.3,1216,Medium
EV000007,2026-01-17 07:15:00,324.86,170.55,55.41,31.43,15.0,-4.66,1672,542,139956.1,227.0,105.2,127.9,3.66,0.37,17.5,24.59,24.96,AC,141,0.01041,0.00631,2679,53.9,69.88,115.6,528,High
EV000051,2026-01-17 07:20:00,405.02,-151.85,-61.5,68.42,27.37,12.35,1443,596,34272.7,51.3,36.5,73.4,2.04,2.24,12.97,37.5,39.59,AC,68,0.00784,0.00661,631,63.6,76.57,219.7,893,High
EV000113,2026-01-17 07:25:00,409.83,79.62,32.63,47.31,20.07,7.61,696,5,159189.9,71.3,77.2,136.4,1.52,0.09,16.18,32.05,32.7,DC,33,0.00773,0.00428,2322,79.1,87.21,226.3,1470,Medium
EV000146,2026-01-17 07:30:00,398.56,-198.28,-79.03,18.8,15.0,3.13,145,6,30080.2,48.2,40.6,79.7,0.37,2.02,17.57,27.58,22.12,DC,80,0.00265,0.00378,761,88.6,97.61,90.2,2122,Low
EV000010,2026-01-17 07:35:00,344.09,54.52,18.76,56.34,42.46,39.12,1705,421,208257.1,213.3,98.9,140.2,4.07,0.42,21.99,51.4,48.14,AC,160,0.01009,0.00669,2776,28.1,70.64,182.8,562,High
EV000134,2026-01-17 07:40:00,397.2,68.53,27.22,5.19,34.05,16.66,731,226,58346.0,201.8,29.2,43.4,0.88,7.43,12.24,39.18,40.25,DC,155,0.00673,0.00453,1014,21.1,86.04,40.0,1414,Medium
EV000148,2026-01-17 07:45:00,393.33,-33.3,-13.1,39.83,42.87,29.49,794,182,48272.0,211.4,34.0,73.8,1.19,4.81,23.26,62.66,53.43,DC,143,0.00827,0.005,1912,34.5,84.04,137.9,1262,Medium
EV000039,2026-01-17 07:50:00,366.65,206.63,75.76,81.84,35.0,24.87,843,362,101721.3,89.1,56.9,98.6,2.03,5.91,24.8,53.36,49.04,DC,99,0.00723,0.00431,2912,35.6,82.13,331.2,1278,Medium
EV000135,2026-01-17 07:55:00,332.68,-96.41,-32.07,81.96,36.58,32.88,345,105,35642.4,152.7,56.5,85.9,3.37,5.24,16.26,45.74,45.39,DC,130,0.00509,0.00352,651,83.6,93.54,417.0,1858,Low
EV000138,2026-01-17 08:00:00,359.52,-143.42,-51.56,55.11,29.51,15.45,1271,213,55411.0,211.8,54.2,110.9,3.08,4.98,23.66,48.04,40.85,DC,125,0.01048,0.006,1129,22.9,81.73,179.4,1134,Medium
EV000127,2026-01-17 08:05:00,376.19,138.05,51.93,93.68,45.55,34.9,263,106,34036.8,39.4,71.9,95.7,0.55,7.6,16.6,53.77,60.14,AC,150,0.00672,0.00344,1471,35.1,92.99,438.9,1791,Low
EV000148,2026-01-17 08:10:00,330.68,197.75,65.39,6.27,15.0,-8.68,1054,438,157129.7,13.8,28.4,54.6,3.27,5.27,16.17,25.61,21.22,AC,167,0.00823,0.00511,2288,94.9,78.35,40.0,1033,High
EV000127,2026-01-17 08:15:00,327.77,-177.14,-58.06,28.35,30.61,19.03,56,16,11638.9,226.3,89.0,126.3,3.81,2.73,21.9,44.73,34.98,AC,127,0.00262,0.00234,351,22.8,98.25,137.1,2167,Low
EV000018,2026-01-17 08:20:00,354.6,120.06,42.57,24.8,48.43,35.44,538,7,6800.2,224.5,29.8,58.4,2.62,6.86,13.71,66.74,52.28,DC,24,0.00689,0.00342,141,62.9,90.78,90.0,1635,Low
EV000198,2026-01-17 08:25:00,375.2,-156.72,-58.8,88.7,49.34,40.11,53,13,38459.3,77.5,68.2,92.7,4.19,7.76,13.42,62.15,55.26,AC,51,0.00379,0.00353,538,71.7,98.08,460.8,2030,Low
EV000171,2026-01-17 08:30:00,402.97,120.64,48.61,65.7,15.0,7.34,418,81,21323.6,57.5,65.0,113.5,1.06,4.64,16.96,29.39,20.63,DC,48,0.00522,0.00403,455,33.7,92.72,240.5,1734,Low
EV000044,2026-01-17 08:35:00,406.16,-70.79,-28.75,50.74,29.16,21.83,1263,364,26917.7,139.9,15.1,69.8,3.3,1.28,23.95,44.0,37.85,AC,77,0.00827,0.00537,508,38.5,79.73,195.5,1156,High
EV000255,2026-01-17 08:40:00,386.57,39.99,15.46,47.22,22.53,8.91,1583,718,51776.3,22.4,20.8,76.5,0.52,3.6,23.98,33.85,29.37,AC,131,0.012,0.00709,1089,79.0,73.09,199.4,654,High
EV000189,2026-01-17 08:45:00,406.89,53.39,21.72,66.73,17.86,8.46,1546,526,192922.4,157.7,116.4,169.5,3.42,3.07,22.06,36.63,26.03,DC,87,0.00867,0.00635,2909,76.1,72.06,275.7,732,High
EV000276,2026-01-17 08:50:00,400.92,108.06,43.32,20.57,43.03,31.19,465,269,102677.4,113.9,64.0,117.4,1.25,7.26,23.57,57.97,51.98,AC,32,0.00698,0.00424,1606,29.6,87.99,73.9,1466,Medium
EV000199,2026-01-17 08:55:00,374.4,-63.33,-23.71,34.32,32.33,24.78,255,87,85032.2,126.3,16.2,38.6,2.13,1.45,15.56,39.26,38.56,DC,15,0.00388,0.00263,3346,30.9,90.68,142.5,1675,Low
EV000072,2026-01-17 09:00:00,394.88,87.92,34.72,45.49,24.0,13.33,1123,589,77302.4,162.0,69.1,127.2,2.78,2.56,13.46,30.65,30.08,AC,104,0.00844,0.0062,1087,79.1,78.33,205.8,960,High
EV000111,2026-01-17 09:05:00,378.14,-18.52,-7.0,35.38,15.0,-8.78,306,164,220054.3,150.5,85.2,114.1,0.67,7.72,17.07,33.85,25.54,DC,120,0.00531,0.00289,3006,20.2,89.49,150.5,1566,Medium
EV000155,2026-01-17 09:10:00,338.46,3.73,1.26,46.14,48.27,35.28,810,282,35415.1,20.7,26.5,57.7,3.6,3.23,15.67,62.2,56.58,DC,152,0.00869,0.00544,1640,44.8,83.69,136.0,1359,Medium
EV000141,2026-01-17 09:15:00,347.21,193.01,67.01,60.09,15.0,0.36,689,111,36012.5,104.9,56.6,108.2,2.75,4.07,19.93,34.51,21.5,AC,82,0.0064,0.00501,613,88.3,90.24,322.6,1631,Low
EV000159,2026-01-17 09:20:00,358.28,-23.43,-8.39,84.38,17.71,5.93,1645,138,48514.8,183.1,84.7,112.0,0.27,7.89,21.64,29.65,31.59,DC,81,0.00918,0.00594,2032,42.1,76.88,291.7,864,High
EV000043,2026-01-17 09:25:00,325.74,-139.63,-45.48,38.24,30.7,14.12,551,73,96426.0,21.4,113.9,145.1,4.48,5.02,14.92,45.08,34.86,DC,146,0.00694,0.00376,2147,64.6,89.31,165.9,1628,Medium
EV000214,2026-01-17 09:30:00,379.12,83.34,31.6,43.6,15.0,-3.85,1270,332,26565.7,24.2,100.6,157.6,1.7,3.88,21.48,21.22,23.55,DC,75,0.00978,0.00559,866,21.5,79.92,128.4,1118,High
EV000288,2026-01-17 09:35:00,339.54,144.65,49.11,16.82,15.0,-1.16,425,138,88135.6,23.3,21.5,46.0,0.89,4.27,13.45,28.16,25.29,DC,175,0.00736,0.00341,1861,52.1,91.82,79.4,1700,Low
EV000017,2026-01-17 09:40:00,356.85,-203.82,-72.73,16.95,30.62,19.5,962,522,162844.7,228.7,53.9,87.8,0.68,1.04,20.07,47.13,43.59,DC,94,0.00815,0.00479,3164,71.4,78.02,74.4,921,High
EV000151,2026-01-17 09:45:00,391.1,146.44,57.27,49.44,19.19,6.68,1145,195,125649.2,165.2,96.5,128.8,1.04,3.46,16.36,32.4,32.31,DC,96,0.00893,0.00583,2384,33.1,80.41,141.5,1079,Medium
EV000051,2026-01-17 09:50:00,343.23,75.49,25.91,16.81,34.44,23.56,240,19,106953.3,82.0,115.5,148.8,0.41,7.8,23.63,46.98,39.19,DC,34,0.00521,0.00325,3029,42.7,90.95,76.2,1652,Low
EV000079,2026-01-17 09:55:00,385.27,-109.83,-42.31,20.3,32.61,22.03,815,98,89688.3,15.9,22.7,68.1,3.68,0.79,13.91,51.68,35.99,AC,135,0.00569,0.00439,1669,51.0,87.01,77.8,1408,Medium
EV000106,2026-01-17 10:00:00,322.96,51.95,16.78,18.77,15.0,-9.05,427,198,58225.8,83.0,91.5,133.4,3.3,2.96,14.97,26.93,22.6,AC,126,0.0046,0.00358,1496,24.2,91.61,66.5,1786,Low
EV000040,2026-01-17 10:05:00,379.2,31.62,11.99,6.75,21.94,11.95,967,47,152493.9,54.1,114.0,125.1,4.19,5.52,18.28,33.76,26.29,AC,37,0.00804,0.00447,2776,51.5,83.41,40.0,1286,Medium
EV000287,2026-01-17 10:10:00,361.08,141.44,51.07,75.31,52.01,36.94,1259,725,62254.4,23.3,80.8,106.0,3.87,7.47,15.68,68.9,56.89,DC,111,0.00845,0.00625,884,41.3,74.36,205.2,824,High
EV000026,2026-01-17 10:15:00,364.77,65.78,23.99,35.24,32.28,21.07,1624,280,58312.4,249.0,20.7,44.6,3.86,0.55,17.62,41.56,45.22,DC,58,0.01013,0.00589,947,54.9,75.05,106.9,844,High
EV000098,2026-01-17 10:20:00,320.15,-141.57,-45.32,61.35,34.29,19.75,1603,786,218502.9,66.2,44.1,80.3,2.76,2.02,21.91,40.29,37.8,AC,148,0.01126,0.00765,3180,71.5,67.16,212.3,354,High
EV000252,2026-01-17 10:25:00,330.76,-75.95,-25.12,80.36,33.92,26.9,404,113,51888.7,89.3,68.1,111.2,4.39,2.32,22.38,49.68,43.42,AC,68,0.00612,0.00348,2067,41.9,91.25,407.2,1688,Low
EV000121,2026-01-17 10:30:00,403.85,-108.13,-43.67,45.46,15.0,-0.37,1084,351,106106.1,53.1,109.3,149.5,0.8,1.56,12.29,21.86,23.66,DC,160,0.00872,0.00512,2196,33.6,80.49,208.8,1090,Medium
EV000045,2026-01-17 10:35:00,401.61,-123.15,-49.46,55.03,20.4,14.93,501,233,70516.3,92.7,107.1,144.6,1.0,7.89,14.77,37.19,24.85,AC,116,0.00567,0.00397,1142,63.3,90.78,290.0,1650,Low
EV000029,2026-01-17 10:40:00,400.15,-146.78,-58.73,90.49,15.0,6.37,405,149,11622.7,173.9,116.8,141.3,2.15,0.82,22.93,24.74,26.15,DC,53,0.00458,0.00327,318,52.6,93.34,332.3,1832,Low
EV000246,2026-01-17 10:45:00,379.49,24.76,9.4,79.55,15.0,-2.74,1478,590,26386.7,63.9,47.2,97.6,0.88,5.08,12.07,25.84,23.19,DC,82,0.01049,0.0065,812,24.0,75.11,251.3,828,High
EV000074,2026-01-17 10:50:00,336.39,76.38,25.69,44.93,15.0,5.14,1702,771,12325.3,218.7,77.3,113.1,3.0,2.79,15.1,34.96,19.16,DC,158,0.01013,0.00701,185,81.7,72.5,135.6,742,High
EV000004,2026-01-17 10:55:00,365.33,12.73,4.65,58.07,15.0,-4.2,1254,534,142380.2,21.1,23.3,71.9,2.65,3.97,20.14,23.35,29.14,DC,142,0.00704,0.00592,3296,52.6,74.22,254.3,731,High
EV000018,2026-01-17 11:00:00,321.76,134.82,43.38,13.11,15.29,-0.3,1517,729,51942.0,193.1,74.7,97.9,4.44,5.72,13.41,31.98,29.9,DC,172,0.0113,0.00669,1665,28.6,71.85,50.0,595,High
EV000004,2026-01-17 11:05:00,389.42,74.92,29.18,96.87,17.68,0.72,563,11,73826.6,120.2,37.0,96.3,4.0,3.66,16.56,27.28,28.85,DC,156,0.0069,0.00372,3090,33.8,88.75,335.5,1611,Medium
EV000218,2026-01-17 11:10:00,397.15,196.07,77.87,67.42,32.79,16.3,83,5,17050.0,120.1,41.0,79.3,2.21,5.44,19.26,45.42,39.57,AC,28,0.00441,0.00275,443,84.0,97.4,272.1,2074,Low
EV000029,2026-01-17 11:15:00,371.65,62.18,23.11,50.41,32.6,20.28,1371,619,135077.5,247.7,35.7,68.7,0.8,7.35,23.0,47.47,35.91,DC,142,0.00881,0.00616,2982,61.3,73.11,144.2,679,High
EV000202,2026-01-17 11:20:00,337.97,-186.21,-62.93,18.67,49.95,35.84,1499,593,1702.5,79.6,118.7,173.7,2.33,7.02,16.27,58.97,63.45,DC,170,0.00901,0.00611,34,90.4,75.47,78.7,820,High
EV000060,2026-01-17 11:25:00,329.3,174.31,57.4,27.57,33.33,20.31,124,57,138926.0,236.1,81.4,106.6,2.14,4.83,12.99,43.02,45.17,AC,91,0.00308,0.00345,1978,42.7,93.96,113.2,1852,Low
EV000022,2026-01-17 11:30:00,334.93,165.22,55.34,51.17,15.0,3.86,688,351,94076.7,151.2,102.4,148.6,4.41,3.66,13.8,22.13,26.08,AC,50,0.00533,0.00498,2429,35.8,84.81,188.9,1422,Medium
EV000085,2026-01-17 11:35:00,324.64,-211.28,-68.59,61.44,15.0,-8.26,423,220,202781.5,208.5,76.3,91.1,4.23,1.7,22.12,26.91,27.03,DC,48,0.00755,0.00355,3193,42.0,89.04,312.8,1586,Medium
EV000262,2026-01-17 11:40:00,336.55,46.99,15.82,45.9,32.56,25.19,1671,43,211452.9,169.1,75.2,91.3,3.87,5.63,20.35,40.66,45.65,DC,165,0.01245,0.00654,2844,40.8,75.32,179.9,885,High
EV000192,2026-01-17 11:45:00,388.11,154.24,59.86,13.62,15.0,-8.77,812,78,91741.2,182.4,54.8,76.6,4.47,0.48,15.16,33.19,24.6,AC,121,0.00821,0.00381,1239,88.0,88.24,70.2,1625,Medium
EV000257,2026-01-17 11:50:00,348.78,-29.51,-10.29,54.82,15.0,-0.45,834,54,245417.9,140.2,68.8,92.0,4.37,5.55,12.14,24.05,19.3,AC,31,0.00902,0.00515,3577,43.2,84.63,204.1,1353,Medium
EV000097,2026-01-17 11:55:00,350.97,-143.05,-50.2,36.27,15.0,-2.56,760,381,41747.4,74.0,59.4,96.2,1.26,2.86,17.36,23.76,27.58,AC,137,0.00823,0.00402,977,34.4,85.54,114.3,1417,Medium
EV000151,2026-01-17 12:00:00,361.64,-58.78,-21.26,35.59,15.0,-9.23,1443,517,180371.5,111.1,73.8,127.4,1.89,1.68,12.36,34.45,27.04,AC,65,0.00799,0.00576,3361,63.6,72.75,150.0,641,High
EV000202,2026-01-17 12:05:00,386.1,10.3,3.98,25.98,19.91,8.25,972,476,189965.0,56.4,66.5,110.0,0.99,5.08,14.27,26.22,34.02,AC,152,0.00678,0.00566,2839,87.8,79.68,105.7,1027,High
EV000291,2026-01-17 12:10:00,351.44,-3.67,-1.29,28.54,32.04,15.85,599,181,98574.9,231.2,39.3,57.7,4.07,3.56,12.9,48.84,35.86,DC,150,0.00768,0.0036,2372,29.7,86.71,106.3,1389,Medium
EV000057,2026-01-17 12:15:00,377.4,-199.19,-75.17,71.78,22.08,13.06,762,393,16191.8,51.3,109.8,165.5,1.77,3.3,20.56,34.06,31.65,DC,109,0.00824,0.00536,596,87.4,84.91,355.2,1407,Medium
EV000036,2026-01-17 12:20:00,362.68,134.87,48.91,91.44,44.56,38.13,1723,694,63741.9,198.8,49.7,67.3,4.02,4.2,21.64,56.21,53.2,AC,95,0.01276,0.00696,2507,56.7,67.96,326.3,463,High
EV000048,2026-01-17 12:25:00,373.27,39.44,14.72,75.2,36.11,21.47,1369,454,50453.0,108.2,78.0,105.5,0.7,3.63,12.34,42.47,40.78,AC,25,0.00789,0.00643,1450,74.5,76.25,327.0,847,High
EV000030,2026-01-17 12:30:00,356.18,-77.35,-27.55,77.43,20.52,12.17,1447,398,46046.7,170.0,112.9,165.6,1.97,5.41,14.87,32.89,30.11,AC,125,0.00914,0.00651,781,41.3,76.49,304.3,945,High
EV000037,2026-01-17 12:35:00,356.64,-34.22,-12.2,82.98,47.09,34.73,1654,47,152387.5,40.9,44.2,64.2,2.3,5.27,13.29,65.39,57.68,DC,44,0.00993,0.00565,3183,70.3,72.43,287.7,690,High
EV000083,2026-01-17 12:40:00,377.59,15.66,5.91,24.53,31.86,21.08,670,370,181552.9,151.9,79.1,100.3,2.79,6.34,24.4,51.24,35.36,DC,73,0.00861,0.00505,2978,26.4,84.01,85.2,1398,Medium
EV000256,2026-01-17 12:45:00,351.14,-146.12,-51.31,87.28,15.0,-5.82,1475,303,203388.6,9.5,42.6,90.4,2.84,2.12,20.25,21.17,23.54,DC,35,0.0088,0.00618,3117,46.5,73.92,236.0,713,High
EV000121,2026-01-17 12:50:00,379.17,39.15,14.84,43.81,26.42,17.5,929,516,236502.6,177.0,28.1,72.2,3.91,7.47,21.83,43.83,30.56,AC,53,0.00722,0.0053,3539,30.5,79.11,136.7,1102,High
EV000299,2026-01-17 12:55:00,375.77,-163.25,-61.34,80.38,32.2,25.03,1582,558,22463.0,176.6,78.2,124.0,3.29,7.88,19.5,42.53,45.08,DC,135,0.00856,0.00611,555,82.7,73.28,304.4,781,High
EV000113,2026-01-17 13:00:00,357.99,-181.55,-64.99,99.4,52.68,36.8,1541,461,30923.5,26.0,111.9,149.6,3.63,2.76,19.41,68.03,56.36,AC,80,0.01141,0.00663,417,54.5,73.3,349.9,681,High
EV000227,2026-01-17 13:05:00,335.24,66.4,22.26,12.52,15.0,-8.49,529,264,26116.3,242.5,118.7,138.3,0.36,7.09,14.96,29.89,21.69,DC,29,0.00792,0.00361,1233,30.3,90.16,55.2,1731,Low
EV000168,2026-01-17 13:10:00,381.43,-71.79,-27.38,25.58,19.92,9.48,818,341,17147.6,60.8,25.5,83.7,1.99,2.29,22.47,39.05,26.95,AC,149,0.00654,0.00535,745,33.5,85.61,98.5,1389,Medium
EV000122,2026-01-17 13:15:00,390.62,64.77,25.3,72.1,53.81,36.89,192,20,64081.0,46.7,47.4,99.3,4.02,5.83,20.01,60.87,65.91,AC,116,0.00592,0.00245,981,30.2,93.5,363.8,1919,Low
EV000052,2026-01-17 13:20:00,354.04,134.43,47.59,13.52,26.11,8.8,903,386,49477.3,86.1,34.6,50.7,2.7,1.99,14.63,36.59,41.01,AC,156,0.00819,0.00559,2349,37.7,81.93,46.6,1142,Medium
EV000274,2026-01-17 13:25:00,338.71,53.83,18.23,11.5,15.0,-9.59,764,413,89475.0,99.5,84.4,114.3,0.48,2.11,14.04,32.6,20.25,AC,138,0.00572,0.00431,2873,42.7,82.03,50.8,1269,Medium
EV000245,2026-01-17 13:30:00,345.28,-143.16,-49.43,83.96,36.65,24.54,1538,0,137054.8,157.1,67.0,124.0,0.41,4.13,17.4,54.55,45.47,AC,18,0.01158,0.00625,2394,76.4,78.62,358.7,1048,High
EV000182,2026-01-17 13:35:00,380.91,-99.98,-38.08,19.82,15.0,-3.27,733,315,50652.1,66.2,34.5,76.3,4.46,0.77,16.81,26.31,21.93,AC,173,0.00671,0.00459,2351,61.0,84.62,90.4,1396,Medium
EV000006,2026-01-17 13:40:00,340.42,-123.33,-41.98,42.85,35.0,17.82,33,11,53326.5,5.5,20.9,49.4,4.23,0.02,12.47,48.76,43.93,AC,159,0.00384,0.00277,1032,75.3,98.06,213.0,2150,Low
EV000169,2026-01-17 13:45:00,395.01,-45.02,-17.78,90.66,15.0,-8.01,193,83,177885.5,77.5,93.0,105.9,2.63,5.47,18.52,29.93,18.08,AC,35,0.00337,0.00382,3012,53.8,92.61,470.9,1804,Low
EV000235,2026-01-17 13:50:00,349.37,214.67,75.0,82.37,33.05,18.32,1182,299,104470.2,13.2,82.3,104.9,3.1,7.86,12.8,52.3,46.74,DC,91,0.00801,0.00584,3347,94.8,77.93,373.5,951,High
EV000050,2026-01-17 13:55:00,367.02,-25.87,-9.5,96.35,36.48,23.31,1169,44,11726.1,77.0,67.3,96.0,3.27,7.56,16.99,52.16,46.64,AC,41,0.00956,0.00499,370,51.8,83.66,286.5,1306,Medium
EV000233,2026-01-17 14:00:00,363.0,-11.93,-4.33,56.63,15.0,-8.59,373,222,23969.0,240.7,64.1,90.8,1.75,2.87,17.28,34.47,26.17,AC,28,0.00721,0.00384,879,65.1,91.17,259.9,1679,Low
EV000270,2026-01-17 14:05:00,353.63,211.85,74.92,90.91,25.52,11.4,205,73,36177.4,76.9,105.8,158.8,2.59,4.87,18.86,44.43,36.66,DC,18,0.00436,0.00296,666,78.1,95.85,389.6,1996,Low
EV000251,2026-01-17 14:10:00,397.84,187.33,74.53,29.74,35.28,21.51,1246,501,229396.8,223.6,44.2,80.5,2.71,1.03,19.94,50.37,38.77,AC,122,0.00806,0.00652,2970,87.1,75.97,129.7,885,High
EV000058,2026-01-17 14:15:00,402.63,-104.7,-42.15,37.55,15.0,-8.81,1160,295,29251.5,148.6,76.5,122.2,3.77,5.49,17.57,31.17,27.82,DC,66,0.008,0.00512,1330,83.0,80.76,170.2,1217,Medium
EV000180,2026-01-17 14:20:00,380.65,-122.57,-46.66,51.55,15.0,-0.17,1685,954,75017.4,115.0,77.8,107.6,1.98,4.79,21.42,22.08,18.03,AC,135,0.00989,0.00667,1062,26.6,68.14,129.4,417,High
EV000053,2026-01-17 14:25:00,407.11,103.53,42.15,31.81,24.47,14.22,277,127,38282.2,16.5,85.5,100.2,2.28,5.81,17.46,32.15,36.83,DC,150,0.00654,0.00386,1443,79.5,94.14,155.8,1927,Low
EV000052,2026-01-17 14:30:00,329.87,191.54,63.18,50.23,48.18,32.42,723,273,85996.1,27.5,112.8,148.3,3.79,4.03,19.1,62.45,58.53,DC,100,0.00706,0.00488,1600,73.8,85.63,194.7,1374,Medium
EV000267,2026-01-17 14:35:00,364.91,-90.74,-33.11,52.9,15.0,-2.2,1400,179,101469.6,25.0,87.3,129.7,1.17,1.09,22.26,23.57,24.86,DC,142,0.01067,0.00503,3335,43.4,75.71,219.9,902,High
EV000218,2026-01-17 14:40:00,330.43,-54.13,-17.89,99.15,15.0,-9.62,223,84,123201.4,192.7,57.8,113.1,1.11,0.69,20.17,34.18,22.85,AC,102,0.0029,0.00306,1622,22.0,93.91,331.4,1907,Low
EV000168,2026-01-17 14:45:00,349.97,135.91,47.56,20.1,15.0,1.19,432,167,178324.1,225.4,24.4,82.9,3.94,6.2,23.51,25.24,20.19,AC,77,0.00433,0.00319,3460,70.1,88.98,71.4,1614,Medium
EV000087,2026-01-17 14:50:00,332.95,-152.4,-50.74,5.86,15.0,8.98,693,333,82422.9,202.3,59.8,87.7,1.58,6.88,22.9,21.43,27.65,DC,141,0.00608,0.00465,1511,38.6,86.46,40.0,1529,Medium
EV000219,2026-01-17 14:55:00,404.5,99.2,40.13,84.66,37.7,32.96,1351,483,135943.4,55.5,91.7,119.0,2.59,5.8,16.94,44.65,49.63,DC,56,0.01106,0.00646,3080,60.9,74.2,237.4,764,High
EV000006,2026-01-17 15:00:00,335.55,-70.94,-23.8,9.97,41.72,34.31,1677,665,59231.3,143.6,80.8,126.7,3.17,6.66,19.46,48.34,47.92,DC,16,0.01268,0.00632,2498,43.0,68.11,40.0,476,High
EV000263,2026-01-17 15:05:00,389.14,-87.69,-34.12,24.05,21.02,6.16,481,128,15367.5,23.4,27.3,63.9,3.65,6.53,23.08,30.25,25.85,AC,147,0.00679,0.00447,337,54.5,92.25,95.8,1847,Low
EV000005,2026-01-17 15:10:00,334.4,127.24,42.55,35.52,15.0,-1.73,1628,765,13808.7,160.5,78.3,110.2,1.19,6.71,19.43,24.4,20.48,AC,115,0.01243,0.00699,191,58.0,71.35,151.5,688,High
EV000074,2026-01-17 15:15:00,333.0,115.85,38.58,67.78,32.28,28.22,469,34,41143.9,4.7,95.1,117.7,2.7,1.08,17.13,38.46,38.18,AC,71,0.00533,0.00371,1679,45.5,90.84,360.8,1745,Low
EV000186,2026-01-17 15:20:00,326.17,137.15,44.73,37.83,15.0,3.64,1003,412,120821.1,155.3,106.4,154.8,2.15,2.19,15.5,27.81,25.12,DC,20,0.00813,0.00478,2689,66.3,79.75,174.3,1093,High
EV000219,2026-01-17 15:25:00,399.71,-194.88,-77.9,14.19,15.0,-7.82,1290,630,2747.5,197.9,49.5,73.5,0.54,1.88,23.58,26.12,24.43,AC,66,0.01012,0.00628,36,27.5,78.99,43.8,1118,High
EV000218,2026-01-17 15:30:00,368.99,-101.22,-37.35,50.84,35.59,19.39,207,65,53844.4,205.5,43.0,88.6,3.05,7.29,12.94,41.72,39.05,AC,179,0.00604,0.0027,1482,28.2,93.38,221.9,1858,Low
EV000015,2026-01-17 15:35:00,392.4,-114.99,-45.12,55.22,15.96,6.32,547,129,62946.2,5.2,115.1,155.4,4.24,0.97,22.82,35.31,30.64,DC,170,0.00589,0.00374,2174,58.4,89.34,241.1,1676,Medium
EV000240,2026-01-17 15:40:00,369.23,-147.08,-54.31,67.64,40.5,35.38,1243,529,50986.3,20.2,45.6,85.7,4.25,3.2,19.37,60.2,52.82,AC,126,0.00756,0.0053,1576,24.8,76.39,208.0,913,High
EV000262,2026-01-17 15:45:00,393.58,-189.0,-74.39,33.9,30.8,27.78,606,343,130260.8,32.1,109.6,138.2,1.56,1.76,19.02,48.74,39.64,AC,79,0.00603,0.00445,1926,46.0,86.77,164.0,1462,Medium
EV000088,2026-01-17 15:50:00,400.68,138.45,55.48,36.96,15.0,-4.86,567,131,199456.5,236.4,56.0,113.4,0.29,6.04,15.75,34.93,24.7,AC,153,0.00555,0.00444,3135,79.4,87.03,167.0,1514,Medium
EV000082,2026-01-17 15:55:00,353.93,172.19,60.94,41.04,26.64,12.59,1723,711,125828.4,200.3,47.3,93.5,1.22,2.22,13.75,42.05,36.65,AC,75,0.01146,0.00725,2752,92.5,67.63,129.9,342,High
EV000097,2026-01-17 16:00:00,374.01,-19.89,-7.44,12.75,33.8,16.98,1021,362,43319.7,63.1,114.6,166.1,1.83,4.95,12.47,48.25,40.13,AC,161,0.00847,0.0046,776,27.1,83.24,63.0,1339,Medium
EV000096,2026-01-17 16:05:00,376.71,23.71,8.93,63.76,41.11,33.51,561,229,22220.6,187.3,100.1,126.7,3.05,0.8,20.99,49.91,52.85,DC,117,0.00668,0.00362,412,68.3,88.78,225.9,1543,Medium
EV000064,2026-01-17 16:10:00,328.94,-15.09,-4.96,64.38,15.0,-2.14,1781,1044,117266.5,246.6,26.1,41.7,0.42,4.73,21.92,27.3,25.65,AC,168,0.01126,0.00753,3588,38.7,63.85,170.6,145,High
EV000132,2026-01-17 16:15:00,358.66,-4.53,-1.63,72.37,44.66,29.73,968,506,124281.3,136.3,70.0,128.1,4.28,6.08,24.32,61.0,51.89,DC,119,0.00842,0.00527,2301,23.4,77.62,269.9,1035,High
EV000253,2026-01-17 16:20:00,334.94,-145.25,-48.65,58.86,20.93,6.0,436,35,69656.3,24.6,98.5,122.8,3.96,2.29,13.85,30.43,26.54,DC,92,0.00755,0.00398,1371,43.5,93.15,292.3,1880,Low
EV000140,2026-01-17 16:25:00,360.45,127.22,45.86,15.78,15.0,3.36,1525,687,105465.9,226.9,113.6,154.7,2.6,5.59,20.48,33.04,27.79,AC,171,0.0102,0.0068,2925,54.9,70.51,54.7,535,High
EV000227,2026-01-17 16:30:00,387.8,170.51,66.12,56.37,15.0,5.29,1797,488,110394.3,248.2,23.8,80.1,1.97,1.62,21.53,23.91,28.76,AC,164,0.01139,0.0073,2108,34.5,70.39,205.6,524,High
EV000179,2026-01-17 16:35:00,335.99,-203.03,-68.22,84.21,22.96,8.8,1142,64,123086.7,152.8,38.3,94.9,2.17,5.02,16.94,31.34,30.58,AC,111,0.00805,0.00503,2251,78.2,82.99,282.2,1233,Medium
EV000259,2026-01-17 16:40:00,368.17,-16.04,-5.9,50.0,52.56,35.47,682,352,67885.7,15.9,102.2,120.1,3.22,0.83,17.59,66.37,63.58,DC,45,0.00598,0.00399,2979,46.4,82.69,161.1,1306,Medium
EV000085,2026-01-17 16:45:00,348.04,-134.75,-46.9,70.16,37.01,29.37,1346,625,145674.8,31.2,19.8,30.2,0.92,2.79,15.33,43.84,43.09,AC,92,0.00911,0.00564,2245,30.9,72.64,297.2,628,High
EV000255,2026-01-17 16:50:00,395.05,213.83,84.47,76.49,15.0,-4.86,994,445,150768.9,30.8,116.9,166.0,0.67,6.33,22.1,28.03,27.24,DC,158,0.00871,0.00511,3188,48.6,79.12,351.8,1058,High
EV000162,2026-01-17 16:55:00,403.33,10.56,4.26,51.55,39.74,22.57,1421,787,111493.4,201.4,112.8,138.9,2.47,0.92,12.3,50.32,45.92,AC,32,0.01062,0.00709,1463,81.0,71.35,187.3,653,High
EV000074,2026-01-17 17:00:00,384.77,-109.39,-42.09,33.14,44.16,30.62,792,184,155003.3,211.0,78.9,97.4,3.24,5.38,14.04,61.88,56.59,DC,47,0.00783,0.00476,3599,93.3,81.2,103.5,1106,Medium
EV000019,2026-01-17 17:05:00,338.34,29.36,9.93,21.28,26.59,14.05,1395,90,21314.8,86.8,31.2,77.5,1.15,4.68,14.86,45.28,31.87,AC,119,0.01103,0.00546,668,79.0,82.31,63.7,1262,Medium
EV000213,2026-01-17 17:10:00,378.57,-209.13,-79.17,48.77,32.3,24.81,54,33,79240.1,128.7,95.1,109.8,4.36,1.6,19.74,49.91,35.72,DC,111,0.00418,0.00307,2388,46.2,96.31,248.6,2063,Low
EV000076,2026-01-17 17:15:00,330.47,54.71,18.08,21.65,42.89,36.14,1728,234,26722.5,71.4,49.2,85.8,4.47,4.88,24.29,61.35,54.39,DC,50,0.01103,0.0072,688,50.4,74.15,57.4,742,High
EV000094,2026-01-17 17:20:00,360.31,154.32,55.6,84.66,41.02,30.22,16,9,124169.5,153.2,51.5,75.3,3.44,7.86,14.57,59.32,51.32,DC,92,0.00543,0.0029,3217,53.5,94.21,394.2,1914,Low
EV000054,2026-01-17 17:25:00,404.8,54.53,22.07,26.61,30.12,21.65,1484,206,139647.1,110.2,64.1,120.2,3.33,3.57,22.46,45.76,44.47,DC,148,0.00908,0.00544,3117,86.0,75.12,100.0,846,High
EV000040,2026-01-17 17:30:00,364.62,81.44,29.69,71.05,15.0,-6.04,1760,819,129662.2,93.2,36.1,84.5,3.58,1.22,24.28,24.22,25.95,AC,165,0.01199,0.00771,2107,77.5,68.56,200.7,413,High
EV000079,2026-01-17 17:35:00,387.11,-121.1,-46.88,40.85,33.24,19.74,1760,774,54990.0,196.0,81.2,119.9,1.66,5.86,22.2,38.81,47.82,DC,65,0.01295,0.00713,1097,54.3,69.44,123.9,482,High
EV000009,2026-01-17 17:40:00,325.17,25.78,8.38,86.98,37.72,30.31,977,273,8963.5,190.7,15.2,47.8,1.49,2.27,12.15,50.52,41.49,DC,80,0.00951,0.00576,145,35.2,84.29,319.6,1367,Medium
EV000039,2026-01-17 17:45:00,337.92,-11.02,-3.72,55.45,17.0,7.04,1783,865,22412.2,143.1,67.1,103.6,3.56,3.0,13.5,26.68,25.21,DC,22,0.01238,0.00677,706,68.0,68.14,210.2,459,High
EV000243,2026-01-17 17:50:00,375.25,47.57,17.85,37.45,36.09,23.6,533,285,39498.8,184.6,109.5,142.4,3.5,6.83,24.52,43.99,40.61,DC,180,0.00743,0.00372,611,42.3,88.67,180.9,1511,Medium
EV000014,2026-01-17 17:55:00,372.55,4.72,1.76,12.61,48.28,33.03,1475,71,127785.2,84.5,33.8,59.6,0.28,6.35,17.51,56.37,57.09,AC,175,0.00802,0.00619,1605,71.1,77.04,52.3,886,High
EV000249,2026-01-17 18:00:00,379.46,-137.45,-52.16,84.95,47.64,35.7,1661,488,179822.7,2.6,39.7,78.3,3.77,4.24,20.41,67.06,53.58,AC,92,0.00917,0.00669,2851,81.0,68.94,229.3,424,High
EV000210,2026-01-17 18:05:00,340.71,-64.82,-22.09,78.22,17.14,11.91,358,81,134131.1,50.4,94.4,130.6,2.33,5.97,19.22,29.12,21.02,AC,43,0.00441,0.00318,1879,33.0,92.61,315.3,1833,Low
EV000293,2026-01-17 18:10:00,355.31,174.79,62.1,94.57,23.98,8.16,1226,66,55356.3,135.9,83.5,131.9,4.08,1.67,19.73,32.14,36.23,DC,42,0.00829,0.00494,2707,75.6,80.36,363.5,1190,Medium
EV000220,2026-01-17 18:15:00,389.46,-206.42,-80.39,38.29,35.0,25.65,1516,515,31216.0,122.1,86.2,138.4,1.45,6.05,19.7,43.58,38.19,DC,20,0.01183,0.00575,1403,41.7,73.8,166.0,721,High
EV000149,2026-01-17 18:20:00,357.33,178.35,63.73,39.84,45.95,39.72,1052,608,213374.5,129.6,35.8,73.0,2.64,3.0,13.89,59.34,55.91,AC,99,0.00807,0.00526,2748,73.9,75.84,148.1,820,High
EV000145,2026-01-17 18:25:00,345.38,-169.25,-58.45,65.8,16.98,8.28,1448,133,24667.6,119.8,99.5,155.8,1.26,7.17,22.71,33.0,23.78,AC,74,0.01153,0.00583,346,87.0,81.5,244.2,1189,Medium
EV000229,2026-01-17 18:30:00,392.94,158.85,62.42,73.46,54.55,40.47,743,263,79844.6,36.8,82.5,141.1,0.67,7.42,23.84,71.62,62.15,AC,161,0.00667,0.00447,2210,79.6,83.9,357.7,1337,Medium
EV000279,2026-01-17 18:35:00,368.32,203.74,75.04,50.86,16.3,1.58,1132,604,245884.5,109.8,39.0,87.9,1.0,4.57,20.27,29.2,30.84,DC,51,0.00929,0.00585,3406,56.5,74.47,189.9,806,High
EV000139,2026-01-17 18:40:00,337.54,-127.2,-42.93,60.13,28.12,18.67,1647,439,72362.1,105.9,105.8,162.7,0.25,3.63,13.98,40.42,40.14,DC,129,0.00975,0.00732,1963,72.6,73.87,196.2,780,High
EV000036,2026-01-17 18:45:00,327.21,72.08,23.58,52.3,38.07,27.72,328,178,93794.4,74.7,28.6,84.6,1.15,1.93,17.79,46.51,43.63,DC,165,0.00696,0.00416,2442,85.1,90.46,249.3,1688,Low
EV000177,2026-01-17 18:50:00,343.79,-14.1,-4.85,53.66,15.74,9.41,1018,433,67148.8,236.8,84.9,133.6,2.18,4.83,24.62,30.59,26.58,DC,40,0.0071,0.00537,1925,84.4,79.74,233.7,1030,High
EV000221,2026-01-17 18:55:00,393.63,-146.32,-57.6,96.66,21.9,15.47,563,81,99696.2,187.0,62.4,90.9,1.14,0.52,24.8,39.02,27.72,AC,117,0.00561,0.00415,1957,93.6,89.15,463.8,1569,Medium
EV000178,2026-01-17 19:00:00,321.91,213.07,68.59,12.7,38.12,20.24,1278,615,8631.3,232.7,64.0,90.4,1.62,4.42,16.42,54.54,48.7,AC,180,0.01061,0.00598,235,51.6,77.77,51.9,1010,High
EV000023,2026-01-17 19:05:00,347.74,-198.75,-69.11,24.97,18.58,7.56,1204,718,17537.4,162.1,60.5,75.6,1.1,5.8,18.06,27.09,24.29,DC,130,0.00927,0.0057,503,29.4,78.51,117.2,939,High
EV000026,2026-01-17 19:10:00,382.68,-150.65,-57.65,23.83,47.57,41.92,1241,525,44890.0,58.9,44.7,70.3,3.4,5.94,24.47,59.92,50.68,AC,25,0.00813,0.00595,1692,80.8,77.09,75.6,865,High
EV000193,2026-01-17 19:15:00,384.09,-85.69,-32.91,5.47,41.81,27.06,1227,718,191772.5,67.0,99.8,140.9,1.13,2.31,18.53,55.06,54.7,DC,100,0.00857,0.00633,2914,67.6,72.39,40.0,622,High
EV000035,2026-01-17 19:20:00,374.3,-106.98,-40.04,68.7,38.95,28.67,1670,686,10954.4,112.7,67.0,86.0,0.66,0.91,17.48,51.63,47.5,DC,114,0.00939,0.00679,313,82.2,71.08,257.7,578,High
EV000086,2026-01-17 19:25:00,375.85,-140.91,-52.96,98.11,25.89,16.81,1289,374,166976.4,23.3,114.2,166.8,0.87,0.3,20.07,33.11,33.03,AC,129,0.00831,0.00541,2330,90.4,77.74,443.5,985,High
EV000206,2026-01-17 19:30:00,320.75,-171.89,-55.13,11.74,50.01,38.09,796,440,129338.0,177.5,91.2,110.2,3.27,1.44,21.2,64.42,55.69,DC,31,0.00716,0.00494,2858,36.6,80.67,40.0,1176,Medium
EV000080,2026-01-17 19:35:00,363.3,123.75,44.96,58.11,17.84,12.54,489,198,84113.5,72.7,114.8,148.9,4.25,2.79,12.05,26.3,30.89,AC,35,0.00502,0.00405,1209,21.9,90.91,290.0,1670,Low
EV000082,2026-01-17 19:40:00,385.08,57.11,21.99,49.84,15.0,-2.24,1045,159,118549.7,69.5,101.5,115.2,3.82,2.16,17.15,25.92,25.47,AC,72,0.00745,0.00517,1596,57.3,84.18,210.3,1265,Medium
EV000295,2026-01-17 19:45:00,322.73,-96.67,-31.2,31.91,39.78,29.12,446,182,32388.9,142.0,112.9,134.2,3.64,5.74,21.42,55.78,43.83,DC,166,0.00775,0.0033,624,69.7,92.09,170.8,1737,Low
EV000083,2026-01-17 19:50:00,375.82,-140.73,-52.89,80.73,40.21,35.55,502,60,2831.8,103.7,89.1,117.6,2.82,7.32,23.02,47.37,51.36,DC,161,0.00429,0.00443,103,53.4,92.1,423.7,1713,Low
EV000162,2026-01-17 19:55:00,398.37,-166.34,-66.26,66.34,17.94,4.84,1642,447,108358.5,152.0,28.7,84.0,1.3,6.21,16.52,27.29,22.32,AC,81,0.00931,0.00728,1666,39.6,72.28,253.8,696,High
EV000008,2026-01-17 20:00:00,382.48,54.63,20.9,17.68,44.15,29.6,121,6,66014.2,120.4,18.5,53.3,2.71,4.42,12.87,58.45,52.41,DC,36,0.00523,0.00348,2141,21.1,94.63,89.8,1849,Low
EV000037,2026-01-17 20:05:00,342.56,141.29,48.4,98.0,30.17,14.03,424,156,110769.7,172.8,87.0,139.9,1.83,5.87,16.47,40.23,35.29,DC,152,0.00417,0.00367,2003,26.3,91.37,470.9,1650,Low
EV000014,2026-01-17 20:10:00,352.13,-101.28,-35.66,20.63,46.97,33.8,1146,633,35810.7,172.7,67.0,106.7,3.4,2.39,18.63,60.24,55.8,DC,111,0.00821,0.00568,1017,74.7,77.85,76.8,912,High
EV000165,2026-01-17 20:15:00,366.12,-36.69,-13.43,89.73,35.49,26.95,204,16,8689.8,164.6,74.1,121.8,2.85,3.88,24.59,40.76,39.45,AC,45,0.00308,0.0034,252,72.6,96.15,356.3,1948,Low
EV000250,2026-01-17 20:20:00,328.03,3.84,1.26,75.56,42.53,27.49,190,30,28213.0,70.4,94.6,136.7,4.11,6.87,14.49,59.44,50.09,DC,155,0.00279,0.00374,694,55.4,95.52,426.4,1926,Low
EV000280,2026-01-17 20:25:00,349.1,-179.89,-62.8,59.7,19.36,14.95,1377,798,2107.1,29.8,51.2,81.2,1.16,3.33,17.07,35.67,32.89,AC,104,0.00809,0.00647,51,75.5,74.74,159.0,835,High
EV000216,2026-01-17 20:30:00,361.59,212.22,76.74,38.89,30.47,13.8,1054,132,89993.9,53.7,69.6,108.6,2.68,2.36,23.56,39.27,42.57,AC,93,0.01006,0.00526,1728,74.5,82.3,161.4,1174,Medium
EV000177,2026-01-17 20:35:00,403.4,-11.72,-4.73,64.54,35.36,30.37,667,143,104830.8,157.5,96.1,129.3,0.39,3.21,12.87,46.81,50.36,AC,176,0.00487,0.00436,1428,61.9,88.87,241.0,1559,Medium
EV000168,2026-01-17 20:40:00,324.32,-112.29,-36.42,64.55,23.71,14.23,630,370,149682.7,161.5,106.2,147.7,1.91,0.29,20.22,34.38,37.0,DC,32,0.00655,0.0052,3498,61.5,82.84,310.9,1252,Medium
EV000264,2026-01-17 20:45:00,347.02,-126.89,-44.03,92.88,15.0,-0.18,1269,127,109870.4,135.6,77.4,88.7,1.85,2.76,23.87,33.76,23.19,DC,89,0.00965,0.00581,2695,30.2,78.34,260.8,1010,High
EV000016,2026-01-17 20:50:00,325.84,-60.07,-19.57,60.15,16.85,0.93,344,81,7895.0,161.3,98.1,108.5,0.94,6.27,16.13,23.43,24.87,DC,76,0.00697,0.00298,340,38.1,93.46,315.1,1914,Low
EV000278,2026-01-17 20:55:00,346.64,219.61,76.12,42.71,29.71,16.72,1219,220,101677.4,41.3,25.7,57.4,1.16,2.75,20.44,35.19,33.14,DC,148,0.00854,0.0048,2901,74.9,78.88,126.0,1024,High
EV000184,2026-01-17 21:00:00,325.5,135.22,44.01,91.37,30.27,21.14,808,177,58162.5,103.3,87.5,141.9,3.6,4.27,15.14,36.79,44.32,AC,85,0.00547,0.00393,753,88.6,86.77,350.3,1433,Medium
EV000117,2026-01-17 21:05:00,322.01,-160.03,-51.53,47.08,57.83,41.47,631,81,134006.0,204.9,56.4,79.5,0.86,0.32,15.57,66.4,69.43,DC,69,0.00582,0.004,2695,21.2,86.01,216.0,1446,Medium
EV000071,2026-01-17 21:10:00,401.4,161.61,64.87,14.65,28.98,14.69,683,130,3597.9,218.2,109.3,162.7,0.21,3.21,13.0,44.16,36.28,DC,24,0.0074,0.00415,51,85.2,90.43,72.8,1597,Low
EV000003,2026-01-17 21:15:00,404.21,53.78,21.74,84.89,50.65,37.63,1027,542,103637.4,92.7,65.7,110.4,3.35,5.67,20.59,60.24,64.45,DC,103,0.00952,0.00484,2125,87.4,76.97,364.7,876,High
EV000248,2026-01-17 21:20:00,406.79,-197.3,-80.26,77.67,41.97,31.93,129,75,15490.1,30.8,53.0,89.9,0.43,5.53,13.1,47.67,46.66,DC,163,0.00578,0.00298,379,35.1,97.28,430.3,2023,Low
EV000006,2026-01-17 21:25:00,386.54,-13.73,-5.31,82.51,15.0,-4.12,1597,145,118394.1,139.6,32.3,65.2,2.64,2.85,17.2,30.85,22.5,AC,111,0.01106,0.00629,2237,72.5,77.0,304.6,950,High
EV000287,2026-01-17 21:30:00,360.8,-94.83,-34.21,23.36,48.58,33.02,494,266,5482.7,218.3,85.3,140.2,4.24,2.67,15.9,65.72,61.43,AC,143,0.00721,0.00407,198,20.8,90.14,106.7,1692,Low
EV000281,2026-01-17 21:35:00,333.82,195.49,65.26,71.46,15.0,-6.31,1077,477,177308.9,150.1,102.4,149.4,0.75,1.69,22.33,27.29,27.86,AC,101,0.01031,0.00495,2953,46.9,76.82,234.6,1004,High
EV000293,2026-01-17 21:40:00,409.17,32.94,13.48,94.79,24.96,10.93,162,19,148172.6,10.9,92.1,102.4,1.16,7.04,24.39,30.78,39.75,DC,85,0.00325,0.00338,3272,63.9,94.11,517.0,1840,Low
EV000023,2026-01-17 21:45:00,389.0,189.82,73.84,38.79,55.88,41.43,663,312,144273.3,198.9,112.5,132.0,1.66,7.9,12.48,62.13,67.01,DC,19,0.00807,0.00442,2280,86.3,83.09,157.4,1233,Medium
EV000020,2026-01-17 21:50:00,349.2,-178.27,-62.25,7.0,17.93,6.98,953,91,119454.8,169.6,48.0,79.8,4.39,4.92,17.36,29.68,30.63,AC,88,0.00585,0.00433,2433,39.4,83.35,40.0,1282,Medium
EV000219,2026-01-17 21:55:00,401.47,209.77,84.21,90.67,43.64,26.61,623,108,47704.0,100.0,104.4,135.3,2.76,2.72,15.99,56.43,50.68,DC,146,0.00687,0.00451,660,78.0,90.2,439.0,1711,Low
EV000267,2026-01-17 22:00:00,323.51,-90.23,-29.19,59.4,15.0,-6.87,1726,328,92772.2,220.7,34.5,76.4,2.61,7.45,16.67,24.74,26.02,DC,47,0.00969,0.00654,2050,68.9,73.3,248.6,806,High
EV000088,2026-01-17 22:05:00,363.57,164.33,59.74,59.36,15.0,-8.07,1018,450,79475.0,187.3,46.3,70.3,2.33,7.21,16.65,27.37,26.66,AC,159,0.00684,0.00605,2289,73.9,79.09,226.4,1074,High
EV000135,2026-01-17 22:10:00,376.69,197.7,74.47,43.8,24.86,8.84,916,340,57769.1,182.9,19.2,38.1,3.44,1.32,13.41,44.72,28.54,AC,102,0.00894,0.00536,761,53.5,84.86,171.5,1370,Medium
EV000234,2026-01-17 22:15:00,359.87,-208.24,-74.94,76.08,28.41,17.48,1488,244,22094.2,96.6,66.6,99.2,4.13,3.28,13.45,48.25,40.44,AC,52,0.0087,0.00574,423,28.4,78.38,319.2,1077,High
EV000046,2026-01-17 22:20:00,346.97,-106.53,-36.96,42.67,15.0,8.25,1233,726,51876.5,155.3,50.1,109.3,0.58,7.33,21.74,33.39,21.52,AC,159,0.00963,0.00567,1444,86.5,76.58,188.0,930,High
EV000215,2026-01-17 22:25:00,373.57,-79.21,-29.59,13.78,26.55,11.14,928,171,44470.5,70.7,60.3,103.7,2.65,7.96,19.42,35.3,39.93,AC,36,0.00936,0.00485,1169,91.7,84.76,64.3,1331,Medium
EV000133,2026-01-17 22:30:00,339.93,142.69,48.5,85.77,34.06,19.71,190,40,157204.3,165.7,22.2,67.4,2.02,3.6,24.08,51.85,48.82,AC,26,0.00656,0.00346,2412,33.2,93.19,375.3,1792,Low
EV000163,2026-01-17 22:35:00,355.08,-76.0,-26.99,57.1,36.73,32.41,130,15,37959.5,217.4,59.0,76.1,1.25,7.7,23.49,42.52,49.76,AC,160,0.00285,0.00368,1394,48.6,94.96,253.1,1995,Low
EV000204,2026-01-17 22:40:00,389.16,-83.37,-32.44,64.64,19.0,11.41,1605,664,76763.4,112.3,73.7,105.6,2.97,3.56,21.46,30.59,26.26,AC,84,0.01101,0.00696,1344,48.4,72.5,244.2,691,High
EV000224,2026-01-17 22:45:00,382.98,-217.33,-83.23,80.51,21.84,6.66,967,218,144516.5,218.0,114.3,155.2,0.24,4.17,24.3,40.73,28.92,AC,35,0.00895,0.00475,2580,74.1,83.03,263.7,1235,Medium
EV000038,2026-01-17 22:50:00,340.38,114.74,39.05,68.0,15.0,-0.1,302,10,34450.8,65.7,27.3,61.5,4.37,6.92,21.74,29.28,19.98,DC,132,0.00647,0.0033,710,44.9,94.85,265.2,1993,Low
EV000227,2026-01-17 22:55:00,370.59,148.12,54.89,17.99,15.0,-3.53,1247,483,156365.6,110.4,117.8,162.8,3.66,0.72,23.08,33.17,25.12,DC,24,0.00956,0.00616,1981,79.7,76.27,55.5,910,High
EV000276,2026-01-17 23:00:00,381.42,121.07,46.18,51.29,15.0,-0.56,284,143,133548.0,121.7,64.8,101.2,2.48,2.1,16.95,33.26,24.03,DC,36,0.00564,0.00332,3167,75.8,90.31,248.9,1663,Low
EV000223,2026-01-17 23:05:00,394.36,-51.68,-20.38,57.96,15.0,9.34,149,29,111868.3,102.5,71.7,95.6,4.19,4.35,24.56,22.11,18.32,DC,121,0.00435,0.00291,1616,43.9,94.33,291.8,1938,Low
EV000154,2026-01-17 23:10:00,326.58,-122.94,-40.15,76.65,47.94,32.25,440,222,3003.0,98.9,96.3,143.8,2.06,1.72,18.42,55.24,57.71,AC,66,0.00534,0.00402,116,57.8,91.62,336.8,1765,Low
EV000001,2026-01-17 23:15:00,325.02,-35.37,-11.5,65.11,17.37,2.92,1434,112,61970.2,131.3,95.0,149.1,0.44,4.87,16.42,23.3,28.83,AC,24,0.01155,0.00552,1493,74.3,78.72,199.0,986,High
EV000141,2026-01-17 23:20:00,401.75,98.75,39.67,75.51,25.09,21.83,198,103,173697.5,194.5,106.2,160.3,0.33,6.32,15.14,31.6,31.22,DC,124,0.00341,0.00332,3319,20.7,91.14,341.0,1739,Low
EV000136,2026-01-17 23:25:00,407.47,46.58,18.98,44.37,15.0,-0.83,1047,389,65464.9,176.9,94.5,145.9,0.69,7.39,14.43,23.18,27.66,DC,21,0.00625,0.00487,2369,62.0,79.57,156.1,1032,High
EV000289,2026-01-17 23:30:00,348.62,-209.71,-73.11,91.88,37.23,27.39,938,471,43707.4,163.4,16.5,36.2,4.5,2.23,24.35,54.94,45.13,DC,158,0.00829,0.0058,1529,70.5,80.8,312.5,1066,Medium
EV000008,2026-01-17 23:35:00,352.95,179.19,63.25,97.25,15.0,-9.92,1485,365,22725.9,27.6,66.0,115.9,1.42,4.52,13.44,33.2,20.03,DC,110,0.01125,0.00654,291,83.8,77.98,426.3,997,High
EV000150,2026-01-17 23:40:00,345.1,-128.94,-44.5,54.62,21.04,11.67,942,303,98809.7,98.9,51.9,81.8,2.04,2.74,16.91,29.64,30.26,AC,137,0.00819,0.00574,2796,34.3,81.33,175.7,1247,Medium
EV000087,2026-01-17 23:45:00,338.21,-89.15,-30.15,69.87,15.0,-5.03,834,217,9420.7,83.6,94.7,126.9,0.5,2.01,13.4,21.89,23.57,AC,147,0.00643,0.0045,146,83.2,87.45,259.4,1548,Medium
EV000218,2026-01-17 23:50:00,393.04,19.71,7.75,29.68,15.0,7.26,1785,1025,40351.2,196.3,68.1,90.3,4.4,1.86,17.69,26.46,24.68,DC,44,0.01267,0.00784,1889,24.9,65.01,99.4,242,High
EV000153,2026-01-17 23:55:00,388.72,190.68,74.12,93.54,15.0,2.11,243,126,214126.6,179.6,49.6,65.5,2.01,7.87,21.72,30.76,26.56,AC,54,0.00336,0.00274,2710,52.5,92.9,308.4,1742,Low
EV000237,2026-01-18 00:00:00,387.85,-108.71,-42.16,85.04,15.0,-0.51,1463,383,28670.5,10.7,70.7,115.8,3.31,0.74,13.94,27.54,26.19,AC,51,0.01017,0.00572,965,88.9,76.8,328.1,990,High
EV000208,2026-01-18 00:05:00,393.85,30.15,11.87,38.27,15.0,-0.28,1251,716,74635.4,235.5,75.0,125.0,3.05,7.18,18.03,27.09,27.8,AC,37,0.01064,0.00558,1147,80.6,75.96,133.8,817,High
EV000010,2026-01-18 00:10:00,340.88,-124.39,-42.4,84.12,47.46,33.67,170,10,141551.6,92.7,68.7,119.5,1.71,3.2,20.13,63.09,52.9,DC,61,0.00457,0.00314,1919,57.0,94.17,367.1,1852,Low
EV000289,2026-01-18 00:15:00,379.61,-86.51,-32.84,11.57,26.73,11.64,1324,88,132275.3,104.4,43.3,55.4,3.7,2.03,15.22,35.31,30.84,DC,89,0.00981,0.00553,1797,81.9,80.47,54.4,1140,Medium
EV000121,2026-01-18 00:20:00,368.01,125.37,46.14,81.54,41.03,32.09,1192,330,55783.3,57.9,37.2,48.8,1.15,6.06,14.04,60.11,47.3,AC,109,0.01007,0.00534,1978,37.2,79.38,372.4,1108,High
EV000011,2026-01-18 00:25:00,406.22,-205.99,-83.68,96.9,39.88,26.86,1236,616,135603.4,98.7,107.9,136.9,1.38,3.62,23.2,59.56,49.93,DC,117,0.00704,0.00553,2325,52.4,75.12,326.7,795,High
EV000231,2026-01-18 00:30:00,333.65,-78.58,-26.22,56.79,50.38,32.59,598,26,45409.6,122.1,82.5,129.5,1.43,6.99,23.68,62.0,62.35,DC,25,0.00462,0.00443,1706,55.4,88.82,254.6,1611,Medium
EV000127,2026-01-18 00:35:00,351.11,-121.0,-42.48,51.36,29.61,17.22,1281,29,245345.2,200.5,97.8,120.0,2.48,0.37,18.94,41.81,36.24,AC,146,0.00804,0.00484,3370,57.4,79.14,239.3,1021,High
EV000087,2026-01-18 00:40:00,407.94,-57.31,-23.38,91.72,30.29,20.22,1698,893,23968.8,45.3,100.8,122.6,0.61,1.45,16.54,43.12,44.3,AC,148,0.01217,0.00728,729,67.8,70.42,355.6,589,High
EV000296,2026-01-18 00:45:00,355.02,-158.46,-56.26,56.53,15.0,4.82,396,135,79514.9,98.7,110.7,138.2,0.66,7.91,21.22,33.06,23.98,DC,87,0.00487,0.00437,2347,93.0,89.43,211.3,1600,Medium
EV000270,2026-01-18 00:50:00,356.87,-56.48,-20.16,71.76,25.43,21.57,892,37,42550.8,191.7,119.8,170.7,2.06,7.41,24.46,41.09,28.8,DC,128,0.00617,0.00408,846,87.9,86.52,334.7,1401,Medium
EV000102,2026-01-18 00:55:00,403.93,-160.41,-64.79,6.02,39.98,22.92,1502,646,123872.0,69.4,91.2,133.0,2.8,4.72,24.25,49.94,52.76,DC,19,0.00898,0.00663,2069,51.6,70.93,40.0,604,High
EV000126,2026-01-18 01:00:00,403.41,139.77,56.38,10.81,22.37,18.76,483,205,42321.1,181.8,34.9,89.1,3.25,7.44,22.15,40.52,34.6,DC,103,0.00724,0.00386,654,68.6,92.05,53.4,1798,Low
EV000058,2026-01-18 01:05:00,364.88,201.11,73.38,27.86,27.24,21.3,1661,34,108342.3,98.3,78.2,101.0,2.99,6.01,19.33,36.19,33.14,DC,154,0.01202,0.00557,1785,68.1,77.81,100.0,910,High
EV000061,2026-01-18 01:10:00,406.91,22.14,9.01,97.39,29.75,16.7,175,52,230374.2,37.9,99.4,122.1,3.46,4.29,22.3,42.12,43.81,AC,146,0.00505,0.00343,3327,20.2,92.05,386.4,1695,Low
EV000258,2026-01-18 01:15:00,325.13,9.24,3.0,11.69,22.83,16.93,232,32,125571.6,9.8,51.8,74.2,2.32,2.55,21.58,33.1,29.2,DC,161,0.0031,0.00345,2117,59.4,92.62,41.0,1757,Low
EV000002,2026-01-18 01:20:00,372.7,-69.84,-26.03,12.94,34.3,28.73,1001,342,200863.3,196.2,19.1,34.9,4.21,0.41,14.1,40.71,41.81,DC,93,0.0074,0.00521,2690,59.1,79.24,41.4,1091,High
EV000169,2026-01-18 01:25:00,374.64,-137.85,-51.64,21.88,24.72,16.07,1653,772,92659.4,155.8,106.7,130.3,0.39,7.21,16.94,30.19,36.07,AC,140,0.01256,0.00643,2290,67.0,68.73,70.8,452,High
EV000101,2026-01-18 01:30:00,358.64,-134.91,-48.38,69.68,23.06,18.49,273,159,74462.7,105.9,69.8,122.4,4.04,7.29,17.67,42.47,36.02,AC,55,0.00687,0.00281,1498,65.2,91.9,370.2,1826,Low
EV000140,2026-01-18 01:35:00,369.53,58.63,21.66,16.34,27.06,9.38,408,141,273362.2,71.5,48.9,99.9,3.93,3.59,18.12,38.65,30.3,AC,57,0.00433,0.00335,3586,52.8,87.45,82.5,1529,Medium
EV000233,2026-01-18 01:40:00,348.65,131.87,45.98,19.56,46.94,40.66,1521,815,80884.1,170.2,60.6,91.4,2.71,2.24,17.45,63.37,60.73,DC,142,0.01125,0.00717,1256,90.1,69.81,70.2,480,High
EV000066,2026-01-18 01:45:00,377.34,146.96,55.45,38.08,36.46,24.92,1550,545,21104.0,16.1,97.9,138.7,1.15,1.58,21.77,42.53,48.65,AC,83,0.01076,0.00726,739,51.5,74.0,149.2,729,High
EV000136,2026-01-18 01:50:00,395.06,-47.07,-18.59,33.13,30.23,18.43,60,36,61130.7,44.7,109.5,156.9,2.05,1.65,22.97,49.13,38.2,AC,120,0.00619,0.00328,1278,93.8,97.52,193.2,2141,Low
EV000107,2026-01-18 01:55:00,344.61,-70.68,-24.36,18.34,41.93,28.74,178,42,33380.2,235.0,77.7,118.3,1.4,6.1,13.07,49.58,47.07,DC,134,0.00557,0.00341,1644,93.7,93.0,91.5,1744,Low
EV000111,2026-01-18 02:00:00,400.61,160.32,64.23,36.9,44.28,35.45,43,26,69173.8,87.7,110.9,137.1,2.15,3.04,17.74,57.17,57.99,DC,159,0.0035,0.00213,1550,77.0,95.88,200.1,2048,Low
EV000065,2026-01-18 02:05:00,356.26,-149.84,-53.38,26.79,34.47,23.13,524,171,59677.4,228.5,70.3,121.1,1.55,6.77,24.24,51.26,41.95,AC,124,0.00526,0.00326,1202,29.9,90.45,121.2,1706,Low
EV000235,2026-01-18 02:10:00,371.35,-156.77,-58.22,17.83,54.94,41.6,1794,31,116334.3,112.9,88.5,132.7,2.08,3.78,20.34,65.13,66.1,AC,154,0.01173,0.00703,2197,37.9,73.12,74.8,758,High
EV000067,2026-01-18 02:15:00,386.46,-102.46,-39.6,94.9,56.95,41.7,1378,559,4415.0,188.4,36.1,87.9,2.28,3.39,15.74,64.5,69.12,AC,128,0.00945,0.00614,184,94.7,75.39,377.8,925,High
EV000023,2026-01-18 02:20:00,378.77,153.2,58.03,47.88,15.0,4.76,1417,603,71754.9,179.8,18.1,75.5,1.98,1.47,22.84,24.07,26.03,AC,70,0.0107,0.00692,1137,82.5,74.22,190.5,790,High
EV000103,2026-01-18 02:25:00,378.96,48.15,18.25,94.0,15.0,-2.02,636,23,14882.1,38.5,102.5,118.5,2.12,7.84,24.27,30.02,22.73,AC,150,0.00579,0.00338,219,38.3,91.01,397.9,1699,Low
EV000014,2026-01-18 02:30:00,322.35,-201.99,-65.11,85.17,39.18,35.54,1549,169,117723.0,63.2,58.8,98.1,1.8,1.35,17.87,44.32,54.02,AC,27,0.00898,0.00587,3615,45.9,74.55,231.8,739,High
EV000273,2026-01-18 02:35:00,349.55,56.6,19.79,17.41,39.3,34.67,1718,214,35501.2,116.9,76.6,136.0,4.13,1.13,14.98,57.18,47.19,AC,46,0.01265,0.00673,671,20.4,75.35,50.5,805,High
EV000128,2026-01-18 02:40:00,392.24,-171.24,-67.17,66.29,20.94,13.71,1211,621,86388.5,3.5,97.0,128.3,0.43,6.46,16.69,35.63,32.57,DC,139,0.00735,0.00633,1329,92.9,77.47,218.1,995,High
EV000297,2026-01-18 02:45:00,391.82,-46.16,-18.09,38.06,51.85,37.45,1679,587,165102.2,211.1,110.7,160.2,0.98,5.52,20.48,59.37,65.58,AC,75,0.01172,0.00626,2310,79.5,67.74,128.4,387,High
EV000200,2026-01-18 02:50:00,406.63,130.07,52.89,7.02,31.4,22.33,1184,302,45201.5,150.0,80.5,133.2,2.34,2.57,15.7,45.69,42.22,DC,168,0.01066,0.00596,2048,42.8,80.53,40.0,1191,Medium
EV000030,2026-01-18 02:55:00,375.73,-167.28,-62.85,36.9,15.0,-0.29,1357,463,180588.1,186.4,73.9,102.3,0.93,3.87,23.05,22.92,18.49,AC,104,0.01029,0.00653,2460,80.6,74.61,117.3,812,High
EV000142,2026-01-18 03:00:00,354.33,-98.47,-34.89,29.69,28.7,25.55,667,339,151528.5,131.7,58.6,96.4,2.0,1.89,16.81,37.25,36.15,DC,76,0.00838,0.00512,3187,58.8,83.54,139.2,1357,Medium
EV000001,2026-01-18 03:05:00,346.02,177.65,61.47,98.32,15.0,-1.1,105,43,107589.4,137.1,33.7,81.4,1.42,0.93,18.44,22.29,28.4,AC,99,0.00552,0.00238,1706,77.6,95.67,464.5,1964,Low
EV000138,2026-01-18 03:10:00,401.79,-50.89,-20.45,61.07,20.56,13.84,250,90,115976.0,188.4,66.9,91.5,2.38,3.32,20.15,38.78,35.56,DC,48,0.00337,0.00308,1868,78.8,92.73,217.5,1779,Low
EV000270,2026-01-18 03:15:00,362.71,-172.51,-62.57,8.69,20.66,9.24,843,434,36306.7,203.7,114.0,167.7,3.64,5.51,16.5,34.32,25.37,DC,52,0.00909,0.00442,459,53.7,85.98,40.0,1494,Medium
EV000031,2026-01-18 03:20:00,385.38,-196.02,-75.54,21.94,46.13,36.35,1147,31,138201.5,211.9,69.7,120.1,0.35,0.97,12.75,64.17,52.18,DC,113,0.00785,0.00523,2669,89.3,80.98,85.3,1229,Medium
EV000167,2026-01-18 03:25:00,361.77,-199.85,-72.3,62.79,51.17,39.39,1592,752,83238.7,159.8,30.8,60.1,1.89,6.8,22.68,56.33,61.77,AC,124,0.01028,0.00729,1582,73.2,70.04,164.4,480,High
EV000146,2026-01-18 03:30:00,400.3,119.25,47.74,31.74,23.57,15.2,186,108,8229.1,56.8,54.3,79.1,1.58,6.06,20.66,30.45,36.71,DC,21,0.00487,0.0032,205,49.7,97.07,135.0,1971,Low
EV000217,2026-01-18 03:35:00,359.59,16.75,6.02,88.9,26.79,13.7,1327,771,58651.3,138.9,119.3,168.0,1.8,2.01,22.67,35.29,36.46,DC,76,0.01124,0.00571,1438,40.2,74.54,303.8,874,High
EV000240,2026-01-18 03:40:00,331.46,188.29,62.41,97.4,33.22,24.93,459,157,12729.4,69.2,44.1,73.0,2.99,1.17,12.49,46.34,39.38,AC,111,0.00503,0.00443,594,45.3,90.59,433.9,1680,Low
EV000024,2026-01-18 03:45:00,369.17,-61.3,-22.63,49.35,50.35,37.53,175,50,23144.2,189.8,45.2,58.3,1.02,0.75,12.07,63.4,61.63,DC,158,0.0052,0.00306,299,83.8,95.42,261.4,2014,Low
EV000134,2026-01-18 03:50:00,396.5,-117.79,-46.7,87.61,15.0,2.85,1392,555,81648.4,8.5,82.0,98.0,2.98,7.86,12.3,34.18,19.98,AC,151,0.00913,0.00568,3626,92.1,71.85,374.0,573,High
EV000067,2026-01-18 03:55:00,340.03,-203.01,-69.03,49.21,45.0,38.02,1096,15,22507.3,177.6,59.4,96.7,1.36,6.58,12.92,52.59,54.26,DC,137,0.00858,0.00492,457,27.1,83.8,195.0,1312,Medium
EV000104,2026-01-18 04:00:00,366.49,216.44,79.32,24.58,40.57,25.76,1227,603,32091.8,201.2,65.5,89.8,2.18,4.0,22.04,60.02,45.38,DC,32,0.00989,0.00639,443,20.1,77.66,76.4,946,High
EV000112,2026-01-18 04:05:00,325.47,20.69,6.73,95.88,39.17,29.16,1142,641,57664.1,2.4,82.2,134.7,1.53,4.09,24.96,57.1,53.46,AC,103,0.0068,0.00632,1805,38.0,76.41,434.2,850,High
EV000215,2026-01-18 04:10:00,409.51,-212.85,-87.16,10.13,15.0,-2.86,97,57,19930.8,164.6,16.4,41.6,1.35,7.15,21.0,32.95,19.2,DC,114,0.0058,0.00362,558,42.6,98.17,49.0,2134,Low
EV000182,2026-01-18 04:15:00,376.78,168.58,63.52,35.15,15.0,-7.38,664,365,250079.0,22.6,53.5,77.4,3.41,2.67,24.3,33.96,23.44,AC,174,0.00563,0.00478,3333,27.6,82.86,138.3,1275,Medium
EV000272,2026-01-18 04:20:00,330.14,-43.71,-14.43,66.2,15.0,9.76,985,245,211225.8,108.2,69.3,100.9,3.11,5.75,13.15,21.8,28.15,AC,156,0.00798,0.00527,2792,88.3,80.62,250.5,1152,Medium
EV000112,2026-01-18 04:25:00,336.03,170.74,57.37,77.68,15.0,-2.69,1541,722,28719.5,189.1,49.8,98.0,3.62,6.3,13.93,24.2,28.47,DC,27,0.00928,0.00735,659,50.5,72.39,312.4,758,High
EV000010,2026-01-18 04:30:00,360.55,172.09,62.05,24.86,15.0,-2.06,120,21,43968.3,16.8,22.2,66.3,0.87,3.47,22.34,26.64,22.7,DC,162,0.00271,0.00295,570,31.7,96.57,110.0,1994,Low
EV000136,2026-01-18 04:35:00,404.03,-12.56,-5.07,95.3,33.96,23.18,888,328,27465.3,166.6,116.5,166.4,0.34,2.22,13.65,48.54,46.94,AC,71,0.00772,0.00487,1028,82.6,83.63,434.9,1325,Medium
EV000252,2026-01-18 04:40:00,351.32,-205.29,-72.12,10.76,37.16,24.93,1454,116,12539.5,207.5,55.7,85.7,3.56,2.15,16.74,48.29,40.28,AC,117,0.01086,0.00632,173,21.2,79.51,40.0,1061,High
EV000139,2026-01-18 04:45:00,409.42,56.93,23.31,49.7,53.82,38.57,541,65,98324.8,146.5,63.0,77.8,1.21,1.86,14.2,71.34,57.8,DC,87,0.00772,0.00435,1780,42.5,88.56,261.4,1535,Medium
EV000196,2026-01-18 04:50:00,329.06,96.04,31.6,24.21,18.67,2.78,1617,136,7911.9,188.6,80.0,136.5,1.96,2.36,22.11,33.84,29.27,AC,85,0.01068,0.0068,123,63.6,78.27,72.9,990,High
EV000139,2026-01-18 04:55:00,376.17,161.05,60.58,45.04,46.58,29.46,1114,189,223001.7,106.1,20.8,53.6,1.56,1.37,13.43,61.45,52.98,DC,154,0.00928,0.00534,2970,27.6,79.98,133.9,1029,High
EV000118,2026-01-18 05:00:00,330.67,-61.78,-20.43,40.62,15.47,6.82,1387,498,130242.7,62.4,83.3,125.6,0.87,2.97,15.52,27.3,22.76,AC,142,0.00834,0.00681,1642,35.9,75.05,107.8,761,High
EV000290,2026-01-18 05:05:00,408.67,-97.8,-39.97,63.89,38.79,33.59,1595,46,7657.3,5.4,60.8,86.4,3.53,2.22,14.94,54.57,47.4,AC,157,0.00913,0.00544,209,62.4,78.88,243.4,1000,High
EV000115,2026-01-18 05:10:00,381.55,-143.61,-54.8,52.31,37.88,33.29,335,106,26146.7,81.9,98.6,143.1,3.85,6.3,13.0,45.98,43.03,AC,44,0.0058,0.00384,746,57.9,93.88,186.7,1834,Low
EV000287,2026-01-18 05:15:00,360.11,61.58,22.17,92.85,15.0,-2.84,1586,201,27258.9,243.7,42.2,63.9,1.71,6.34,15.09,31.36,25.45,AC,46,0.01044,0.00626,397,26.3,79.36,291.0,1107,High
EV000095,2026-01-18 05:20:00,371.32,-78.17,-29.03,81.98,39.89,35.59,1419,561,44045.3,109.7,24.8,50.4,2.14,5.03,14.62,53.72,47.74,DC,24,0.01123,0.00577,1466,34.8,75.34,284.7,849,High
EV000215,2026-01-18 05:25:00,400.17,-34.71,-13.89,24.49,15.0,2.73,237,93,57070.7,21.4,20.4,57.7,4.44,2.72,20.25,33.49,18.86,AC,33,0.0052,0.00314,1797,47.2,92.93,134.4,1851,Low
EV000112,2026-01-18 05:30:00,345.3,-218.6,-75.48,17.58,15.0,9.69,914,267,13445.7,65.8,56.1,89.3,3.61,7.08,16.11,27.34,19.97,AC,77,0.00573,0.0046,248,52.9,86.81,71.2,1502,Medium
EV000019,2026-01-18 05:35:00,324.71,-79.99,-25.97,30.71,17.28,6.97,524,299,183027.7,86.3,16.6,35.0,3.25,4.58,23.61,37.06,31.24,DC,64,0.00677,0.00428,2816,75.2,86.1,94.0,1463,Medium
EV000203,2026-01-18 05:40:00,362.49,29.97,10.86,34.59,23.29,9.37,883,313,93169.8,206.8,56.2,102.3,4.06,5.9,19.08,34.08,28.08,AC,104,0.00641,0.00463,3466,75.2,81.7,157.5,1241,Medium
EV000096,2026-01-18 05:45:00,339.32,107.66,36.53,69.13,47.96,33.09,698,172,198626.4,150.1,60.4,72.3,3.1,0.24,20.77,65.23,53.31,AC,134,0.00645,0.00419,3096,30.2,83.53,331.6,1355,Medium
EV000228,2026-01-18 05:50:00,394.82,-174.19,-68.78,68.56,42.77,39.49,66,36,203902.9,58.8,80.4,105.7,1.79,5.02,19.89,57.38,50.51,DC,81,0.00491,0.00301,2878,31.5,94.47,239.9,1877,Low
EV000160,2026-01-18 05:55:00,404.86,-218.27,-88.37,38.36,18.82,9.19,91,7,91790.9,182.6,85.7,110.7,3.91,3.7,20.03,37.52,27.06,AC,82,0.0051,0.00306,3115,61.0,93.08,201.0,1810,Low
EV000141,2026-01-18 06:00:00,332.67,-209.74,-69.77,7.5,15.0,-8.47,1362,405,63647.7,101.7,111.3,123.6,2.32,6.63,21.17,23.01,29.78,DC,21,0.00964,0.00663,2463,61.7,76.75,40.0,884,High
EV000041,2026-01-18 06:05:00,332.8,180.13,59.95,42.6,15.0,-4.52,555,41,109933.1,108.8,107.0,154.5,4.04,0.29,24.94,27.79,26.22,DC,17,0.00583,0.00338,1804,53.5,90.22,197.2,1683,Low
EV000167,2026-01-18 06:10:00,359.0,-3.66,-1.31,36.58,28.32,16.46,1706,918,151183.7,217.3,78.1,114.0,2.53,6.89,24.52,47.68,40.23,DC,150,0.01267,0.00757,2796,76.2,65.21,127.9,296,High
EV000192,2026-01-18 06:15:00,405.53,189.22,76.73,38.58,29.04,20.37,437,104,203848.5,238.5,68.9,88.5,0.58,5.71,14.07,37.04,38.86,DC,176,0.00381,0.00439,3178,47.1,87.87,139.6,1572,Medium
EV000258,2026-01-18 06:20:00,407.48,-217.01,-88.43,54.13,15.0,-9.68,1379,587,42495.4,145.2,15.5,41.0,3.51,7.54,14.03,27.34,20.54,AC,118,0.00921,0.00693,1200,29.4,75.18,240.3,835,High
EV000169,2026-01-18 06:25:00,359.94,62.58,22.53,65.58,17.67,11.37,687,136,111405.0,87.8,91.4,142.4,2.61,5.73,23.93,32.47,26.22,AC,48,0.00663,0.00378,1463,42.0,88.91,231.6,1511,Medium
EV000101,2026-01-18 06:30:00,400.46,-22.81,-9.14,97.71,49.2,31.79,746,372,71709.4,137.0,25.7,68.6,3.61,4.13,24.58,59.91,56.03,AC,173,0.00643,0.00526,2650,22.2,81.61,476.9,1255,Medium
EV000150,2026-01-18 06:35:00,379.42,128.51,48.76,95.5,46.33,28.93,1705,1021,61080.6,138.9,59.4,90.8,2.83,6.68,22.84,54.17,58.01,DC,102,0.00936,0.00717,1177,72.0,67.21,377.7,374,High
EV000280,2026-01-18 06:40:00,361.74,49.33,17.84,65.61,15.0,-5.82,283,163,28592.7,201.9,24.5,61.6,4.01,2.48,20.62,25.58,23.47,DC,130,0.00692,0.00309,488,22.3,93.81,295.9,1811,Low
EV000197,2026-01-18 06:45:00,366.44,95.7,35.07,99.58,37.08,20.7,489,213,43906.0,33.5,17.6,33.9,2.78,4.46,23.76,53.21,51.94,AC,148,0.00728,0.00394,696,86.1,90.27,450.5,1616,Low
EV000019,2026-01-18 06:50:00,345.57,-186.62,-64.49,81.6,30.74,23.7,993,214,53530.6,120.8,73.9,98.6,0.89,6.05,20.8,47.25,39.79,AC,71,0.00655,0.00477,1876,62.0,84.23,313.9,1315,Medium
EV000088,2026-01-18 06:55:00,402.38,-121.52,-48.9,41.67,33.15,28.82,1496,798,51075.5,209.1,32.0,74.8,3.73,7.0,12.3,42.53,38.41,DC,26,0.00911,0.00703,1592,60.7,71.03,169.0,569,High
EV000156,2026-01-18 07:00:00,352.91,90.23,31.84,47.17,36.76,25.9,1207,136,6134.8,45.7,112.3,139.1,4.48,2.05,21.07,47.67,46.24,AC,50,0.01028,0.00534,211,59.6,82.72,139.5,1209,Medium
EV000266,2026-01-18 07:05:00,334.9,76.96,25.77,78.93,18.41,4.9,332,188,57716.1,159.6,113.6,134.3,3.03,1.38,12.88,30.91,28.94,DC,127,0.00717,0.004,2709,41.4,89.92,333.8,1588,Medium
EV000181,2026-01-18 07:10:00,385.37,64.31,24.78,19.29,42.47,35.82,938,115,75072.9,108.9,62.1,108.3,1.47,2.92,12.95,48.18,56.56,DC,17,0.00707,0.00484,987,83.1,84.46,63.9,1361,Medium
EV000086,2026-01-18 07:15:00,342.96,-141.9,-48.66,75.04,15.0,5.56,866,223,67971.8,44.7,98.6,119.0,4.46,1.11,22.63,22.56,23.59,AC,170,0.00811,0.00432,1006,80.9,86.53,303.9,1464,Medium
EV000147,2026-01-18 07:20:00,324.83,26.82,8.71,75.43,38.48,24.25,1052,317,242196.9,112.4,54.7,98.6,1.01,2.61,12.16,55.1,51.44,DC,100,0.00821,0.00462,3520,56.7,77.82,299.7,930,High
EV000150,2026-01-18 07:25:00,381.61,-171.67,-65.51,68.57,47.98,39.18,400,131,94108.5,145.4,107.0,154.5,0.34,7.26,24.63,65.12,54.08,DC,122,0.00565,0.00399,1401,67.2,89.64,229.0,1553,Medium
EV000067,2026-01-18 07:30:00,372.92,-178.6,-66.6,78.16,36.71,26.84,474,89,198919.1,148.1,69.9,108.3,4.42,2.18,22.75,46.02,44.68,AC,19,0.00623,0.00356,3443,38.1,87.76,358.4,1451,Medium
EV000148,2026-01-18 07:35:00,400.49,44.39,17.78,86.82,36.74,25.44,816,14,122608.9,158.1,94.9,149.4,0.78,4.91,23.15,45.79,45.42,DC,21,0.00917,0.00509,1593,29.1,86.94,308.5,1402,Medium
EV000165,2026-01-18 07:40:00,396.09,-211.16,-83.64,79.15,37.87,22.6,468,251,69756.4,164.2,53.2,70.0,1.39,3.51,19.22,50.63,46.54,DC,61,0.00457,0.00379,1120,42.9,88.44,302.8,1514,Medium
EV000183,2026-01-18 07:45:00,327.41,-3.48,-1.14,78.71,15.0,1.71,326,116,103912.9,159.5,16.3,52.3,0.87,5.27,15.15,26.59,29.87,DC,112,0.0053,0.00311,2486,87.6,90.38,324.1,1609,Low
EV000104,2026-01-18 07:50:00,346.52,38.41,13.31,49.74,32.97,27.42,1757,103,222020.0,234.6,52.3,83.2,1.62,5.9,23.46,48.07,37.76,DC,104,0.01036,0.00608,3371,82.4,73.25,207.7,656,High
EV000009,2026-01-18 07:55:00,384.93,-101.67,-39.14,33.72,15.0,3.67,1799,3,279363.5,121.5,20.2,47.3,0.9,7.94,21.9,27.5,21.08,DC,136,0.0121,0.00691,3520,42.8,74.04,114.0,838,High
EV000214,2026-01-18 08:00:00,360.2,44.8,16.14,34.88,22.19,12.94,603,342,112311.8,31.8,67.8,109.6,0.22,0.63,20.25,34.41,31.29,DC,84,0.00614,0.00475,3110,73.6,85.22,173.5,1393,Medium
EV000189,2026-01-18 08:05:00,404.27,208.38,84.24,29.23,15.0,-8.03,564,237,67761.4,161.5,65.5,91.3,3.52,7.09,21.18,28.29,22.7,AC,125,0.00502,0.00413,2159,37.4,88.43,135.7,1513,Medium
EV000117,2026-01-18 08:10:00,342.7,-206.78,-70.86,28.59,15.0,-7.63,1244,360,119924.7,141.1,45.9,81.4,2.51,2.8,12.06,32.13,22.4,AC,116,0.00711,0.00553,3029,88.4,75.94,99.2,926,High
EV000109,2026-01-18 08:15:00,384.8,-108.31,-41.68,12.78,17.05,6.14,1781,1041,72371.4,73.3,71.5,128.9,2.0,5.28,23.14,29.4,22.72,DC,131,0.0097,0.0074,2880,59.4,62.73,44.4,164,High
EV000235,2026-01-18 08:20:00,375.64,63.69,23.93,46.15,15.0,-3.52,1182,707,67636.0,197.6,117.8,172.9,0.75,5.2,14.86,23.29,21.01,DC,176,0.00803,0.00635,2089,74.3,76.1,125.7,893,High
EV000254,2026-01-18 08:25:00,405.6,62.22,25.24,62.53,56.51,40.69,475,44,81531.5,62.3,66.6,83.9,1.34,4.85,16.47,71.91,61.75,AC,140,0.00516,0.00368,2467,86.9,89.21,200.0,1605,Medium
EV000175,2026-01-18 08:30:00,368.2,-182.43,-67.17,83.49,45.9,28.21,750,39,150544.8,64.9,61.1,98.0,2.13,1.4,14.36,65.65,57.98,AC,33,0.00543,0.00488,2075,78.5,86.96,280.4,1412,Medium
EV000055,2026-01-18 08:35:00,393.72,-80.34,-31.63,31.81,26.14,10.33,126,72,48258.2,68.1,58.6,76.1,3.33,4.88,24.61,38.21,33.14,DC,65,0.00368,0.0029,2159,79.4,95.58,181.9,2032,Low
EV000037,2026-01-18 08:40:00,367.91,41.04,15.1,46.82,15.0,-0.79,320,174,189164.1,54.6,80.3,116.1,3.87,5.82,14.05,26.52,28.07,AC,93,0.00605,0.00335,2836,92.7,90.68,175.0,1692,Low
EV000179,2026-01-18 08:45:00,349.49,137.76,48.14,83.57,21.19,5.14,1424,126,87446.7,55.2,49.0,105.7,0.55,7.13,15.28,39.64,35.5,DC,119,0.01156,0.00515,2729,85.3,76.5,226.6,941,High
EV000241,2026-01-18 08:50:00,367.02,-192.02,-70.47,72.95,22.06,7.92,1704,810,44990.6,58.4,65.7,89.3,3.52,5.25,14.34,37.63,27.29,DC,148,0.01201,0.0068,895,77.9,70.48,285.4,654,High
EV000149,2026-01-18 08:55:00,399.32,-112.1,-44.76,19.97,15.0,8.41,53,15,73447.8,146.8,80.3,129.1,0.49,6.71,19.78,32.74,22.46,AC,33,0.00227,0.00241,2295,40.0,94.92,98.6,1949,Low
EV000258,2026-01-18 09:00:00,320.76,-185.37,-59.46,27.13,40.37,36.37,158,95,33506.1,52.3,16.1,29.6,0.22,4.01,17.46,55.16,50.7,DC,92,0.00485,0.00343,786,83.7,94.74,97.7,1990,Low
EV000175,2026-01-18 09:05:00,380.07,28.98,11.01,76.4,15.0,0.99,922,466,122800.7,25.4,111.3,136.6,1.51,0.01,21.95,29.21,21.27,AC,134,0.0064,0.00582,2810,57.4,79.78,275.6,1071,High
EV000208,2026-01-18 09:10:00,339.08,82.86,28.1,52.04,15.0,-5.73,1789,306,72091.1,93.8,69.0,110.9,1.19,0.08,22.4,34.59,18.49,AC,83,0.01241,0.00722,1657,37.8,72.96,171.9,703,High
EV000056,2026-01-18 09:15:00,337.16,-30.84,-10.4,97.47,15.0,-7.41,76,26,32546.0,6.5,26.1,67.8,3.74,7.85,13.24,29.47,25.15,AC,104,0.00508,0.00347,1323,92.9,95.8,447.6,1918,Low
EV000126,2026-01-18 09:20:00,407.26,111.39,45.36,16.02,52.58,36.02,623,363,73507.8,74.4,92.9,138.3,4.35,1.17,22.34,66.3,64.45,AC,110,0.00829,0.00474,2901,55.1,83.46,70.7,1250,Medium
EV000141,2026-01-18 09:25:00,381.2,115.84,44.16,65.93,15.37,-0.68,648,26,154725.5,59.5,49.6,68.2,2.13,4.25,12.77,22.8,28.16,AC,178,0.00748,0.00456,2710,57.5,89.03,216.5,1551,Medium
EV000193,2026-01-18 09:30:00,328.67,94.97,31.21,83.45,29.71,22.71,902,131,49874.7,176.5,44.4,91.9,0.9,5.72,19.25,43.89,42.34,DC,116,0.00625,0.00535,827,46.5,86.68,347.3,1525,Medium
EV000168,2026-01-18 09:35:00,340.52,43.03,14.65,87.38,19.89,16.15,288,118,191699.8,185.6,107.4,118.6,0.55,4.95,12.17,36.41,24.7,AC,114,0.00477,0.0033,2901,44.1,91.99,450.2,1737,Low
EV000232,2026-01-18 09:40:00,389.64,-61.46,-23.95,22.09,29.71,19.73,1631,297,83497.6,84.3,41.1,60.5,1.45,4.79,20.88,46.81,43.53,DC,101,0.00942,0.00668,1561,75.3,76.09,90.6,893,High
EV000155,2026-01-18 09:45:00,329.21,44.71,14.72,17.75,36.45,27.21,279,53,31388.3,222.1,93.0,122.6,1.72,0.0,20.16,46.94,42.82,DC,108,0.00551,0.0027,1552,73.0,92.2,94.5,1726,Low
EV000293,2026-01-18 09:50:00,333.59,-163.18,-54.44,49.63,15.0,-5.47,339,97,57531.3,199.4,64.0,111.4,2.78,2.0,22.28,22.15,25.21,AC,126,0.00561,0.0033,2666,94.7,90.07,191.6,1719,Low
EV000069,2026-01-18 09:55:00,389.5,32.63,12.71,36.81,15.0,-7.51,1023,284,55180.4,206.0,84.9,124.2,1.97,6.8,12.8,26.08,25.68,AC,136,0.00674,0.0056,1005,77.4,82.39,150.4,1228,Medium
EV000098,2026-01-18 10:00:00,381.06,-24.82,-9.46,46.72,15.0,7.52,547,169,171120.9,216.9,21.3,67.6,4.08,7.4,14.12,29.8,23.84,AC,18,0.00518,0.00404,2950,54.0,86.49,241.6,1531,Medium
EV000027,2026-01-18 10:05:00,381.8,46.81,17.87,27.91,25.95,12.81,1418,372,212965.8,151.5,85.7,123.8,4.29,1.62,13.92,32.58,31.63,AC,161,0.01156,0.00661,3483,83.2,73.12,76.1,694,High
EV000074,2026-01-18 10:10:00,406.65,188.97,76.85,59.52,15.0,0.22,1216,475,95647.0,77.0,31.4,83.5,0.49,6.82,14.65,20.06,19.98,DC,142,0.01002,0.00606,2199,45.6,77.55,218.6,987,High
EV000225,2026-01-18 10:15:00,363.99,-68.88,-25.07,90.99,48.46,41.43,800,456,24867.8,48.1,114.3,140.2,3.29,1.42,24.66,54.75,58.0,AC,59,0.00675,0.00454,823,39.8,83.22,283.2,1298,Medium
EV000178,2026-01-18 10:20:00,321.81,175.71,56.54,15.58,40.02,26.01,35,15,1629.8,77.0,86.2,132.1,1.28,0.81,22.77,51.76,47.45,DC,52,0.00313,0.00239,47,34.8,97.95,54.2,2104,Low
EV000052,2026-01-18 10:25:00,398.78,-120.97,-48.24,98.86,15.0,-1.13,85,37,85715.2,216.5,44.2,63.8,3.82,4.58,22.37,21.9,25.98,AC,49,0.00308,0.0034,1199,92.1,96.37,499.2,2017,Low
EV000258,2026-01-18 10:30:00,390.42,71.43,27.89,68.32,54.32,39.28,1586,924,30964.3,26.3,28.6,81.1,0.93,4.26,16.04,73.69,64.53,AC,85,0.01071,0.0074,1050,32.3,67.6,226.7,468,High
EV000065,2026-01-18 10:35:00,336.65,113.5,38.21,15.9,15.0,-8.53,1407,623,60057.1,230.3,100.4,158.6,3.71,6.52,21.71,32.26,28.45,DC,30,0.00961,0.00634,999,61.7,74.53,43.3,734,High
EV000268,2026-01-18 10:40:00,374.28,136.29,51.01,71.74,44.0,28.64,1245,338,22177.3,101.4,100.8,148.3,2.19,7.78,12.64,51.22,49.42,DC,16,0.01049,0.00571,313,53.9,81.18,323.7,1114,Medium
EV000139,2026-01-18 10:45:00,371.68,-142.87,-53.1,84.06,51.74,35.42,1315,175,106189.8,117.6,106.1,125.8,1.43,6.8,12.44,66.58,57.25,AC,176,0.00918,0.00625,1756,89.9,77.75,288.8,901,High
EV000215,2026-01-18 10:50:00,386.72,16.86,6.52,85.46,15.15,11.97,370,72,111218.1,35.7,110.0,160.6,0.46,5.81,13.92,23.31,26.21,AC,85,0.00371,0.00429,2686,72.7,89.82,339.0,1632,Medium
EV000194,2026-01-18 10:55:00,329.48,-70.73,-23.31,31.63,49.52,32.08,1333,556,202209.0,246.4,111.2,162.4,2.15,7.94,16.06,69.16,54.48,DC,17,0.01006,0.0064,2624,93.5,71.92,85.6,627,High
EV000040,2026-01-18 11:00:00,404.8,-197.26,-79.85,97.06,39.15,25.12,431,7,131830.8,128.9,31.0,42.4,2.96,2.71,19.29,50.6,46.93,AC,134,0.0047,0.00376,1770,22.9,91.65,491.9,1739,Low
EV000293,2026-01-18 11:05:00,331.5,15.35,5.09,81.99,32.1,18.52,387,225,54548.5,10.7,15.6,57.6,2.45,1.07,17.95,52.05,35.69,DC,22,0.0063,0.00422,2189,71.4,89.64,436.3,1605,Medium
EV000194,2026-01-18 11:10:00,360.75,-113.44,-40.93,80.17,33.95,22.9,159,77,36548.2,129.2,17.6,64.3,1.26,6.79,21.81,50.05,37.04,AC,27,0.00656,0.00326,530,46.0,95.78,453.2,2026,Low
EV000023,2026-01-18 11:15:00,357.53,-100.4,-35.89,5.5,36.42,27.83,1048,431,204210.4,206.7,23.5,74.7,1.68,1.31,12.45,49.59,45.11,AC,50,0.00886,0.0058,3047,46.1,76.89,40.0,908,High
EV000042,2026-01-18 11:20:00,359.13,206.06,74.0,30.4,18.16,1.75,92,10,10592.7,1.3,100.2,116.5,1.79,0.25,18.69,36.57,25.99,AC,167,0.00423,0.00271,457,68.3,97.85,131.8,2002,Low
EV000297,2026-01-18 11:25:00,379.0,102.95,39.02,75.08,15.0,-6.08,942,120,231183.1,60.3,85.9,101.3,4.16,5.49,20.36,24.97,23.79,AC,111,0.00738,0.00486,3133,59.7,83.87,254.3,1275,Medium
EV000123,2026-01-18 11:30:00,332.63,-100.75,-33.51,68.05,39.82,22.07,1029,393,58516.6,225.5,95.4,114.4,1.93,1.08,17.97,52.73,52.91,AC,17,0.00925,0.00558,895,84.3,81.64,254.1,1183,Medium
EV000140,2026-01-18 11:35:00,327.12,209.17,68.42,51.46,32.56,17.29,1288,480,123597.3,185.5,19.5,62.5,4.24,6.83,23.48,44.15,44.26,AC,51,0.00992,0.00618,3609,28.8,73.71,169.2,788,High
EV000031,2026-01-18 11:40:00,339.06,-103.15,-34.97,93.29,48.37,34.7,1461,116,137942.2,25.4,22.5,38.8,4.11,6.11,18.13,54.62,53.33,AC,43,0.00912,0.00611,1923,60.0,76.8,333.2,910,High
EV000046,2026-01-18 11:45:00,337.34,-68.04,-22.95,42.42,34.79,21.12,847,82,19544.5,89.5,32.1,49.0,3.21,2.13,24.62,54.03,46.85,AC,170,0.00651,0.00451,868,71.1,87.35,145.2,1530,Medium
EV000135,2026-01-18 11:50:00,393.66,-97.15,-38.24,80.52,41.11,36.3,479,86,18826.6,52.2,63.4,120.5,1.29,4.81,14.72,58.79,47.22,DC,60,0.00597,0.00418,862,62.1,91.5,311.6,1704,Low
EV000293,2026-01-18 11:55:00,389.39,11.88,4.63,35.58,52.68,39.25,181,39,54185.0,195.8,61.5,85.7,1.03,0.82,19.97,59.97,60.17,DC,140,0.00508,0.00308,2573,61.8,91.97,177.0,1713,Low
EV000118,2026-01-18 12:00:00,354.4,-116.56,-41.31,48.81,15.0,4.99,1674,233,124567.5,190.7,66.6,85.5,1.65,6.04,17.01,29.37,18.96,AC,32,0.00916,0.0071,2859,84.2,73.58,196.8,785,High
EV000289,2026-01-18 12:05:00,399.85,109.53,43.8,60.74,27.84,24.58,1500,820,70619.1,183.2,17.1,37.3,2.47,3.52,16.94,43.25,34.85,AC,159,0.01015,0.00752,1614,43.6,72.35,174.0,733,High
EV000009,2026-01-18 12:10:00,377.75,-54.68,-20.65,72.43,15.0,-7.95,1743,845,73390.8,26.1,108.9,162.9,0.28,1.71,19.26,28.09,27.36,DC,156,0.00956,0.00742,2979,47.1,65.22,176.5,212,High
EV000101,2026-01-18 12:15:00,382.13,-97.09,-37.1,78.93,17.39,8.89,485,51,8017.2,14.5,43.7,102.4,3.11,7.01,14.61,24.34,22.77,AC,97,0.00466,0.00311,206,56.9,92.91,267.4,1771,Low
EV000086,2026-01-18 12:20:00,402.73,83.43,33.6,22.34,18.48,13.16,360,195,13782.9,213.2,40.1,51.7,4.4,2.74,21.1,33.84,28.26,DC,88,0.00705,0.0033,489,70.6,92.4,78.2,1735,Low
EV000204,2026-01-18 12:25:00,334.63,-194.03,-64.93,61.72,50.92,41.81,861,112,127810.3,27.4,17.9,58.3,0.41,2.6,16.56,58.69,59.05,DC,105,0.0079,0.00448,3017,72.1,83.41,239.2,1238,Medium
EV000064,2026-01-18 12:30:00,352.52,213.85,75.39,39.73,24.95,20.35,1698,179,131438.8,12.8,48.3,84.3,3.71,1.22,24.1,34.87,36.27,DC,46,0.01246,0.00664,3219,33.1,72.66,143.4,677,High
EV000115,2026-01-18 12:35:00,335.1,-136.14,-45.62,93.03,15.0,-4.9,125,28,66762.2,151.0,79.7,129.2,4.1,5.34,23.9,23.59,28.88,AC,66,0.0058,0.00352,998,28.7,96.94,513.6,1965,Low
EV000126,2026-01-18 12:40:00,380.29,165.39,62.9,31.49,15.0,-9.85,311,151,27840.7,60.2,105.0,124.2,1.79,1.25,23.4,21.69,28.38,AC,166,0.00635,0.00364,508,54.4,94.07,175.6,1891,Low
EV000133,2026-01-18 12:45:00,375.48,8.74,3.28,79.29,34.04,18.3,1406,703,164478.2,169.0,75.1,88.6,3.49,1.99,13.24,46.94,40.68,AC,63,0.01021,0.00665,3356,34.5,69.83,320.4,467,High
EV000121,2026-01-18 12:50:00,385.68,89.0,34.33,23.32,44.32,26.7,916,61,100929.3,232.3,21.5,46.9,1.87,0.93,13.57,62.12,57.16,AC,176,0.00833,0.00407,1422,62.2,84.4,71.5,1289,Medium
EV000038,2026-01-18 12:55:00,348.82,195.91,68.34,28.12,15.0,-9.69,787,439,54097.5,20.6,104.9,159.6,2.77,3.31,18.0,23.52,18.23,DC,24,0.00563,0.00421,2483,63.3,82.08,86.8,1258,Medium
EV000170,2026-01-18 13:00:00,324.5,-83.66,-27.15,82.89,33.56,24.38,1278,513,31529.4,240.4,108.3,153.7,1.08,6.86,17.55,46.43,43.31,AC,69,0.00974,0.00549,624,62.4,77.52,368.0,951,High
EV000131,2026-01-18 13:05:00,320.38,122.08,39.11,57.5,15.0,-1.89,355,44,37266.7,3.2,48.2,89.5,3.61,5.11,15.76,29.6,26.44,AC,150,0.00542,0.0029,597,41.7,95.13,243.5,1963,Low
EV000103,2026-01-18 13:10:00,382.94,57.11,21.87,36.04,30.52,23.32,978,257,187841.3,228.8,66.2,101.7,1.14,4.04,24.62,46.34,44.77,AC,156,0.00939,0.00488,3490,52.1,81.2,146.4,1166,Medium
EV000177,2026-01-18 13:15:00,360.3,48.53,17.49,70.97,22.97,19.53,16,8,43219.8,158.5,73.1,98.0,4.46,2.81,16.98,41.31,28.36,DC,103,0.00303,0.00263,651,57.1,98.04,362.5,2132,Low
EV000120,2026-01-18 13:20:00,398.03,79.76,31.75,81.8,37.65,28.35,433,129,78682.8,173.8,115.7,167.4,4.28,5.5,21.55,43.69,41.39,AC,57,0.00482,0.00426,1244,30.3,89.97,349.4,1708,Medium
EV000273,2026-01-18 13:25:00,375.7,-188.88,-70.96,45.8,15.0,0.25,550,275,7054.9,32.3,33.1,90.5,3.42,1.72,14.6,20.21,21.98,AC,131,0.00464,0.00485,117,67.4,91.47,250.1,1767,Low
EV000133,2026-01-18 13:30:00,341.7,153.15,52.33,18.98,15.0,0.36,846,76,64857.2,242.9,105.3,147.9,0.45,0.46,24.1,31.3,28.42,DC,154,0.00625,0.00479,1589,75.9,86.18,96.6,1423,Medium
EV000220,2026-01-18 13:35:00,387.81,104.64,40.58,30.1,31.57,21.04,1000,95,167383.1,61.4,101.1,131.8,1.04,1.14,19.34,37.35,35.32,AC,75,0.00654,0.00463,2100,89.3,84.51,98.4,1382,Medium
EV000218,2026-01-18 13:40:00,398.66,165.87,66.12,84.41,18.28,10.73,1135,247,17941.9,131.3,64.4,98.2,2.98,6.81,12.36,31.65,23.07,DC,47,0.00744,0.00556,334,52.4,82.54,409.9,1305,Medium
EV000269,2026-01-18 13:45:00,321.61,-168.64,-54.24,38.61,15.0,1.44,1370,719,133279.2,163.9,102.3,128.3,3.42,6.79,15.73,33.32,24.06,AC,153,0.00993,0.00591,2907,68.8,72.55,123.1,680,High
EV000188,2026-01-18 13:50:00,337.78,-105.87,-35.76,65.99,26.13,19.42,1625,785,108446.2,37.7,36.3,82.0,1.57,5.65,23.86,45.03,35.22,DC,81,0.0122,0.0063,3033,86.5,68.52,186.1,460,High
EV000129,2026-01-18 13:55:00,358.87,17.71,6.36,26.28,16.73,9.46,644,250,153111.2,87.2,29.6,46.9,3.71,6.29,18.49,31.53,22.13,AC,62,0.00823,0.00487,2955,70.0,86.18,131.3,1418,Medium
EV000161,2026-01-18 14:00:00,341.41,202.54,69.15,15.54,50.3,36.94,1154,263,119937.1,113.8,106.0,165.8,4.12,5.4,22.24,64.42,58.2,AC,133,0.01008,0.00522,2066,91.2,77.89,45.2,991,High
EV000188,2026-01-18 14:05:00,368.0,103.79,38.19,98.38,50.65,41.71,17,6,27694.1,65.0,88.8,139.8,1.22,2.63,20.15,56.74,55.5,AC,166,0.00261,0.00298,370,44.4,97.71,519.7,2014,Low
EV000025,2026-01-18 14:10:00,335.51,88.03,29.54,93.44,18.05,11.33,252,22,89427.2,2.4,24.5,81.9,1.74,2.75,15.37,30.98,28.81,DC,134,0.00591,0.00357,1177,43.0,94.59,464.6,1926,Low
EV000206,2026-01-18 14:15:00,327.05,21.33,6.97,71.75,15.36,1.09,662,90,15093.6,150.3,85.2,103.1,2.58,1.99,21.07,26.99,22.45,AC,125,0.00568,0.00458,339,77.4,91.58,347.7,1700,Low
EV000036,2026-01-18 14:20:00,379.57,50.75,19.26,52.17,44.04,30.8,1186,236,38949.6,24.4,65.7,76.4,1.65,1.23,23.63,58.85,53.64,AC,96,0.00716,0.00504,1386,66.2,80.15,169.7,1083,Medium
EV000120,2026-01-18 14:25:00,408.56,-219.85,-89.82,54.64,15.0,-1.22,978,332,73689.5,49.4,46.9,99.3,0.31,4.63,20.86,33.82,28.65,AC,19,0.0075,0.00465,2585,49.6,81.71,172.7,1117,Medium
EV000043,2026-01-18 14:30:00,377.25,206.55,77.92,27.04,15.0,-3.04,229,113,74558.6,7.6,68.1,98.8,3.92,7.64,22.15,20.38,19.09,DC,84,0.00353,0.00337,962,88.1,94.5,98.6,1973,Low
EV000254,2026-01-18 14:35:00,400.24,40.68,16.28,78.19,53.1,35.13,1057,470,42868.2,88.5,22.1,53.1,2.12,2.94,12.7,59.69,65.8,AC,78,0.00663,0.00537,1339,45.5,79.52,247.7,1025,High
EV000242,2026-01-18 14:40:00,345.64,139.37,48.17,32.72,40.29,33.5,964,7,54125.4,119.3,28.4,73.5,2.77,5.1,19.18,46.42,44.76,AC,86,0.00689,0.00412,2701,34.5,83.0,117.1,1306,Medium
EV000102,2026-01-18 14:45:00,399.77,-85.06,-34.0,12.78,36.82,24.05,1469,222,103071.3,182.4,99.9,138.9,2.44,0.66,15.12,42.61,41.84,AC,97,0.0092,0.00545,1512,40.3,78.0,44.6,1051,High
EV000100,2026-01-18 14:50:00,340.57,60.26,20.52,93.73,42.58,33.23,633,311,40684.9,226.1,94.1,153.0,2.01,1.51,17.66,55.61,49.17,AC,177,0.00527,0.00383,882,43.2,86.13,312.2,1503,Medium
EV000075,2026-01-18 14:55:00,383.72,-202.46,-77.69,42.23,15.0,-4.15,76,19,108001.3,162.7,26.6,48.0,3.07,1.37,14.98,24.81,27.99,AC,57,0.00293,0.00241,3617,25.4,92.35,164.1,1796,Low
EV000078,2026-01-18 15:00:00,401.31,-43.41,-17.42,79.95,52.21,38.57,569,260,85280.8,45.0,100.0,126.9,0.79,4.98,24.13,70.88,62.37,DC,82,0.00796,0.00348,1751,88.3,86.09,295.0,1452,Medium
EV000008,2026-01-18 15:05:00,369.08,-42.13,-15.55,57.64,21.38,9.63,1290,672,95419.0,114.0,55.0,84.8,1.35,6.9,22.82,31.13,32.39,DC,78,0.00773,0.00629,3614,86.3,72.36,224.9,616,High
EV000218,2026-01-18 15:10:00,374.92,-69.07,-25.9,78.44,15.0,2.1,1751,871,210191.1,244.4,43.6,70.6,1.23,2.68,12.01,21.3,21.27,DC,134,0.01138,0.0067,2858,38.6,65.95,214.7,389,High
EV000170,2026-01-18 15:15:00,364.55,-99.99,-36.45,81.13,38.17,22.13,1661,349,150096.0,44.5,97.4,120.9,1.09,6.22,15.99,55.8,49.37,AC,142,0.01098,0.00602,2207,62.3,73.1,266.1,644,High
EV000095,2026-01-18 15:20:00,338.27,145.91,49.36,11.44,15.0,1.96,753,200,255050.7,59.5,88.5,115.7,2.56,0.01,19.82,24.55,27.44,AC,45,0.00737,0.00419,3242,22.8,85.06,47.8,1455,Medium
EV000144,2026-01-18 15:25:00,376.69,68.98,25.98,31.11,24.27,9.05,1737,458,50165.5,207.4,65.5,111.8,2.6,4.66,13.41,36.29,35.73,AC,42,0.00898,0.00665,810,56.2,73.66,134.1,808,High
EV000153,2026-01-18 15:30:00,398.41,-200.17,-79.75,7.23,48.36,36.59,913,525,82509.5,49.3,59.4,106.7,0.87,5.66,20.45,62.1,56.91,DC,27,0.00579,0.00458,2183,74.1,79.04,40.0,1117,High
EV000166,2026-01-18 15:35:00,335.02,-98.1,-32.87,89.49,27.36,17.56,629,289,1466.7,23.3,20.2,34.5,3.46,5.03,13.94,46.62,40.83,AC,87,0.00483,0.0046,55,52.0,89.13,345.4,1680,Medium
EV000205,2026-01-18 15:40:00,347.14,-206.56,-71.71,93.11,15.0,3.16,519,81,33975.7,52.3,70.9,84.5,4.09,4.48,15.57,26.96,26.37,DC,98,0.00408,0.00369,1191,88.1,90.61,347.6,1741,Low
EV000083,2026-01-18 15:45:00,367.71,207.78,76.4,62.12,15.0,-4.82,39,12,56228.9,56.9,53.1,86.6,3.36,4.19,15.31,22.17,21.85,DC,55,0.00566,0.00306,1291,63.7,96.34,349.6,1923,Low
EV000187,2026-01-18 15:50:00,384.48,-101.64,-39.08,48.02,50.1,35.78,804,346,43873.5,236.8,48.1,58.4,4.31,6.83,19.6,56.68,63.01,AC,64,0.00804,0.00448,1807,50.0,83.55,142.0,1300,Medium
EV000080,2026-01-18 15:55:00,388.68,182.24,70.83,40.48,52.12,34.95,1682,975,5393.1,194.0,94.7,142.4,4.43,1.42,17.59,60.7,57.57,DC,137,0.00944,0.00799,68,38.2,67.76,111.4,497,High
EV000148,2026-01-18 16:00:00,378.27,194.23,73.47,72.1,15.0,-2.47,1186,619,78749.6,13.9,76.4,97.7,3.27,0.04,17.01,29.68,19.97,AC,120,0.0105,0.00624,1012,36.8,79.12,265.3,1012,High
EV000218,2026-01-18 16:05:00,347.69,31.44,10.93,48.53,15.0,-4.55,716,270,82285.1,162.8,15.2,28.0,2.42,4.22,15.04,30.66,28.27,AC,167,0.00513,0.00525,2514,37.3,86.02,196.4,1456,Medium
EV000026,2026-01-18 16:10:00,395.99,184.88,73.21,68.95,51.95,35.69,1550,617,100103.0,32.8,38.5,97.0,0.71,7.34,16.86,70.13,59.73,AC,149,0.01071,0.0073,1734,37.8,70.54,246.1,548,High
EV000245,2026-01-18 16:15:00,344.22,112.34,38.67,94.29,41.87,25.54,451,106,60836.8,25.0,117.4,132.5,4.17,6.34,12.81,55.93,55.51,DC,114,0.00659,0.00441,907,52.4,91.8,482.8,1821,Low
EV000202,2026-01-18 16:20:00,371.12,-71.8,-26.65,62.2,49.96,32.07,142,30,159869.8,247.8,92.1,120.2,0.49,5.75,12.57,66.78,64.64,DC,121,0.00646,0.00262,3167,63.5,90.47,313.3,1629,Low
EV000256,2026-01-18 16:25:00,349.92,156.81,54.87,72.93,43.88,38.13,1527,206,75027.6,185.7,16.1,71.4,4.09,4.46,24.68,57.22,54.99,DC,139,0.0103,0.00546,1850,52.6,76.36,230.9,942,High
EV000097,2026-01-18 16:30:00,334.58,-29.95,-10.02,40.99,30.17,13.2,1620,886,52481.8,31.2,91.5,135.5,2.23,3.62,23.8,38.4,39.68,DC,88,0.01005,0.00637,1762,25.5,69.7,167.6,503,High
EV000240,2026-01-18 16:35:00,398.83,80.22,31.99,24.6,33.94,30.39,492,67,109937.2,111.2,85.2,98.7,0.44,2.89,19.34,50.62,43.48,AC,117,0.00687,0.00312,2156,42.0,88.78,110.4,1560,Medium
EV000260,2026-01-18 16:40:00,345.16,89.37,30.85,68.95,15.0,-1.36,1036,246,64221.9,15.9,99.5,123.6,0.47,6.21,23.1,22.93,19.76,AC,128,0.00674,0.005,1349,60.3,82.17,323.2,1147,Medium
EV000126,2026-01-18 16:45:00,351.63,71.79,25.24,14.52,43.67,26.62,1000,484,185228.7,17.3,49.1,71.2,3.52,5.78,13.76,52.06,47.45,DC,148,0.00755,0.00557,2539,52.6,79.45,64.8,1057,High
